weekly,segment,name,exchange,expiry,instrument_type,asset_symbol,underlying_symbol,instrument_key,lot_size,freeze_quantity,exchange_token,minimum_lot,tick_size,asset_type,underlying_type,trading_symbol,strike_price,qty_multiplier,isin,security_type,asset_key,underlying_key,mtf_enabled,mtf_bracket,short_name,last_trading_date,price_quote_unit,country,latency,start_time,end_time,week_days
0.0,NSE_FO,NIFTY,NSE,1782844199000.0,CE,NIFTY,NIFTY,NSE_FO|50973,65.0,1755.0,50973,65.0,5.0,INDEX,INDEX,NIFTY 27000 CE 30 JUN 26,27000.0,1.0,,,NSE_INDEX|Nifty 50,NSE_INDEX|Nifty 50,,,,,,,,,,
0.0,NSE_FO,NIFTY,NSE,1782844199000.0,PE,NIFTY,NIFTY,NSE_FO|50976,65.0,1755.0,50976,65.0,5.0,INDEX,INDEX,NIFTY 27000 PE 30 JUN 26,27000.0,1.0,,,NSE_INDEX|Nifty 50,NSE_INDEX|Nifty 50,,,,,,,,,,
0.0,NSE_FO,NIFTY,NSE,1798568999000.0,CE,NIFTY,NIFTY,NSE_FO|50978,65.0,1755.0,50978,65.0,5.0,INDEX,INDEX,NIFTY 27000 CE 29 DEC 26,27000.0,1.0,,,NSE_INDEX|Nifty 50,NSE_INDEX|Nifty 50,,,,,,,,,,
0.0,NSE_FO,NIFTY,NSE,1798568999000.0,PE,NIFTY,NIFTY,NSE_FO|50979,65.0,1755.0,50979,65.0,5.0,INDEX,INDEX,NIFTY 27000 PE 29 DEC 26,27000.0,1.0,,,NSE_INDEX|Nifty 50,NSE_INDEX|Nifty 50,,,,,,,,,,
0.0,NSE_FO,NIFTY,NSE,1814293799000.0,CE,NIFTY,NIFTY,NSE_FO|50981,65.0,1755.0,50981,65.0,5.0,INDEX,INDEX,NIFTY 27000 CE 29 JUN 27,27000.0,1.0,,,NSE_INDEX|Nifty 50,NSE_INDEX|Nifty 50,,,,,,,,,,
0.0,NSE_FO,NIFTY,NSE,1814293799000.0,PE,NIFTY,NIFTY,NSE_FO|50984,65.0,1755.0,50984,65.0,5.0,INDEX,INDEX,NIFTY 27000 PE 29 JUN 27,27000.0,1.0,,,NSE_INDEX|Nifty 50,NSE_INDEX|Nifty 50,,,,,,,,,,
1.0,NSE_FO,NIFTY,NSE,1781634599000.0,PE,NIFTY,NIFTY,NSE_FO|50730,65.0,1755.0,50730,65.0,5.0,INDEX,INDEX,NIFTY 25650 PE 16 JUN 26,25650.0,1.0,,,NSE_INDEX|Nifty 50,NSE_INDEX|Nifty 50,,,,,,,,,,
1.0,NSE_FO,NIFTY,NSE,1781634599000.0,CE,NIFTY,NIFTY,NSE_FO|50731,65.0,1755.0,50731,65.0,5.0,INDEX,INDEX,NIFTY 25700 CE 16 JUN 26,25700.0,1.0,,,NSE_INDEX|Nifty 50,NSE_INDEX|Nifty 50,,,,,,,,,,
1.0,NSE_FO,NIFTY,NSE,1781634599000.0,PE,NIFTY,NIFTY,NSE_FO|50733,65.0,1755.0,50733,65.0,5.0,INDEX,INDEX,NIFTY 25700 PE 16 JUN 26,25700.0,1.0,,,NSE_INDEX|Nifty 50,NSE_INDEX|Nifty 50,,,,,,,,,,
1.0,NSE_FO,NIFTY,NSE,1781634599000.0,CE,NIFTY,NIFTY,NSE_FO|50734,65.0,1755.0,50734,65.0,5.0,INDEX,INDEX,NIFTY 25750 CE 16 JUN 26,25750.0,1.0,,,NSE_INDEX|Nifty 50,NSE_INDEX|Nifty 50,,,,,,,,,,
1.0,NSE_FO,NIFTY,NSE,1781634599000.0,PE,NIFTY,NIFTY,NSE_FO|50736,65.0,1755.0,50736,65.0,5.0,INDEX,INDEX,NIFTY 25750 PE 16 JUN 26,25750.0,1.0,,,NSE_INDEX|Nifty 50,NSE_INDEX|Nifty 50,,,,,,,,,,
1.0,NSE_FO,NIFTY,NSE,1781634599000.0,CE,NIFTY,NIFTY,NSE_FO|50737,65.0,1755.0,50737,65.0,5.0,INDEX,INDEX,NIFTY 25800 CE 16 JUN 26,25800.0,1.0,,,NSE_INDEX|Nifty 50,NSE_INDEX|Nifty 50,,,,,,,,,,
1.0,NSE_FO,NIFTY,NSE,1781634599000.0,PE,NIFTY,NIFTY,NSE_FO|50738,65.0,1755.0,50738,65.0,5.0,INDEX,INDEX,NIFTY 25800 PE 16 JUN 26,25800.0,1.0,,,NSE_INDEX|Nifty 50,NSE_INDEX|Nifty 50,,,,,,,,,,
1.0,NSE_FO,NIFTY,NSE,1781634599000.0,CE,NIFTY,NIFTY,NSE_FO|50739,65.0,1755.0,50739,65.0,5.0,INDEX,INDEX,NIFTY 25850 CE 16 JUN 26,25850.0,1.0,,,NSE_INDEX|Nifty 50,NSE_INDEX|Nifty 50,,,,,,,,,,
1.0,NSE_FO,NIFTY,NSE,1781634599000.0,PE,NIFTY,NIFTY,NSE_FO|50720,65.0,1755.0,50720,65.0,5.0,INDEX,INDEX,NIFTY 25550 PE 16 JUN 26,25550.0,1.0,,,NSE_INDEX|Nifty 50,NSE_INDEX|Nifty 50,,,,,,,,,,
1.0,NSE_FO,NIFTY,NSE,1781634599000.0,CE,NIFTY,NIFTY,NSE_FO|50727,65.0,1755.0,50727,65.0,5.0,INDEX,INDEX,NIFTY 25600 CE 16 JUN 26,25600.0,1.0,,,NSE_INDEX|Nifty 50,NSE_INDEX|Nifty 50,,,,,,,,,,
1.0,NSE_FO,NIFTY,NSE,1781634599000.0,PE,NIFTY,NIFTY,NSE_FO|50728,65.0,1755.0,50728,65.0,5.0,INDEX,INDEX,NIFTY 25600 PE 16 JUN 26,25600.0,1.0,,,NSE_INDEX|Nifty 50,NSE_INDEX|Nifty 50,,,,,,,,,,
1.0,NSE_FO,NIFTY,NSE,1781634599000.0,CE,NIFTY,NIFTY,NSE_FO|50729,65.0,1755.0,50729,65.0,5.0,INDEX,INDEX,NIFTY 25650 CE 16 JUN 26,25650.0,1.0,,,NSE_INDEX|Nifty 50,NSE_INDEX|Nifty 50,,,,,,,,,,
1.0,NSE_FO,NIFTY,NSE,1781634599000.0,CE,NIFTY,NIFTY,NSE_FO|50750,65.0,1755.0,50750,65.0,5.0,INDEX,INDEX,NIFTY 26050 CE 16 JUN 26,26050.0,1.0,,,NSE_INDEX|Nifty 50,NSE_INDEX|Nifty 50,,,,,,,,,,
1.0,NSE_FO,NIFTY,NSE,1781634599000.0,PE,NIFTY,NIFTY,NSE_FO|50751,65.0,1755.0,50751,65.0,5.0,INDEX,INDEX,NIFTY 26050 PE 16 JUN 26,26050.0,1.0,,,NSE_INDEX|Nifty 50,NSE_INDEX|Nifty 50,,,,,,,,,,
1.0,NSE_FO,NIFTY,NSE,1781634599000.0,CE,NIFTY,NIFTY,NSE_FO|50754,65.0,1755.0,50754,65.0,5.0,INDEX,INDEX,NIFTY 26100 CE 16 JUN 26,26100.0,1.0,,,NSE_INDEX|Nifty 50,NSE_INDEX|Nifty 50,,,,,,,,,,
1.0,NSE_FO,NIFTY,NSE,1781634599000.0,PE,NIFTY,NIFTY,NSE_FO|50759,65.0,1755.0,50759,65.0,5.0,INDEX,INDEX,NIFTY 26100 PE 16 JUN 26,26100.0,1.0,,,NSE_INDEX|Nifty 50,NSE_INDEX|Nifty 50,,,,,,,,,,
1.0,NSE_FO,NIFTY,NSE,1781634599000.0,PE,NIFTY,NIFTY,NSE_FO|50740,65.0,1755.0,50740,65.0,5.0,INDEX,INDEX,NIFTY 25850 PE 16 JUN 26,25850.0,1.0,,,NSE_INDEX|Nifty 50,NSE_INDEX|Nifty 50,,,,,,,,,,
1.0,NSE_FO,NIFTY,NSE,1781634599000.0,CE,NIFTY,NIFTY,NSE_FO|50741,65.0,1755.0,50741,65.0,5.0,INDEX,INDEX,NIFTY 25900 CE 16 JUN 26,25900.0,1.0,,,NSE_INDEX|Nifty 50,NSE_INDEX|Nifty 50,,,,,,,,,,
1.0,NSE_FO,NIFTY,NSE,1781634599000.0,PE,NIFTY,NIFTY,NSE_FO|50742,65.0,1755.0,50742,65.0,5.0,INDEX,INDEX,NIFTY 25900 PE 16 JUN 26,25900.0,1.0,,,NSE_INDEX|Nifty 50,NSE_INDEX|Nifty 50,,,,,,,,,,
1.0,NSE_FO,NIFTY,NSE,1781634599000.0,CE,NIFTY,NIFTY,NSE_FO|50743,65.0,1755.0,50743,65.0,5.0,INDEX,INDEX,NIFTY 25950 CE 16 JUN 26,25950.0,1.0,,,NSE_INDEX|Nifty 50,NSE_INDEX|Nifty 50,,,,,,,,,,
1.0,NSE_FO,NIFTY,NSE,1781634599000.0,PE,NIFTY,NIFTY,NSE_FO|50744,65.0,1755.0,50744,65.0,5.0,INDEX,INDEX,NIFTY 25950 PE 16 JUN 26,25950.0,1.0,,,NSE_INDEX|Nifty 50,NSE_INDEX|Nifty 50,,,,,,,,,,
1.0,NSE_FO,NIFTY,NSE,1781634599000.0,CE,NIFTY,NIFTY,NSE_FO|50745,65.0,1755.0,50745,65.0,5.0,INDEX,INDEX,NIFTY 26000 CE 16 JUN 26,26000.0,1.0,,,NSE_INDEX|Nifty 50,NSE_INDEX|Nifty 50,,,,,,,,,,
1.0,NSE_FO,NIFTY,NSE,1781634599000.0,PE,NIFTY,NIFTY,NSE_FO|50746,65.0,1755.0,50746,65.0,5.0,INDEX,INDEX,NIFTY 26000 PE 16 JUN 26,26000.0,1.0,,,NSE_INDEX|Nifty 50,NSE_INDEX|Nifty 50,,,,,,,,,,
1.0,NSE_FO,NIFTY,NSE,1781634599000.0,CE,NIFTY,NIFTY,NSE_FO|50719,65.0,1755.0,50719,65.0,5.0,INDEX,INDEX,NIFTY 25550 CE 16 JUN 26,25550.0,1.0,,,NSE_INDEX|Nifty 50,NSE_INDEX|Nifty 50,,,,,,,,,,
1.0,NSE_FO,NIFTY,NSE,1781634599000.0,PE,NIFTY,NIFTY,NSE_FO|50710,65.0,1755.0,50710,65.0,5.0,INDEX,INDEX,NIFTY 25350 PE 16 JUN 26,25350.0,1.0,,,NSE_INDEX|Nifty 50,NSE_INDEX|Nifty 50,,,,,,,,,,
1.0,NSE_FO,NIFTY,NSE,1781634599000.0,CE,NIFTY,NIFTY,NSE_FO|50711,65.0,1755.0,50711,65.0,5.0,INDEX,INDEX,NIFTY 25400 CE 16 JUN 26,25400.0,1.0,,,NSE_INDEX|Nifty 50,NSE_INDEX|Nifty 50,,,,,,,,,,
1.0,NSE_FO,NIFTY,NSE,1781634599000.0,PE,NIFTY,NIFTY,NSE_FO|50712,65.0,1755.0,50712,65.0,5.0,INDEX,INDEX,NIFTY 25400 PE 16 JUN 26,25400.0,1.0,,,NSE_INDEX|Nifty 50,NSE_INDEX|Nifty 50,,,,,,,,,,
1.0,NSE_FO,NIFTY,NSE,1781634599000.0,CE,NIFTY,NIFTY,NSE_FO|50714,65.0,1755.0,50714,65.0,5.0,INDEX,INDEX,NIFTY 25450 CE 16 JUN 26,25450.0,1.0,,,NSE_INDEX|Nifty 50,NSE_INDEX|Nifty 50,,,,,,,,,,
1.0,NSE_FO,NIFTY,NSE,1781634599000.0,PE,NIFTY,NIFTY,NSE_FO|50715,65.0,1755.0,50715,65.0,5.0,INDEX,INDEX,NIFTY 25450 PE 16 JUN 26,25450.0,1.0,,,NSE_INDEX|Nifty 50,NSE_INDEX|Nifty 50,,,,,,,,,,
1.0,NSE_FO,NIFTY,NSE,1781634599000.0,CE,NIFTY,NIFTY,NSE_FO|50716,65.0,1755.0,50716,65.0,5.0,INDEX,INDEX,NIFTY 25500 CE 16 JUN 26,25500.0,1.0,,,NSE_INDEX|Nifty 50,NSE_INDEX|Nifty 50,,,,,,,,,,
1.0,NSE_FO,NIFTY,NSE,1781634599000.0,PE,NIFTY,NIFTY,NSE_FO|50717,65.0,1755.0,50717,65.0,5.0,INDEX,INDEX,NIFTY 25500 PE 16 JUN 26,25500.0,1.0,,,NSE_INDEX|Nifty 50,NSE_INDEX|Nifty 50,,,,,,,,,,
1.0,NSE_FO,NIFTY,NSE,1781634599000.0,CE,NIFTY,NIFTY,NSE_FO|50708,65.0,1755.0,50708,65.0,5.0,INDEX,INDEX,NIFTY 25350 CE 16 JUN 26,25350.0,1.0,,,NSE_INDEX|Nifty 50,NSE_INDEX|Nifty 50,,,,,,,,,,
1.0,NSE_FO,NIFTY,NSE,1781634599000.0,CE,NIFTY,NIFTY,NSE_FO|50700,65.0,1755.0,50700,65.0,5.0,INDEX,INDEX,NIFTY 25200 CE 16 JUN 26,25200.0,1.0,,,NSE_INDEX|Nifty 50,NSE_INDEX|Nifty 50,,,,,,,,,,
1.0,NSE_FO,NIFTY,NSE,1781634599000.0,PE,NIFTY,NIFTY,NSE_FO|50703,65.0,1755.0,50703,65.0,5.0,INDEX,INDEX,NIFTY 25200 PE 16 JUN 26,25200.0,1.0,,,NSE_INDEX|Nifty 50,NSE_INDEX|Nifty 50,,,,,,,,,,
1.0,NSE_FO,NIFTY,NSE,1781634599000.0,CE,NIFTY,NIFTY,NSE_FO|50704,65.0,1755.0,50704,65.0,5.0,INDEX,INDEX,NIFTY 25250 CE 16 JUN 26,25250.0,1.0,,,NSE_INDEX|Nifty 50,NSE_INDEX|Nifty 50,,,,,,,,,,
1.0,NSE_FO,NIFTY,NSE,1781634599000.0,PE,NIFTY,NIFTY,NSE_FO|50705,65.0,1755.0,50705,65.0,5.0,INDEX,INDEX,NIFTY 25250 PE 16 JUN 26,25250.0,1.0,,,NSE_INDEX|Nifty 50,NSE_INDEX|Nifty 50,,,,,,,,,,
1.0,NSE_FO,NIFTY,NSE,1781634599000.0,CE,NIFTY,NIFTY,NSE_FO|50706,65.0,1755.0,50706,65.0,5.0,INDEX,INDEX,NIFTY 25300 CE 16 JUN 26,25300.0,1.0,,,NSE_INDEX|Nifty 50,NSE_INDEX|Nifty 50,,,,,,,,,,
1.0,NSE_FO,NIFTY,NSE,1781634599000.0,PE,NIFTY,NIFTY,NSE_FO|50707,65.0,1755.0,50707,65.0,5.0,INDEX,INDEX,NIFTY 25300 PE 16 JUN 26,25300.0,1.0,,,NSE_INDEX|Nifty 50,NSE_INDEX|Nifty 50,,,,,,,,,,
1.0,NSE_FO,NIFTY,NSE,1781634599000.0,PE,NIFTY,NIFTY,NSE_FO|50610,65.0,1755.0,50610,65.0,5.0,INDEX,INDEX,NIFTY 23850 PE 16 JUN 26,23850.0,1.0,,,NSE_INDEX|Nifty 50,NSE_INDEX|Nifty 50,,,,,,,,,,
1.0,NSE_FO,NIFTY,NSE,1781634599000.0,CE,NIFTY,NIFTY,NSE_FO|50611,65.0,1755.0,50611,65.0,5.0,INDEX,INDEX,NIFTY 23900 CE 16 JUN 26,23900.0,1.0,,,NSE_INDEX|Nifty 50,NSE_INDEX|Nifty 50,,,,,,,,,,
1.0,NSE_FO,NIFTY,NSE,1781634599000.0,PE,NIFTY,NIFTY,NSE_FO|50612,65.0,1755.0,50612,65.0,5.0,INDEX,INDEX,NIFTY 23900 PE 16 JUN 26,23900.0,1.0,,,NSE_INDEX|Nifty 50,NSE_INDEX|Nifty 50,,,,,,,,,,
1.0,NSE_FO,NIFTY,NSE,1781634599000.0,CE,NIFTY,NIFTY,NSE_FO|50613,65.0,1755.0,50613,65.0,5.0,INDEX,INDEX,NIFTY 23950 CE 16 JUN 26,23950.0,1.0,,,NSE_INDEX|Nifty 50,NSE_INDEX|Nifty 50,,,,,,,,,,
1.0,NSE_FO,NIFTY,NSE,1781634599000.0,PE,NIFTY,NIFTY,NSE_FO|50614,65.0,1755.0,50614,65.0,5.0,INDEX,INDEX,NIFTY 23950 PE 16 JUN 26,23950.0,1.0,,,NSE_INDEX|Nifty 50,NSE_INDEX|Nifty 50,,,,,,,,,,
1.0,NSE_FO,NIFTY,NSE,1781634599000.0,CE,NIFTY,NIFTY,NSE_FO|50615,65.0,1755.0,50615,65.0,5.0,INDEX,INDEX,NIFTY 24000 CE 16 JUN 26,24000.0,1.0,,,NSE_INDEX|Nifty 50,NSE_INDEX|Nifty 50,,,,,,,,,,
1.0,NSE_FO,NIFTY,NSE,1781634599000.0,PE,NIFTY,NIFTY,NSE_FO|50616,65.0,1755.0,50616,65.0,5.0,INDEX,INDEX,NIFTY 24000 PE 16 JUN 26,24000.0,1.0,,,NSE_INDEX|Nifty 50,NSE_INDEX|Nifty 50,,,,,,,,,,
1.0,NSE_FO,NIFTY,NSE,1781634599000.0,CE,NIFTY,NIFTY,NSE_FO|50617,65.0,1755.0,50617,65.0,5.0,INDEX,INDEX,NIFTY 24050 CE 16 JUN 26,24050.0,1.0,,,NSE_INDEX|Nifty 50,NSE_INDEX|Nifty 50,,,,,,,,,,
1.0,NSE_FO,NIFTY,NSE,1781634599000.0,PE,NIFTY,NIFTY,NSE_FO|50618,65.0,1755.0,50618,65.0,5.0,INDEX,INDEX,NIFTY 24050 PE 16 JUN 26,24050.0,1.0,,,NSE_INDEX|Nifty 50,NSE_INDEX|Nifty 50,,,,,,,,,,
1.0,NSE_FO,NIFTY,NSE,1781634599000.0,CE,NIFTY,NIFTY,NSE_FO|50619,65.0,1755.0,50619,65.0,5.0,INDEX,INDEX,NIFTY 24100 CE 16 JUN 26,24100.0,1.0,,,NSE_INDEX|Nifty 50,NSE_INDEX|Nifty 50,,,,,,,,,,
1.0,NSE_FO,NIFTY,NSE,1781634599000.0,CE,NIFTY,NIFTY,NSE_FO|50609,65.0,1755.0,50609,65.0,5.0,INDEX,INDEX,NIFTY 23850 CE 16 JUN 26,23850.0,1.0,,,NSE_INDEX|Nifty 50,NSE_INDEX|Nifty 50,,,,,,,,,,
1.0,NSE_FO,NIFTY,NSE,1781634599000.0,CE,NIFTY,NIFTY,NSE_FO|50601,65.0,1755.0,50601,65.0,5.0,INDEX,INDEX,NIFTY 23650 CE 16 JUN 26,23650.0,1.0,,,NSE_INDEX|Nifty 50,NSE_INDEX|Nifty 50,,,,,,,,,,
1.0,NSE_FO,NIFTY,NSE,1781634599000.0,PE,NIFTY,NIFTY,NSE_FO|50602,65.0,1755.0,50602,65.0,5.0,INDEX,INDEX,NIFTY 23650 PE 16 JUN 26,23650.0,1.0,,,NSE_INDEX|Nifty 50,NSE_INDEX|Nifty 50,,,,,,,,,,
1.0,NSE_FO,NIFTY,NSE,1781634599000.0,CE,NIFTY,NIFTY,NSE_FO|50603,65.0,1755.0,50603,65.0,5.0,INDEX,INDEX,NIFTY 23700 CE 16 JUN 26,23700.0,1.0,,,NSE_INDEX|Nifty 50,NSE_INDEX|Nifty 50,,,,,,,,,,
1.0,NSE_FO,NIFTY,NSE,1781634599000.0,PE,NIFTY,NIFTY,NSE_FO|50604,65.0,1755.0,50604,65.0,5.0,INDEX,INDEX,NIFTY 23700 PE 16 JUN 26,23700.0,1.0,,,NSE_INDEX|Nifty 50,NSE_INDEX|Nifty 50,,,,,,,,,,
1.0,NSE_FO,NIFTY,NSE,1781634599000.0,CE,NIFTY,NIFTY,NSE_FO|50605,65.0,1755.0,50605,65.0,5.0,INDEX,INDEX,NIFTY 23750 CE 16 JUN 26,23750.0,1.0,,,NSE_INDEX|Nifty 50,NSE_INDEX|Nifty 50,,,,,,,,,,
1.0,NSE_FO,NIFTY,NSE,1781634599000.0,PE,NIFTY,NIFTY,NSE_FO|50606,65.0,1755.0,50606,65.0,5.0,INDEX,INDEX,NIFTY 23750 PE 16 JUN 26,23750.0,1.0,,,NSE_INDEX|Nifty 50,NSE_INDEX|Nifty 50,,,,,,,,,,
1.0,NSE_FO,NIFTY,NSE,1781634599000.0,CE,NIFTY,NIFTY,NSE_FO|50607,65.0,1755.0,50607,65.0,5.0,INDEX,INDEX,NIFTY 23800 CE 16 JUN 26,23800.0,1.0,,,NSE_INDEX|Nifty 50,NSE_INDEX|Nifty 50,,,,,,,,,,
1.0,NSE_FO,NIFTY,NSE,1781634599000.0,PE,NIFTY,NIFTY,NSE_FO|50608,65.0,1755.0,50608,65.0,5.0,INDEX,INDEX,NIFTY 23800 PE 16 JUN 26,23800.0,1.0,,,NSE_INDEX|Nifty 50,NSE_INDEX|Nifty 50,,,,,,,,,,
1.0,NSE_FO,NIFTY,NSE,1781634599000.0,CE,NIFTY,NIFTY,NSE_FO|50637,65.0,1755.0,50637,65.0,5.0,INDEX,INDEX,NIFTY 24200 CE 16 JUN 26,24200.0,1.0,,,NSE_INDEX|Nifty 50,NSE_INDEX|Nifty 50,,,,,,,,,,
1.0,NSE_FO,NIFTY,NSE,1781634599000.0,PE,NIFTY,NIFTY,NSE_FO|50638,65.0,1755.0,50638,65.0,5.0,INDEX,INDEX,NIFTY 24200 PE 16 JUN 26,24200.0,1.0,,,NSE_INDEX|Nifty 50,NSE_INDEX|Nifty 50,,,,,,,,,,
1.0,NSE_FO,NIFTY,NSE,1781634599000.0,CE,NIFTY,NIFTY,NSE_FO|50639,65.0,1755.0,50639,65.0,5.0,INDEX,INDEX,NIFTY 24250 CE 16 JUN 26,24250.0,1.0,,,NSE_INDEX|Nifty 50,NSE_INDEX|Nifty 50,,,,,,,,,,
1.0,NSE_FO,NIFTY,NSE,1781634599000.0,PE,NIFTY,NIFTY,NSE_FO|50620,65.0,1755.0,50620,65.0,5.0,INDEX,INDEX,NIFTY 24100 PE 16 JUN 26,24100.0,1.0,,,NSE_INDEX|Nifty 50,NSE_INDEX|Nifty 50,,,,,,,,,,
1.0,NSE_FO,NIFTY,NSE,1781634599000.0,CE,NIFTY,NIFTY,NSE_FO|50621,65.0,1755.0,50621,65.0,5.0,INDEX,INDEX,NIFTY 24150 CE 16 JUN 26,24150.0,1.0,,,NSE_INDEX|Nifty 50,NSE_INDEX|Nifty 50,,,,,,,,,,
1.0,NSE_FO,NIFTY,NSE,1781634599000.0,PE,NIFTY,NIFTY,NSE_FO|50624,65.0,1755.0,50624,65.0,5.0,INDEX,INDEX,NIFTY 24150 PE 16 JUN 26,24150.0,1.0,,,NSE_INDEX|Nifty 50,NSE_INDEX|Nifty 50,,,,,,,,,,
1.0,NSE_FO,NIFTY,NSE,1781634599000.0,CE,NIFTY,NIFTY,NSE_FO|50693,65.0,1755.0,50693,65.0,5.0,INDEX,INDEX,NIFTY 25100 CE 16 JUN 26,25100.0,1.0,,,NSE_INDEX|Nifty 50,NSE_INDEX|Nifty 50,,,,,,,,,,
1.0,NSE_FO,NIFTY,NSE,1781634599000.0,PE,NIFTY,NIFTY,NSE_FO|50694,65.0,1755.0,50694,65.0,5.0,INDEX,INDEX,NIFTY 25100 PE 16 JUN 26,25100.0,1.0,,,NSE_INDEX|Nifty 50,NSE_INDEX|Nifty 50,,,,,,,,,,
1.0,NSE_FO,NIFTY,NSE,1781634599000.0,CE,NIFTY,NIFTY,NSE_FO|50695,65.0,1755.0,50695,65.0,5.0,INDEX,INDEX,NIFTY 25150 CE 16 JUN 26,25150.0,1.0,,,NSE_INDEX|Nifty 50,NSE_INDEX|Nifty 50,,,,,,,,,,
1.0,NSE_FO,NIFTY,NSE,1781634599000.0,PE,NIFTY,NIFTY,NSE_FO|50696,65.0,1755.0,50696,65.0,5.0,INDEX,INDEX,NIFTY 25150 PE 16 JUN 26,25150.0,1.0,,,NSE_INDEX|Nifty 50,NSE_INDEX|Nifty 50,,,,,,,,,,
1.0,NSE_FO,NIFTY,NSE,1781634599000.0,CE,NIFTY,NIFTY,NSE_FO|50690,65.0,1755.0,50690,65.0,5.0,INDEX,INDEX,NIFTY 25050 CE 16 JUN 26,25050.0,1.0,,,NSE_INDEX|Nifty 50,NSE_INDEX|Nifty 50,,,,,,,,,,
1.0,NSE_FO,NIFTY,NSE,1781634599000.0,PE,NIFTY,NIFTY,NSE_FO|50691,65.0,1755.0,50691,65.0,5.0,INDEX,INDEX,NIFTY 25050 PE 16 JUN 26,25050.0,1.0,,,NSE_INDEX|Nifty 50,NSE_INDEX|Nifty 50,,,,,,,,,,
1.0,NSE_FO,NIFTY,NSE,1781634599000.0,CE,NIFTY,NIFTY,NSE_FO|50681,65.0,1755.0,50681,65.0,5.0,INDEX,INDEX,NIFTY 24950 CE 16 JUN 26,24950.0,1.0,,,NSE_INDEX|Nifty 50,NSE_INDEX|Nifty 50,,,,,,,,,,
1.0,NSE_FO,NIFTY,NSE,1781634599000.0,PE,NIFTY,NIFTY,NSE_FO|50682,65.0,1755.0,50682,65.0,5.0,INDEX,INDEX,NIFTY 24950 PE 16 JUN 26,24950.0,1.0,,,NSE_INDEX|Nifty 50,NSE_INDEX|Nifty 50,,,,,,,,,,
1.0,NSE_FO,NIFTY,NSE,1781634599000.0,CE,NIFTY,NIFTY,NSE_FO|50684,65.0,1755.0,50684,65.0,5.0,INDEX,INDEX,NIFTY 25000 CE 16 JUN 26,25000.0,1.0,,,NSE_INDEX|Nifty 50,NSE_INDEX|Nifty 50,,,,,,,,,,
1.0,NSE_FO,NIFTY,NSE,1781634599000.0,PE,NIFTY,NIFTY,NSE_FO|50685,65.0,1755.0,50685,65.0,5.0,INDEX,INDEX,NIFTY 25000 PE 16 JUN 26,25000.0,1.0,,,NSE_INDEX|Nifty 50,NSE_INDEX|Nifty 50,,,,,,,,,,
1.0,NSE_FO,NIFTY,NSE,1781634599000.0,PE,NIFTY,NIFTY,NSE_FO|50650,65.0,1755.0,50650,65.0,5.0,INDEX,INDEX,NIFTY 24500 PE 16 JUN 26,24500.0,1.0,,,NSE_INDEX|Nifty 50,NSE_INDEX|Nifty 50,,,,,,,,,,
1.0,NSE_FO,NIFTY,NSE,1781634599000.0,CE,NIFTY,NIFTY,NSE_FO|50651,65.0,1755.0,50651,65.0,5.0,INDEX,INDEX,NIFTY 24550 CE 16 JUN 26,24550.0,1.0,,,NSE_INDEX|Nifty 50,NSE_INDEX|Nifty 50,,,,,,,,,,
1.0,NSE_FO,NIFTY,NSE,1781634599000.0,PE,NIFTY,NIFTY,NSE_FO|50652,65.0,1755.0,50652,65.0,5.0,INDEX,INDEX,NIFTY 24550 PE 16 JUN 26,24550.0,1.0,,,NSE_INDEX|Nifty 50,NSE_INDEX|Nifty 50,,,,,,,,,,
1.0,NSE_FO,NIFTY,NSE,1781634599000.0,CE,NIFTY,NIFTY,NSE_FO|50655,65.0,1755.0,50655,65.0,5.0,INDEX,INDEX,NIFTY 24600 CE 16 JUN 26,24600.0,1.0,,,NSE_INDEX|Nifty 50,NSE_INDEX|Nifty 50,,,,,,,,,,
1.0,NSE_FO,NIFTY,NSE,1781634599000.0,PE,NIFTY,NIFTY,NSE_FO|50656,65.0,1755.0,50656,65.0,5.0,INDEX,INDEX,NIFTY 24600 PE 16 JUN 26,24600.0,1.0,,,NSE_INDEX|Nifty 50,NSE_INDEX|Nifty 50,,,,,,,,,,
1.0,NSE_FO,NIFTY,NSE,1781634599000.0,CE,NIFTY,NIFTY,NSE_FO|50657,65.0,1755.0,50657,65.0,5.0,INDEX,INDEX,NIFTY 24650 CE 16 JUN 26,24650.0,1.0,,,NSE_INDEX|Nifty 50,NSE_INDEX|Nifty 50,,,,,,,,,,
1.0,NSE_FO,NIFTY,NSE,1781634599000.0,PE,NIFTY,NIFTY,NSE_FO|50658,65.0,1755.0,50658,65.0,5.0,INDEX,INDEX,NIFTY 24650 PE 16 JUN 26,24650.0,1.0,,,NSE_INDEX|Nifty 50,NSE_INDEX|Nifty 50,,,,,,,,,,
1.0,NSE_FO,NIFTY,NSE,1781634599000.0,CE,NIFTY,NIFTY,NSE_FO|50659,65.0,1755.0,50659,65.0,5.0,INDEX,INDEX,NIFTY 24700 CE 16 JUN 26,24700.0,1.0,,,NSE_INDEX|Nifty 50,NSE_INDEX|Nifty 50,,,,,,,,,,
1.0,NSE_FO,NIFTY,NSE,1781634599000.0,PE,NIFTY,NIFTY,NSE_FO|50640,65.0,1755.0,50640,65.0,5.0,INDEX,INDEX,NIFTY 24250 PE 16 JUN 26,24250.0,1.0,,,NSE_INDEX|Nifty 50,NSE_INDEX|Nifty 50,,,,,,,,,,
1.0,NSE_FO,NIFTY,NSE,1781634599000.0,CE,NIFTY,NIFTY,NSE_FO|50641,65.0,1755.0,50641,65.0,5.0,INDEX,INDEX,NIFTY 24300 CE 16 JUN 26,24300.0,1.0,,,NSE_INDEX|Nifty 50,NSE_INDEX|Nifty 50,,,,,,,,,,
1.0,NSE_FO,NIFTY,NSE,1781634599000.0,PE,NIFTY,NIFTY,NSE_FO|50642,65.0,1755.0,50642,65.0,5.0,INDEX,INDEX,NIFTY 24300 PE 16 JUN 26,24300.0,1.0,,,NSE_INDEX|Nifty 50,NSE_INDEX|Nifty 50,,,,,,,,,,
1.0,NSE_FO,NIFTY,NSE,1781634599000.0,CE,NIFTY,NIFTY,NSE_FO|50643,65.0,1755.0,50643,65.0,5.0,INDEX,INDEX,NIFTY 24350 CE 16 JUN 26,24350.0,1.0,,,NSE_INDEX|Nifty 50,NSE_INDEX|Nifty 50,,,,,,,,,,
1.0,NSE_FO,NIFTY,NSE,1781634599000.0,PE,NIFTY,NIFTY,NSE_FO|50644,65.0,1755.0,50644,65.0,5.0,INDEX,INDEX,NIFTY 24350 PE 16 JUN 26,24350.0,1.0,,,NSE_INDEX|Nifty 50,NSE_INDEX|Nifty 50,,,,,,,,,,
1.0,NSE_FO,NIFTY,NSE,1781634599000.0,CE,NIFTY,NIFTY,NSE_FO|50645,65.0,1755.0,50645,65.0,5.0,INDEX,INDEX,NIFTY 24400 CE 16 JUN 26,24400.0,1.0,,,NSE_INDEX|Nifty 50,NSE_INDEX|Nifty 50,,,,,,,,,,
1.0,NSE_FO,NIFTY,NSE,1781634599000.0,PE,NIFTY,NIFTY,NSE_FO|50646,65.0,1755.0,50646,65.0,5.0,INDEX,INDEX,NIFTY 24400 PE 16 JUN 26,24400.0,1.0,,,NSE_INDEX|Nifty 50,NSE_INDEX|Nifty 50,,,,,,,,,,
1.0,NSE_FO,NIFTY,NSE,1781634599000.0,CE,NIFTY,NIFTY,NSE_FO|50647,65.0,1755.0,50647,65.0,5.0,INDEX,INDEX,NIFTY 24450 CE 16 JUN 26,24450.0,1.0,,,NSE_INDEX|Nifty 50,NSE_INDEX|Nifty 50,,,,,,,,,,
1.0,NSE_FO,NIFTY,NSE,1781634599000.0,PE,NIFTY,NIFTY,NSE_FO|50648,65.0,1755.0,50648,65.0,5.0,INDEX,INDEX,NIFTY 24450 PE 16 JUN 26,24450.0,1.0,,,NSE_INDEX|Nifty 50,NSE_INDEX|Nifty 50,,,,,,,,,,
1.0,NSE_FO,NIFTY,NSE,1781634599000.0,CE,NIFTY,NIFTY,NSE_FO|50649,65.0,1755.0,50649,65.0,5.0,INDEX,INDEX,NIFTY 24500 CE 16 JUN 26,24500.0,1.0,,,NSE_INDEX|Nifty 50,NSE_INDEX|Nifty 50,,,,,,,,,,
1.0,NSE_FO,NIFTY,NSE,1781634599000.0,PE,NIFTY,NIFTY,NSE_FO|50680,65.0,1755.0,50680,65.0,5.0,INDEX,INDEX,NIFTY 24900 PE 16 JUN 26,24900.0,1.0,,,NSE_INDEX|Nifty 50,NSE_INDEX|Nifty 50,,,,,,,,,,
1.0,NSE_FO,NIFTY,NSE,1781634599000.0,PE,NIFTY,NIFTY,NSE_FO|50670,65.0,1755.0,50670,65.0,5.0,INDEX,INDEX,NIFTY 24800 PE 16 JUN 26,24800.0,1.0,,,NSE_INDEX|Nifty 50,NSE_INDEX|Nifty 50,,,,,,,,,,
1.0,NSE_FO,NIFTY,NSE,1781634599000.0,CE,NIFTY,NIFTY,NSE_FO|50674,65.0,1755.0,50674,65.0,5.0,INDEX,INDEX,NIFTY 24850 CE 16 JUN 26,24850.0,1.0,,,NSE_INDEX|Nifty 50,NSE_INDEX|Nifty 50,,,,,,,,,,
1.0,NSE_FO,NIFTY,NSE,1781634599000.0,PE,NIFTY,NIFTY,NSE_FO|50675,65.0,1755.0,50675,65.0,5.0,INDEX,INDEX,NIFTY 24850 PE 16 JUN 26,24850.0,1.0,,,NSE_INDEX|Nifty 50,NSE_INDEX|Nifty 50,,,,,,,,,,
1.0,NSE_FO,NIFTY,NSE,1781634599000.0,CE,NIFTY,NIFTY,NSE_FO|50679,65.0,1755.0,50679,65.0,5.0,INDEX,INDEX,NIFTY 24900 CE 16 JUN 26,24900.0,1.0,,,NSE_INDEX|Nifty 50,NSE_INDEX|Nifty 50,,,,,,,,,,
1.0,NSE_FO,NIFTY,NSE,1781634599000.0,PE,NIFTY,NIFTY,NSE_FO|50662,65.0,1755.0,50662,65.0,5.0,INDEX,INDEX,NIFTY 24700 PE 16 JUN 26,24700.0,1.0,,,NSE_INDEX|Nifty 50,NSE_INDEX|Nifty 50,,,,,,,,,,
1.0,NSE_FO,NIFTY,NSE,1781634599000.0,CE,NIFTY,NIFTY,NSE_FO|50667,65.0,1755.0,50667,65.0,5.0,INDEX,INDEX,NIFTY 24750 CE 16 JUN 26,24750.0,1.0,,,NSE_INDEX|Nifty 50,NSE_INDEX|Nifty 50,,,,,,,,,,
1.0,NSE_FO,NIFTY,NSE,1781634599000.0,PE,NIFTY,NIFTY,NSE_FO|50668,65.0,1755.0,50668,65.0,5.0,INDEX,INDEX,NIFTY 24750 PE 16 JUN 26,24750.0,1.0,,,NSE_INDEX|Nifty 50,NSE_INDEX|Nifty 50,,,,,,,,,,
1.0,NSE_FO,NIFTY,NSE,1781634599000.0,CE,NIFTY,NIFTY,NSE_FO|50669,65.0,1755.0,50669,65.0,5.0,INDEX,INDEX,NIFTY 24800 CE 16 JUN 26,24800.0,1.0,,,NSE_INDEX|Nifty 50,NSE_INDEX|Nifty 50,,,,,,,,,,
0.0,NSE_FO,NIFTY,NSE,1782844199000.0,PE,NIFTY,NIFTY,NSE_FO|79380,65.0,1755.0,79380,65.0,5.0,INDEX,INDEX,NIFTY 20300 PE 30 JUN 26,20300.0,1.0,,,NSE_INDEX|Nifty 50,NSE_INDEX|Nifty 50,,,,,,,,,,
0.0,NSE_FO,NIFTY,NSE,1782844199000.0,CE,NIFTY,NIFTY,NSE_FO|79381,65.0,1755.0,79381,65.0,5.0,INDEX,INDEX,NIFTY 20350 CE 30 JUN 26,20350.0,1.0,,,NSE_INDEX|Nifty 50,NSE_INDEX|Nifty 50,,,,,,,,,,
0.0,NSE_FO,NIFTY,NSE,1782844199000.0,PE,NIFTY,NIFTY,NSE_FO|79382,65.0,1755.0,79382,65.0,5.0,INDEX,INDEX,NIFTY 20350 PE 30 JUN 26,20350.0,1.0,,,NSE_INDEX|Nifty 50,NSE_INDEX|Nifty 50,,,,,,,,,,
0.0,NSE_FO,NIFTY,NSE,1782844199000.0,CE,NIFTY,NIFTY,NSE_FO|79383,65.0,1755.0,79383,65.0,5.0,INDEX,INDEX,NIFTY 20400 CE 30 JUN 26,20400.0,1.0,,,NSE_INDEX|Nifty 50,NSE_INDEX|Nifty 50,,,,,,,,,,
0.0,NSE_FO,NIFTY,NSE,1782844199000.0,PE,NIFTY,NIFTY,NSE_FO|79384,65.0,1755.0,79384,65.0,5.0,INDEX,INDEX,NIFTY 20400 PE 30 JUN 26,20400.0,1.0,,,NSE_INDEX|Nifty 50,NSE_INDEX|Nifty 50,,,,,,,,,,
0.0,NSE_FO,NIFTY,NSE,1782844199000.0,CE,NIFTY,NIFTY,NSE_FO|79385,65.0,1755.0,79385,65.0,5.0,INDEX,INDEX,NIFTY 20450 CE 30 JUN 26,20450.0,1.0,,,NSE_INDEX|Nifty 50,NSE_INDEX|Nifty 50,,,,,,,,,,
0.0,NSE_FO,NIFTY,NSE,1782844199000.0,PE,NIFTY,NIFTY,NSE_FO|79386,65.0,1755.0,79386,65.0,5.0,INDEX,INDEX,NIFTY 20450 PE 30 JUN 26,20450.0,1.0,,,NSE_INDEX|Nifty 50,NSE_INDEX|Nifty 50,,,,,,,,,,
0.0,NSE_FO,NIFTY,NSE,1782844199000.0,CE,NIFTY,NIFTY,NSE_FO|79387,65.0,1755.0,79387,65.0,5.0,INDEX,INDEX,NIFTY 20500 CE 30 JUN 26,20500.0,1.0,,,NSE_INDEX|Nifty 50,NSE_INDEX|Nifty 50,,,,,,,,,,
0.0,NSE_FO,NIFTY,NSE,1782844199000.0,PE,NIFTY,NIFTY,NSE_FO|79388,65.0,1755.0,79388,65.0,5.0,INDEX,INDEX,NIFTY 20500 PE 30 JUN 26,20500.0,1.0,,,NSE_INDEX|Nifty 50,NSE_INDEX|Nifty 50,,,,,,,,,,
0.0,NSE_FO,NIFTY,NSE,1782844199000.0,CE,NIFTY,NIFTY,NSE_FO|79397,65.0,1755.0,79397,65.0,5.0,INDEX,INDEX,NIFTY 20550 CE 30 JUN 26,20550.0,1.0,,,NSE_INDEX|Nifty 50,NSE_INDEX|Nifty 50,,,,,,,,,,
0.0,NSE_FO,NIFTY,NSE,1782844199000.0,PE,NIFTY,NIFTY,NSE_FO|79398,65.0,1755.0,79398,65.0,5.0,INDEX,INDEX,NIFTY 20550 PE 30 JUN 26,20550.0,1.0,,,NSE_INDEX|Nifty 50,NSE_INDEX|Nifty 50,,,,,,,,,,
0.0,NSE_FO,NIFTY,NSE,1782844199000.0,CE,NIFTY,NIFTY,NSE_FO|79373,65.0,1755.0,79373,65.0,5.0,INDEX,INDEX,NIFTY 20150 CE 30 JUN 26,20150.0,1.0,,,NSE_INDEX|Nifty 50,NSE_INDEX|Nifty 50,,,,,,,,,,
0.0,NSE_FO,NIFTY,NSE,1782844199000.0,PE,NIFTY,NIFTY,NSE_FO|79374,65.0,1755.0,79374,65.0,5.0,INDEX,INDEX,NIFTY 20150 PE 30 JUN 26,20150.0,1.0,,,NSE_INDEX|Nifty 50,NSE_INDEX|Nifty 50,,,,,,,,,,
0.0,NSE_FO,NIFTY,NSE,1782844199000.0,CE,NIFTY,NIFTY,NSE_FO|79375,65.0,1755.0,79375,65.0,5.0,INDEX,INDEX,NIFTY 20200 CE 30 JUN 26,20200.0,1.0,,,NSE_INDEX|Nifty 50,NSE_INDEX|Nifty 50,,,,,,,,,,
0.0,NSE_FO,NIFTY,NSE,1782844199000.0,PE,NIFTY,NIFTY,NSE_FO|79376,65.0,1755.0,79376,65.0,5.0,INDEX,INDEX,NIFTY 20200 PE 30 JUN 26,20200.0,1.0,,,NSE_INDEX|Nifty 50,NSE_INDEX|Nifty 50,,,,,,,,,,
0.0,NSE_FO,NIFTY,NSE,1782844199000.0,CE,NIFTY,NIFTY,NSE_FO|79377,65.0,1755.0,79377,65.0,5.0,INDEX,INDEX,NIFTY 20250 CE 30 JUN 26,20250.0,1.0,,,NSE_INDEX|Nifty 50,NSE_INDEX|Nifty 50,,,,,,,,,,
0.0,NSE_FO,NIFTY,NSE,1782844199000.0,PE,NIFTY,NIFTY,NSE_FO|79378,65.0,1755.0,79378,65.0,5.0,INDEX,INDEX,NIFTY 20250 PE 30 JUN 26,20250.0,1.0,,,NSE_INDEX|Nifty 50,NSE_INDEX|Nifty 50,,,,,,,,,,
0.0,NSE_FO,NIFTY,NSE,1782844199000.0,CE,NIFTY,NIFTY,NSE_FO|79379,65.0,1755.0,79379,65.0,5.0,INDEX,INDEX,NIFTY 20300 CE 30 JUN 26,20300.0,1.0,,,NSE_INDEX|Nifty 50,NSE_INDEX|Nifty 50,,,,,,,,,,
0.0,NSE_FO,NIFTY,NSE,1782844199000.0,CE,NIFTY,NIFTY,NSE_FO|79264,65.0,1755.0,79264,65.0,5.0,INDEX,INDEX,NIFTY 20100 CE 30 JUN 26,20100.0,1.0,,,NSE_INDEX|Nifty 50,NSE_INDEX|Nifty 50,,,,,,,,,,
0.0,NSE_FO,NIFTY,NSE,1782844199000.0,PE,NIFTY,NIFTY,NSE_FO|79265,65.0,1755.0,79265,65.0,5.0,INDEX,INDEX,NIFTY 20100 PE 30 JUN 26,20100.0,1.0,,,NSE_INDEX|Nifty 50,NSE_INDEX|Nifty 50,,,,,,,,,,
0.0,NSE_FO,NIFTY,NSE,1782844199000.0,CE,NIFTY,NIFTY,NSE_FO|79760,65.0,1755.0,79760,65.0,5.0,INDEX,INDEX,NIFTY 24700 CE 30 JUN 26,24700.0,1.0,,,NSE_INDEX|Nifty 50,NSE_INDEX|Nifty 50,,,,,,,,,,
0.0,NSE_FO,NIFTY,NSE,1782844199000.0,PE,NIFTY,NIFTY,NSE_FO|79761,65.0,1755.0,79761,65.0,5.0,INDEX,INDEX,NIFTY 24700 PE 30 JUN 26,24700.0,1.0,,,NSE_INDEX|Nifty 50,NSE_INDEX|Nifty 50,,,,,,,,,,
0.0,NSE_FO,NIFTY,NSE,1782844199000.0,CE,NIFTY,NIFTY,NSE_FO|79762,65.0,1755.0,79762,65.0,5.0,INDEX,INDEX,NIFTY 24750 CE 30 JUN 26,24750.0,1.0,,,NSE_INDEX|Nifty 50,NSE_INDEX|Nifty 50,,,,,,,,,,
0.0,NSE_FO,NIFTY,NSE,1782844199000.0,PE,NIFTY,NIFTY,NSE_FO|79763,65.0,1755.0,79763,65.0,5.0,INDEX,INDEX,NIFTY 24750 PE 30 JUN 26,24750.0,1.0,,,NSE_INDEX|Nifty 50,NSE_INDEX|Nifty 50,,,,,,,,,,
0.0,NSE_FO,NIFTY,NSE,1782844199000.0,CE,NIFTY,NIFTY,NSE_FO|79754,65.0,1755.0,79754,65.0,5.0,INDEX,INDEX,NIFTY 24550 CE 30 JUN 26,24550.0,1.0,,,NSE_INDEX|Nifty 50,NSE_INDEX|Nifty 50,,,,,,,,,,
0.0,NSE_FO,NIFTY,NSE,1782844199000.0,PE,NIFTY,NIFTY,NSE_FO|79755,65.0,1755.0,79755,65.0,5.0,INDEX,INDEX,NIFTY 24550 PE 30 JUN 26,24550.0,1.0,,,NSE_INDEX|Nifty 50,NSE_INDEX|Nifty 50,,,,,,,,,,
0.0,NSE_FO,NIFTY,NSE,1782844199000.0,CE,NIFTY,NIFTY,NSE_FO|79756,65.0,1755.0,79756,65.0,5.0,INDEX,INDEX,NIFTY 24600 CE 30 JUN 26,24600.0,1.0,,,NSE_INDEX|Nifty 50,NSE_INDEX|Nifty 50,,,,,,,,,,
0.0,NSE_FO,NIFTY,NSE,1782844199000.0,PE,NIFTY,NIFTY,NSE_FO|79757,65.0,1755.0,79757,65.0,5.0,INDEX,INDEX,NIFTY 24600 PE 30 JUN 26,24600.0,1.0,,,NSE_INDEX|Nifty 50,NSE_INDEX|Nifty 50,,,,,,,,,,
0.0,NSE_FO,NIFTY,NSE,1782844199000.0,CE,NIFTY,NIFTY,NSE_FO|79758,65.0,1755.0,79758,65.0,5.0,INDEX,INDEX,NIFTY 24650 CE 30 JUN 26,24650.0,1.0,,,NSE_INDEX|Nifty 50,NSE_INDEX|Nifty 50,,,,,,,,,,
0.0,NSE_FO,NIFTY,NSE,1782844199000.0,PE,NIFTY,NIFTY,NSE_FO|79759,65.0,1755.0,79759,65.0,5.0,INDEX,INDEX,NIFTY 24650 PE 30 JUN 26,24650.0,1.0,,,NSE_INDEX|Nifty 50,NSE_INDEX|Nifty 50,,,,,,,,,,
0.0,NSE_FO,NIFTY,NSE,1782844199000.0,CE,NIFTY,NIFTY,NSE_FO|79770,65.0,1755.0,79770,65.0,5.0,INDEX,INDEX,NIFTY 24900 CE 30 JUN 26,24900.0,1.0,,,NSE_INDEX|Nifty 50,NSE_INDEX|Nifty 50,,,,,,,,,,
0.0,NSE_FO,NIFTY,NSE,1782844199000.0,PE,NIFTY,NIFTY,NSE_FO|79773,65.0,1755.0,79773,65.0,5.0,INDEX,INDEX,NIFTY 24900 PE 30 JUN 26,24900.0,1.0,,,NSE_INDEX|Nifty 50,NSE_INDEX|Nifty 50,,,,,,,,,,
0.0,NSE_FO,NIFTY,NSE,1782844199000.0,CE,NIFTY,NIFTY,NSE_FO|79774,65.0,1755.0,79774,65.0,5.0,INDEX,INDEX,NIFTY 24950 CE 30 JUN 26,24950.0,1.0,,,NSE_INDEX|Nifty 50,NSE_INDEX|Nifty 50,,,,,,,,,,
0.0,NSE_FO,NIFTY,NSE,1782844199000.0,CE,NIFTY,NIFTY,NSE_FO|79766,65.0,1755.0,79766,65.0,5.0,INDEX,INDEX,NIFTY 24800 CE 30 JUN 26,24800.0,1.0,,,NSE_INDEX|Nifty 50,NSE_INDEX|Nifty 50,,,,,,,,,,
0.0,NSE_FO,NIFTY,NSE,1782844199000.0,PE,NIFTY,NIFTY,NSE_FO|79767,65.0,1755.0,79767,65.0,5.0,INDEX,INDEX,NIFTY 24800 PE 30 JUN 26,24800.0,1.0,,,NSE_INDEX|Nifty 50,NSE_INDEX|Nifty 50,,,,,,,,,,
0.0,NSE_FO,NIFTY,NSE,1782844199000.0,CE,NIFTY,NIFTY,NSE_FO|79768,65.0,1755.0,79768,65.0,5.0,INDEX,INDEX,NIFTY 24850 CE 30 JUN 26,24850.0,1.0,,,NSE_INDEX|Nifty 50,NSE_INDEX|Nifty 50,,,,,,,,,,
0.0,NSE_FO,NIFTY,NSE,1782844199000.0,PE,NIFTY,NIFTY,NSE_FO|79769,65.0,1755.0,79769,65.0,5.0,INDEX,INDEX,NIFTY 24850 PE 30 JUN 26,24850.0,1.0,,,NSE_INDEX|Nifty 50,NSE_INDEX|Nifty 50,,,,,,,,,,
0.0,NSE_FO,NIFTY,NSE,1782844199000.0,CE,NIFTY,NIFTY,NSE_FO|79740,65.0,1755.0,79740,65.0,5.0,INDEX,INDEX,NIFTY 24300 CE 30 JUN 26,24300.0,1.0,,,NSE_INDEX|Nifty 50,NSE_INDEX|Nifty 50,,,,,,,,,,
0.0,NSE_FO,NIFTY,NSE,1782844199000.0,PE,NIFTY,NIFTY,NSE_FO|79741,65.0,1755.0,79741,65.0,5.0,INDEX,INDEX,NIFTY 24300 PE 30 JUN 26,24300.0,1.0,,,NSE_INDEX|Nifty 50,NSE_INDEX|Nifty 50,,,,,,,,,,
0.0,NSE_FO,NIFTY,NSE,1782844199000.0,CE,NIFTY,NIFTY,NSE_FO|79742,65.0,1755.0,79742,65.0,5.0,INDEX,INDEX,NIFTY 24350 CE 30 JUN 26,24350.0,1.0,,,NSE_INDEX|Nifty 50,NSE_INDEX|Nifty 50,,,,,,,,,,
0.0,NSE_FO,NIFTY,NSE,1782844199000.0,CE,NIFTY,NIFTY,NSE_FO|79732,65.0,1755.0,79732,65.0,5.0,INDEX,INDEX,NIFTY 24100 CE 30 JUN 26,24100.0,1.0,,,NSE_INDEX|Nifty 50,NSE_INDEX|Nifty 50,,,,,,,,,,
0.0,NSE_FO,NIFTY,NSE,1782844199000.0,PE,NIFTY,NIFTY,NSE_FO|79733,65.0,1755.0,79733,65.0,5.0,INDEX,INDEX,NIFTY 24100 PE 30 JUN 26,24100.0,1.0,,,NSE_INDEX|Nifty 50,NSE_INDEX|Nifty 50,,,,,,,,,,
0.0,NSE_FO,NIFTY,NSE,1782844199000.0,CE,NIFTY,NIFTY,NSE_FO|79734,65.0,1755.0,79734,65.0,5.0,INDEX,INDEX,NIFTY 24150 CE 30 JUN 26,24150.0,1.0,,,NSE_INDEX|Nifty 50,NSE_INDEX|Nifty 50,,,,,,,,,,
0.0,NSE_FO,NIFTY,NSE,1782844199000.0,PE,NIFTY,NIFTY,NSE_FO|79735,65.0,1755.0,79735,65.0,5.0,INDEX,INDEX,NIFTY 24150 PE 30 JUN 26,24150.0,1.0,,,NSE_INDEX|Nifty 50,NSE_INDEX|Nifty 50,,,,,,,,,,
0.0,NSE_FO,NIFTY,NSE,1782844199000.0,CE,NIFTY,NIFTY,NSE_FO|79736,65.0,1755.0,79736,65.0,5.0,INDEX,INDEX,NIFTY 24200 CE 30 JUN 26,24200.0,1.0,,,NSE_INDEX|Nifty 50,NSE_INDEX|Nifty 50,,,,,,,,,,
0.0,NSE_FO,NIFTY,NSE,1782844199000.0,PE,NIFTY,NIFTY,NSE_FO|79737,65.0,1755.0,79737,65.0,5.0,INDEX,INDEX,NIFTY 24200 PE 30 JUN 26,24200.0,1.0,,,NSE_INDEX|Nifty 50,NSE_INDEX|Nifty 50,,,,,,,,,,
0.0,NSE_FO,NIFTY,NSE,1782844199000.0,CE,NIFTY,NIFTY,NSE_FO|79738,65.0,1755.0,79738,65.0,5.0,INDEX,INDEX,NIFTY 24250 CE 30 JUN 26,24250.0,1.0,,,NSE_INDEX|Nifty 50,NSE_INDEX|Nifty 50,,,,,,,,,,
0.0,NSE_FO,NIFTY,NSE,1782844199000.0,PE,NIFTY,NIFTY,NSE_FO|79739,65.0,1755.0,79739,65.0,5.0,INDEX,INDEX,NIFTY 24250 PE 30 JUN 26,24250.0,1.0,,,NSE_INDEX|Nifty 50,NSE_INDEX|Nifty 50,,,,,,,,,,
0.0,NSE_FO,NIFTY,NSE,1782844199000.0,CE,NIFTY,NIFTY,NSE_FO|79750,65.0,1755.0,79750,65.0,5.0,INDEX,INDEX,NIFTY 24500 CE 30 JUN 26,24500.0,1.0,,,NSE_INDEX|Nifty 50,NSE_INDEX|Nifty 50,,,,,,,,,,
0.0,NSE_FO,NIFTY,NSE,1782844199000.0,PE,NIFTY,NIFTY,NSE_FO|79751,65.0,1755.0,79751,65.0,5.0,INDEX,INDEX,NIFTY 24500 PE 30 JUN 26,24500.0,1.0,,,NSE_INDEX|Nifty 50,NSE_INDEX|Nifty 50,,,,,,,,,,
0.0,NSE_FO,NIFTY,NSE,1782844199000.0,PE,NIFTY,NIFTY,NSE_FO|79743,65.0,1755.0,79743,65.0,5.0,INDEX,INDEX,NIFTY 24350 PE 30 JUN 26,24350.0,1.0,,,NSE_INDEX|Nifty 50,NSE_INDEX|Nifty 50,,,,,,,,,,
0.0,NSE_FO,NIFTY,NSE,1782844199000.0,CE,NIFTY,NIFTY,NSE_FO|79746,65.0,1755.0,79746,65.0,5.0,INDEX,INDEX,NIFTY 24400 CE 30 JUN 26,24400.0,1.0,,,NSE_INDEX|Nifty 50,NSE_INDEX|Nifty 50,,,,,,,,,,
0.0,NSE_FO,NIFTY,NSE,1782844199000.0,PE,NIFTY,NIFTY,NSE_FO|79747,65.0,1755.0,79747,65.0,5.0,INDEX,INDEX,NIFTY 24400 PE 30 JUN 26,24400.0,1.0,,,NSE_INDEX|Nifty 50,NSE_INDEX|Nifty 50,,,,,,,,,,
0.0,NSE_FO,NIFTY,NSE,1782844199000.0,CE,NIFTY,NIFTY,NSE_FO|79748,65.0,1755.0,79748,65.0,5.0,INDEX,INDEX,NIFTY 24450 CE 30 JUN 26,24450.0,1.0,,,NSE_INDEX|Nifty 50,NSE_INDEX|Nifty 50,,,,,,,,,,
0.0,NSE_FO,NIFTY,NSE,1782844199000.0,PE,NIFTY,NIFTY,NSE_FO|79749,65.0,1755.0,79749,65.0,5.0,INDEX,INDEX,NIFTY 24450 PE 30 JUN 26,24450.0,1.0,,,NSE_INDEX|Nifty 50,NSE_INDEX|Nifty 50,,,,,,,,,,
0.0,NSE_FO,NIFTY,NSE,1782844199000.0,CE,NIFTY,NIFTY,NSE_FO|79840,65.0,1755.0,79840,65.0,5.0,INDEX,INDEX,NIFTY 25650 CE 30 JUN 26,25650.0,1.0,,,NSE_INDEX|Nifty 50,NSE_INDEX|Nifty 50,,,,,,,,,,
0.0,NSE_FO,NIFTY,NSE,1782844199000.0,PE,NIFTY,NIFTY,NSE_FO|79841,65.0,1755.0,79841,65.0,5.0,INDEX,INDEX,NIFTY 25650 PE 30 JUN 26,25650.0,1.0,,,NSE_INDEX|Nifty 50,NSE_INDEX|Nifty 50,,,,,,,,,,
0.0,NSE_FO,NIFTY,NSE,1782844199000.0,CE,NIFTY,NIFTY,NSE_FO|79831,65.0,1755.0,79831,65.0,5.0,INDEX,INDEX,NIFTY 25550 CE 30 JUN 26,25550.0,1.0,,,NSE_INDEX|Nifty 50,NSE_INDEX|Nifty 50,,,,,,,,,,
0.0,NSE_FO,NIFTY,NSE,1782844199000.0,PE,NIFTY,NIFTY,NSE_FO|79832,65.0,1755.0,79832,65.0,5.0,INDEX,INDEX,NIFTY 25550 PE 30 JUN 26,25550.0,1.0,,,NSE_INDEX|Nifty 50,NSE_INDEX|Nifty 50,,,,,,,,,,
0.0,NSE_FO,NIFTY,NSE,1782844199000.0,CE,NIFTY,NIFTY,NSE_FO|79838,65.0,1755.0,79838,65.0,5.0,INDEX,INDEX,NIFTY 25600 CE 30 JUN 26,25600.0,1.0,,,NSE_INDEX|Nifty 50,NSE_INDEX|Nifty 50,,,,,,,,,,
0.0,NSE_FO,NIFTY,NSE,1782844199000.0,PE,NIFTY,NIFTY,NSE_FO|79839,65.0,1755.0,79839,65.0,5.0,INDEX,INDEX,NIFTY 25600 PE 30 JUN 26,25600.0,1.0,,,NSE_INDEX|Nifty 50,NSE_INDEX|Nifty 50,,,,,,,,,,
0.0,NSE_FO,NIFTY,NSE,1782844199000.0,CE,NIFTY,NIFTY,NSE_FO|79850,65.0,1755.0,79850,65.0,5.0,INDEX,INDEX,NIFTY 25900 CE 30 JUN 26,25900.0,1.0,,,NSE_INDEX|Nifty 50,NSE_INDEX|Nifty 50,,,,,,,,,,
0.0,NSE_FO,NIFTY,NSE,1782844199000.0,PE,NIFTY,NIFTY,NSE_FO|79851,65.0,1755.0,79851,65.0,5.0,INDEX,INDEX,NIFTY 25900 PE 30 JUN 26,25900.0,1.0,,,NSE_INDEX|Nifty 50,NSE_INDEX|Nifty 50,,,,,,,,,,
0.0,NSE_FO,NIFTY,NSE,1782844199000.0,CE,NIFTY,NIFTY,NSE_FO|79852,65.0,1755.0,79852,65.0,5.0,INDEX,INDEX,NIFTY 25950 CE 30 JUN 26,25950.0,1.0,,,NSE_INDEX|Nifty 50,NSE_INDEX|Nifty 50,,,,,,,,,,
0.0,NSE_FO,NIFTY,NSE,1782844199000.0,CE,NIFTY,NIFTY,NSE_FO|79842,65.0,1755.0,79842,65.0,5.0,INDEX,INDEX,NIFTY 25700 CE 30 JUN 26,25700.0,1.0,,,NSE_INDEX|Nifty 50,NSE_INDEX|Nifty 50,,,,,,,,,,
0.0,NSE_FO,NIFTY,NSE,1782844199000.0,PE,NIFTY,NIFTY,NSE_FO|79843,65.0,1755.0,79843,65.0,5.0,INDEX,INDEX,NIFTY 25700 PE 30 JUN 26,25700.0,1.0,,,NSE_INDEX|Nifty 50,NSE_INDEX|Nifty 50,,,,,,,,,,
0.0,NSE_FO,NIFTY,NSE,1782844199000.0,CE,NIFTY,NIFTY,NSE_FO|79844,65.0,1755.0,79844,65.0,5.0,INDEX,INDEX,NIFTY 25750 CE 30 JUN 26,25750.0,1.0,,,NSE_INDEX|Nifty 50,NSE_INDEX|Nifty 50,,,,,,,,,,
0.0,NSE_FO,NIFTY,NSE,1782844199000.0,PE,NIFTY,NIFTY,NSE_FO|79845,65.0,1755.0,79845,65.0,5.0,INDEX,INDEX,NIFTY 25750 PE 30 JUN 26,25750.0,1.0,,,NSE_INDEX|Nifty 50,NSE_INDEX|Nifty 50,,,,,,,,,,
0.0,NSE_FO,NIFTY,NSE,1782844199000.0,CE,NIFTY,NIFTY,NSE_FO|79846,65.0,1755.0,79846,65.0,5.0,INDEX,INDEX,NIFTY 25800 CE 30 JUN 26,25800.0,1.0,,,NSE_INDEX|Nifty 50,NSE_INDEX|Nifty 50,,,,,,,,,,
0.0,NSE_FO,NIFTY,NSE,1782844199000.0,PE,NIFTY,NIFTY,NSE_FO|79847,65.0,1755.0,79847,65.0,5.0,INDEX,INDEX,NIFTY 25800 PE 30 JUN 26,25800.0,1.0,,,NSE_INDEX|Nifty 50,NSE_INDEX|Nifty 50,,,,,,,,,,
0.0,NSE_FO,NIFTY,NSE,1782844199000.0,CE,NIFTY,NIFTY,NSE_FO|79848,65.0,1755.0,79848,65.0,5.0,INDEX,INDEX,NIFTY 25850 CE 30 JUN 26,25850.0,1.0,,,NSE_INDEX|Nifty 50,NSE_INDEX|Nifty 50,,,,,,,,,,
0.0,NSE_FO,NIFTY,NSE,1782844199000.0,PE,NIFTY,NIFTY,NSE_FO|79849,65.0,1755.0,79849,65.0,5.0,INDEX,INDEX,NIFTY 25850 PE 30 JUN 26,25850.0,1.0,,,NSE_INDEX|Nifty 50,NSE_INDEX|Nifty 50,,,,,,,,,,
0.0,NSE_FO,NIFTY,NSE,1782844199000.0,PE,NIFTY,NIFTY,NSE_FO|79810,65.0,1755.0,79810,65.0,5.0,INDEX,INDEX,NIFTY 25200 PE 30 JUN 26,25200.0,1.0,,,NSE_INDEX|Nifty 50,NSE_INDEX|Nifty 50,,,,,,,,,,
0.0,NSE_FO,NIFTY,NSE,1782844199000.0,CE,NIFTY,NIFTY,NSE_FO|79811,65.0,1755.0,79811,65.0,5.0,INDEX,INDEX,NIFTY 25250 CE 30 JUN 26,25250.0,1.0,,,NSE_INDEX|Nifty 50,NSE_INDEX|Nifty 50,,,,,,,,,,
0.0,NSE_FO,NIFTY,NSE,1782844199000.0,PE,NIFTY,NIFTY,NSE_FO|79812,65.0,1755.0,79812,65.0,5.0,INDEX,INDEX,NIFTY 25250 PE 30 JUN 26,25250.0,1.0,,,NSE_INDEX|Nifty 50,NSE_INDEX|Nifty 50,,,,,,,,,,
0.0,NSE_FO,NIFTY,NSE,1782844199000.0,CE,NIFTY,NIFTY,NSE_FO|79813,65.0,1755.0,79813,65.0,5.0,INDEX,INDEX,NIFTY 25300 CE 30 JUN 26,25300.0,1.0,,,NSE_INDEX|Nifty 50,NSE_INDEX|Nifty 50,,,,,,,,,,
0.0,NSE_FO,NIFTY,NSE,1782844199000.0,PE,NIFTY,NIFTY,NSE_FO|79814,65.0,1755.0,79814,65.0,5.0,INDEX,INDEX,NIFTY 25300 PE 30 JUN 26,25300.0,1.0,,,NSE_INDEX|Nifty 50,NSE_INDEX|Nifty 50,,,,,,,,,,
0.0,NSE_FO,NIFTY,NSE,1782844199000.0,CE,NIFTY,NIFTY,NSE_FO|79817,65.0,1755.0,79817,65.0,5.0,INDEX,INDEX,NIFTY 25350 CE 30 JUN 26,25350.0,1.0,,,NSE_INDEX|Nifty 50,NSE_INDEX|Nifty 50,,,,,,,,,,
0.0,NSE_FO,NIFTY,NSE,1782844199000.0,PE,NIFTY,NIFTY,NSE_FO|79830,65.0,1755.0,79830,65.0,5.0,INDEX,INDEX,NIFTY 25450 PE 30 JUN 26,25450.0,1.0,,,NSE_INDEX|Nifty 50,NSE_INDEX|Nifty 50,,,,,,,,,,
0.0,NSE_FO,NIFTY,NSE,1782844199000.0,PE,NIFTY,NIFTY,NSE_FO|79825,65.0,1755.0,79825,65.0,5.0,INDEX,INDEX,NIFTY 25350 PE 30 JUN 26,25350.0,1.0,,,NSE_INDEX|Nifty 50,NSE_INDEX|Nifty 50,,,,,,,,,,
0.0,NSE_FO,NIFTY,NSE,1782844199000.0,CE,NIFTY,NIFTY,NSE_FO|79827,65.0,1755.0,79827,65.0,5.0,INDEX,INDEX,NIFTY 25400 CE 30 JUN 26,25400.0,1.0,,,NSE_INDEX|Nifty 50,NSE_INDEX|Nifty 50,,,,,,,,,,
0.0,NSE_FO,NIFTY,NSE,1782844199000.0,PE,NIFTY,NIFTY,NSE_FO|79828,65.0,1755.0,79828,65.0,5.0,INDEX,INDEX,NIFTY 25400 PE 30 JUN 26,25400.0,1.0,,,NSE_INDEX|Nifty 50,NSE_INDEX|Nifty 50,,,,,,,,,,
0.0,NSE_FO,NIFTY,NSE,1782844199000.0,CE,NIFTY,NIFTY,NSE_FO|79829,65.0,1755.0,79829,65.0,5.0,INDEX,INDEX,NIFTY 25450 CE 30 JUN 26,25450.0,1.0,,,NSE_INDEX|Nifty 50,NSE_INDEX|Nifty 50,,,,,,,,,,
0.0,NSE_FO,NIFTY,NSE,1782844199000.0,PE,NIFTY,NIFTY,NSE_FO|79802,65.0,1755.0,79802,65.0,5.0,INDEX,INDEX,NIFTY 24950 PE 30 JUN 26,24950.0,1.0,,,NSE_INDEX|Nifty 50,NSE_INDEX|Nifty 50,,,,,,,,,,
0.0,NSE_FO,NIFTY,NSE,1782844199000.0,CE,NIFTY,NIFTY,NSE_FO|79803,65.0,1755.0,79803,65.0,5.0,INDEX,INDEX,NIFTY 25050 CE 30 JUN 26,25050.0,1.0,,,NSE_INDEX|Nifty 50,NSE_INDEX|Nifty 50,,,,,,,,,,
0.0,NSE_FO,NIFTY,NSE,1782844199000.0,PE,NIFTY,NIFTY,NSE_FO|79804,65.0,1755.0,79804,65.0,5.0,INDEX,INDEX,NIFTY 25050 PE 30 JUN 26,25050.0,1.0,,,NSE_INDEX|Nifty 50,NSE_INDEX|Nifty 50,,,,,,,,,,
0.0,NSE_FO,NIFTY,NSE,1782844199000.0,CE,NIFTY,NIFTY,NSE_FO|79805,65.0,1755.0,79805,65.0,5.0,INDEX,INDEX,NIFTY 25100 CE 30 JUN 26,25100.0,1.0,,,NSE_INDEX|Nifty 50,NSE_INDEX|Nifty 50,,,,,,,,,,
0.0,NSE_FO,NIFTY,NSE,1782844199000.0,PE,NIFTY,NIFTY,NSE_FO|79806,65.0,1755.0,79806,65.0,5.0,INDEX,INDEX,NIFTY 25100 PE 30 JUN 26,25100.0,1.0,,,NSE_INDEX|Nifty 50,NSE_INDEX|Nifty 50,,,,,,,,,,
0.0,NSE_FO,NIFTY,NSE,1782844199000.0,CE,NIFTY,NIFTY,NSE_FO|79807,65.0,1755.0,79807,65.0,5.0,INDEX,INDEX,NIFTY 25150 CE 30 JUN 26,25150.0,1.0,,,NSE_INDEX|Nifty 50,NSE_INDEX|Nifty 50,,,,,,,,,,
0.0,NSE_FO,NIFTY,NSE,1782844199000.0,PE,NIFTY,NIFTY,NSE_FO|79808,65.0,1755.0,79808,65.0,5.0,INDEX,INDEX,NIFTY 25150 PE 30 JUN 26,25150.0,1.0,,,NSE_INDEX|Nifty 50,NSE_INDEX|Nifty 50,,,,,,,,,,
0.0,NSE_FO,NIFTY,NSE,1782844199000.0,CE,NIFTY,NIFTY,NSE_FO|79809,65.0,1755.0,79809,65.0,5.0,INDEX,INDEX,NIFTY 25200 CE 30 JUN 26,25200.0,1.0,,,NSE_INDEX|Nifty 50,NSE_INDEX|Nifty 50,,,,,,,,,,
0.0,NSE_FO,NIFTY,NSE,1782844199000.0,CE,NIFTY,NIFTY,NSE_FO|79693,65.0,1755.0,79693,65.0,5.0,INDEX,INDEX,NIFTY 23350 CE 30 JUN 26,23350.0,1.0,,,NSE_INDEX|Nifty 50,NSE_INDEX|Nifty 50,,,,,,,,,,
0.0,NSE_FO,NIFTY,NSE,1782844199000.0,PE,NIFTY,NIFTY,NSE_FO|79694,65.0,1755.0,79694,65.0,5.0,INDEX,INDEX,NIFTY 23350 PE 30 JUN 26,23350.0,1.0,,,NSE_INDEX|Nifty 50,NSE_INDEX|Nifty 50,,,,,,,,,,
0.0,NSE_FO,NIFTY,NSE,1782844199000.0,CE,NIFTY,NIFTY,NSE_FO|79695,65.0,1755.0,79695,65.0,5.0,INDEX,INDEX,NIFTY 23400 CE 30 JUN 26,23400.0,1.0,,,NSE_INDEX|Nifty 50,NSE_INDEX|Nifty 50,,,,,,,,,,
0.0,NSE_FO,NIFTY,NSE,1782844199000.0,PE,NIFTY,NIFTY,NSE_FO|79696,65.0,1755.0,79696,65.0,5.0,INDEX,INDEX,NIFTY 23400 PE 30 JUN 26,23400.0,1.0,,,NSE_INDEX|Nifty 50,NSE_INDEX|Nifty 50,,,,,,,,,,
0.0,NSE_FO,NIFTY,NSE,1782844199000.0,CE,NIFTY,NIFTY,NSE_FO|79697,65.0,1755.0,79697,65.0,5.0,INDEX,INDEX,NIFTY 23450 CE 30 JUN 26,23450.0,1.0,,,NSE_INDEX|Nifty 50,NSE_INDEX|Nifty 50,,,,,,,,,,
0.0,NSE_FO,NIFTY,NSE,1782844199000.0,PE,NIFTY,NIFTY,NSE_FO|79698,65.0,1755.0,79698,65.0,5.0,INDEX,INDEX,NIFTY 23450 PE 30 JUN 26,23450.0,1.0,,,NSE_INDEX|Nifty 50,NSE_INDEX|Nifty 50,,,,,,,,,,
0.0,NSE_FO,NIFTY,NSE,1782844199000.0,PE,NIFTY,NIFTY,NSE_FO|79634,65.0,1755.0,79634,65.0,5.0,INDEX,INDEX,NIFTY 23250 PE 30 JUN 26,23250.0,1.0,,,NSE_INDEX|Nifty 50,NSE_INDEX|Nifty 50,,,,,,,,,,
0.0,NSE_FO,NIFTY,NSE,1782844199000.0,CE,NIFTY,NIFTY,NSE_FO|79652,65.0,1755.0,79652,65.0,5.0,INDEX,INDEX,NIFTY 23300 CE 30 JUN 26,23300.0,1.0,,,NSE_INDEX|Nifty 50,NSE_INDEX|Nifty 50,,,,,,,,,,
0.0,NSE_FO,NIFTY,NSE,1782844199000.0,PE,NIFTY,NIFTY,NSE_FO|79653,65.0,1755.0,79653,65.0,5.0,INDEX,INDEX,NIFTY 23300 PE 30 JUN 26,23300.0,1.0,,,NSE_INDEX|Nifty 50,NSE_INDEX|Nifty 50,,,,,,,,,,
0.0,NSE_FO,NIFTY,NSE,1782844199000.0,CE,NIFTY,NIFTY,NSE_FO|79699,65.0,1755.0,79699,65.0,5.0,INDEX,INDEX,NIFTY 23500 CE 30 JUN 26,23500.0,1.0,,,NSE_INDEX|Nifty 50,NSE_INDEX|Nifty 50,,,,,,,,,,
0.0,NSE_FO,NIFTY,NSE,1782844199000.0,PE,NIFTY,NIFTY,NSE_FO|79710,65.0,1755.0,79710,65.0,5.0,INDEX,INDEX,NIFTY 23750 PE 30 JUN 26,23750.0,1.0,,,NSE_INDEX|Nifty 50,NSE_INDEX|Nifty 50,,,,,,,,,,
0.0,NSE_FO,NIFTY,NSE,1782844199000.0,CE,NIFTY,NIFTY,NSE_FO|79711,65.0,1755.0,79711,65.0,5.0,INDEX,INDEX,NIFTY 23800 CE 30 JUN 26,23800.0,1.0,,,NSE_INDEX|Nifty 50,NSE_INDEX|Nifty 50,,,,,,,,,,
0.0,NSE_FO,NIFTY,NSE,1782844199000.0,PE,NIFTY,NIFTY,NSE_FO|79712,65.0,1755.0,79712,65.0,5.0,INDEX,INDEX,NIFTY 23800 PE 30 JUN 26,23800.0,1.0,,,NSE_INDEX|Nifty 50,NSE_INDEX|Nifty 50,,,,,,,,,,
0.0,NSE_FO,NIFTY,NSE,1782844199000.0,CE,NIFTY,NIFTY,NSE_FO|79713,65.0,1755.0,79713,65.0,5.0,INDEX,INDEX,NIFTY 23850 CE 30 JUN 26,23850.0,1.0,,,NSE_INDEX|Nifty 50,NSE_INDEX|Nifty 50,,,,,,,,,,
0.0,NSE_FO,NIFTY,NSE,1782844199000.0,PE,NIFTY,NIFTY,NSE_FO|79714,65.0,1755.0,79714,65.0,5.0,INDEX,INDEX,NIFTY 23850 PE 30 JUN 26,23850.0,1.0,,,NSE_INDEX|Nifty 50,NSE_INDEX|Nifty 50,,,,,,,,,,
0.0,NSE_FO,NIFTY,NSE,1782844199000.0,CE,NIFTY,NIFTY,NSE_FO|79730,65.0,1755.0,79730,65.0,5.0,INDEX,INDEX,NIFTY 24050 CE 30 JUN 26,24050.0,1.0,,,NSE_INDEX|Nifty 50,NSE_INDEX|Nifty 50,,,,,,,,,,
0.0,NSE_FO,NIFTY,NSE,1782844199000.0,PE,NIFTY,NIFTY,NSE_FO|79731,65.0,1755.0,79731,65.0,5.0,INDEX,INDEX,NIFTY 24050 PE 30 JUN 26,24050.0,1.0,,,NSE_INDEX|Nifty 50,NSE_INDEX|Nifty 50,,,,,,,,,,
0.0,NSE_FO,NIFTY,NSE,1782844199000.0,CE,NIFTY,NIFTY,NSE_FO|79722,65.0,1755.0,79722,65.0,5.0,INDEX,INDEX,NIFTY 23900 CE 30 JUN 26,23900.0,1.0,,,NSE_INDEX|Nifty 50,NSE_INDEX|Nifty 50,,,,,,,,,,
0.0,NSE_FO,NIFTY,NSE,1782844199000.0,PE,NIFTY,NIFTY,NSE_FO|79723,65.0,1755.0,79723,65.0,5.0,INDEX,INDEX,NIFTY 23900 PE 30 JUN 26,23900.0,1.0,,,NSE_INDEX|Nifty 50,NSE_INDEX|Nifty 50,,,,,,,,,,
0.0,NSE_FO,NIFTY,NSE,1782844199000.0,CE,NIFTY,NIFTY,NSE_FO|79728,65.0,1755.0,79728,65.0,5.0,INDEX,INDEX,NIFTY 23950 CE 30 JUN 26,23950.0,1.0,,,NSE_INDEX|Nifty 50,NSE_INDEX|Nifty 50,,,,,,,,,,
0.0,NSE_FO,NIFTY,NSE,1782844199000.0,PE,NIFTY,NIFTY,NSE_FO|79729,65.0,1755.0,79729,65.0,5.0,INDEX,INDEX,NIFTY 23950 PE 30 JUN 26,23950.0,1.0,,,NSE_INDEX|Nifty 50,NSE_INDEX|Nifty 50,,,,,,,,,,
0.0,NSE_FO,NIFTY,NSE,1782844199000.0,PE,NIFTY,NIFTY,NSE_FO|79700,65.0,1755.0,79700,65.0,5.0,INDEX,INDEX,NIFTY 23500 PE 30 JUN 26,23500.0,1.0,,,NSE_INDEX|Nifty 50,NSE_INDEX|Nifty 50,,,,,,,,,,
0.0,NSE_FO,NIFTY,NSE,1782844199000.0,CE,NIFTY,NIFTY,NSE_FO|79701,65.0,1755.0,79701,65.0,5.0,INDEX,INDEX,NIFTY 23550 CE 30 JUN 26,23550.0,1.0,,,NSE_INDEX|Nifty 50,NSE_INDEX|Nifty 50,,,,,,,,,,
0.0,NSE_FO,NIFTY,NSE,1782844199000.0,PE,NIFTY,NIFTY,NSE_FO|79702,65.0,1755.0,79702,65.0,5.0,INDEX,INDEX,NIFTY 23550 PE 30 JUN 26,23550.0,1.0,,,NSE_INDEX|Nifty 50,NSE_INDEX|Nifty 50,,,,,,,,,,
0.0,NSE_FO,NIFTY,NSE,1782844199000.0,CE,NIFTY,NIFTY,NSE_FO|79703,65.0,1755.0,79703,65.0,5.0,INDEX,INDEX,NIFTY 23600 CE 30 JUN 26,23600.0,1.0,,,NSE_INDEX|Nifty 50,NSE_INDEX|Nifty 50,,,,,,,,,,
0.0,NSE_FO,NIFTY,NSE,1782844199000.0,PE,NIFTY,NIFTY,NSE_FO|79704,65.0,1755.0,79704,65.0,5.0,INDEX,INDEX,NIFTY 23600 PE 30 JUN 26,23600.0,1.0,,,NSE_INDEX|Nifty 50,NSE_INDEX|Nifty 50,,,,,,,,,,
0.0,NSE_FO,NIFTY,NSE,1782844199000.0,CE,NIFTY,NIFTY,NSE_FO|79705,65.0,1755.0,79705,65.0,5.0,INDEX,INDEX,NIFTY 23650 CE 30 JUN 26,23650.0,1.0,,,NSE_INDEX|Nifty 50,NSE_INDEX|Nifty 50,,,,,,,,,,
0.0,NSE_FO,NIFTY,NSE,1782844199000.0,PE,NIFTY,NIFTY,NSE_FO|79706,65.0,1755.0,79706,65.0,5.0,INDEX,INDEX,NIFTY 23650 PE 30 JUN 26,23650.0,1.0,,,NSE_INDEX|Nifty 50,NSE_INDEX|Nifty 50,,,,,,,,,,
0.0,NSE_FO,NIFTY,NSE,1782844199000.0,CE,NIFTY,NIFTY,NSE_FO|79707,65.0,1755.0,79707,65.0,5.0,INDEX,INDEX,NIFTY 23700 CE 30 JUN 26,23700.0,1.0,,,NSE_INDEX|Nifty 50,NSE_INDEX|Nifty 50,,,,,,,,,,
0.0,NSE_FO,NIFTY,NSE,1782844199000.0,PE,NIFTY,NIFTY,NSE_FO|79708,65.0,1755.0,79708,65.0,5.0,INDEX,INDEX,NIFTY 23700 PE 30 JUN 26,23700.0,1.0,,,NSE_INDEX|Nifty 50,NSE_INDEX|Nifty 50,,,,,,,,,,
0.0,NSE_FO,NIFTY,NSE,1782844199000.0,CE,NIFTY,NIFTY,NSE_FO|79709,65.0,1755.0,79709,65.0,5.0,INDEX,INDEX,NIFTY 23750 CE 30 JUN 26,23750.0,1.0,,,NSE_INDEX|Nifty 50,NSE_INDEX|Nifty 50,,,,,,,,,,
0.0,NSE_FO,NIFTY,NSE,1782844199000.0,PE,NIFTY,NIFTY,NSE_FO|79564,65.0,1755.0,79564,65.0,5.0,INDEX,INDEX,NIFTY 23150 PE 30 JUN 26,23150.0,1.0,,,NSE_INDEX|Nifty 50,NSE_INDEX|Nifty 50,,,,,,,,,,
0.0,NSE_FO,NIFTY,NSE,1782844199000.0,CE,NIFTY,NIFTY,NSE_FO|79565,65.0,1755.0,79565,65.0,5.0,INDEX,INDEX,NIFTY 23200 CE 30 JUN 26,23200.0,1.0,,,NSE_INDEX|Nifty 50,NSE_INDEX|Nifty 50,,,,,,,,,,
0.0,NSE_FO,NIFTY,NSE,1782844199000.0,PE,NIFTY,NIFTY,NSE_FO|79566,65.0,1755.0,79566,65.0,5.0,INDEX,INDEX,NIFTY 23200 PE 30 JUN 26,23200.0,1.0,,,NSE_INDEX|Nifty 50,NSE_INDEX|Nifty 50,,,,,,,,,,
0.0,NSE_FO,NIFTY,NSE,1782844199000.0,CE,NIFTY,NIFTY,NSE_FO|79567,65.0,1755.0,79567,65.0,5.0,INDEX,INDEX,NIFTY 23250 CE 30 JUN 26,23250.0,1.0,,,NSE_INDEX|Nifty 50,NSE_INDEX|Nifty 50,,,,,,,,,,
0.0,NSE_FO,NIFTY,NSE,1782844199000.0,CE,NIFTY,NIFTY,NSE_FO|79540,65.0,1755.0,79540,65.0,5.0,INDEX,INDEX,NIFTY 22850 CE 30 JUN 26,22850.0,1.0,,,NSE_INDEX|Nifty 50,NSE_INDEX|Nifty 50,,,,,,,,,,
0.0,NSE_FO,NIFTY,NSE,1782844199000.0,PE,NIFTY,NIFTY,NSE_FO|79541,65.0,1755.0,79541,65.0,5.0,INDEX,INDEX,NIFTY 22850 PE 30 JUN 26,22850.0,1.0,,,NSE_INDEX|Nifty 50,NSE_INDEX|Nifty 50,,,,,,,,,,
0.0,NSE_FO,NIFTY,NSE,1782844199000.0,CE,NIFTY,NIFTY,NSE_FO|79542,65.0,1755.0,79542,65.0,5.0,INDEX,INDEX,NIFTY 22900 CE 30 JUN 26,22900.0,1.0,,,NSE_INDEX|Nifty 50,NSE_INDEX|Nifty 50,,,,,,,,,,
0.0,NSE_FO,NIFTY,NSE,1782844199000.0,PE,NIFTY,NIFTY,NSE_FO|79543,65.0,1755.0,79543,65.0,5.0,INDEX,INDEX,NIFTY 22900 PE 30 JUN 26,22900.0,1.0,,,NSE_INDEX|Nifty 50,NSE_INDEX|Nifty 50,,,,,,,,,,
0.0,NSE_FO,NIFTY,NSE,1782844199000.0,CE,NIFTY,NIFTY,NSE_FO|79544,65.0,1755.0,79544,65.0,5.0,INDEX,INDEX,NIFTY 22950 CE 30 JUN 26,22950.0,1.0,,,NSE_INDEX|Nifty 50,NSE_INDEX|Nifty 50,,,,,,,,,,
0.0,NSE_FO,NIFTY,NSE,1782844199000.0,CE,NIFTY,NIFTY,NSE_FO|79534,65.0,1755.0,79534,65.0,5.0,INDEX,INDEX,NIFTY 22700 CE 30 JUN 26,22700.0,1.0,,,NSE_INDEX|Nifty 50,NSE_INDEX|Nifty 50,,,,,,,,,,
0.0,NSE_FO,NIFTY,NSE,1782844199000.0,PE,NIFTY,NIFTY,NSE_FO|79535,65.0,1755.0,79535,65.0,5.0,INDEX,INDEX,NIFTY 22700 PE 30 JUN 26,22700.0,1.0,,,NSE_INDEX|Nifty 50,NSE_INDEX|Nifty 50,,,,,,,,,,
0.0,NSE_FO,NIFTY,NSE,1782844199000.0,CE,NIFTY,NIFTY,NSE_FO|79536,65.0,1755.0,79536,65.0,5.0,INDEX,INDEX,NIFTY 22750 CE 30 JUN 26,22750.0,1.0,,,NSE_INDEX|Nifty 50,NSE_INDEX|Nifty 50,,,,,,,,,,
0.0,NSE_FO,NIFTY,NSE,1782844199000.0,PE,NIFTY,NIFTY,NSE_FO|79537,65.0,1755.0,79537,65.0,5.0,INDEX,INDEX,NIFTY 22750 PE 30 JUN 26,22750.0,1.0,,,NSE_INDEX|Nifty 50,NSE_INDEX|Nifty 50,,,,,,,,,,
0.0,NSE_FO,NIFTY,NSE,1782844199000.0,CE,NIFTY,NIFTY,NSE_FO|79538,65.0,1755.0,79538,65.0,5.0,INDEX,INDEX,NIFTY 22800 CE 30 JUN 26,22800.0,1.0,,,NSE_INDEX|Nifty 50,NSE_INDEX|Nifty 50,,,,,,,,,,
0.0,NSE_FO,NIFTY,NSE,1782844199000.0,PE,NIFTY,NIFTY,NSE_FO|79539,65.0,1755.0,79539,65.0,5.0,INDEX,INDEX,NIFTY 22800 PE 30 JUN 26,22800.0,1.0,,,NSE_INDEX|Nifty 50,NSE_INDEX|Nifty 50,,,,,,,,,,
0.0,NSE_FO,NIFTY,NSE,1782844199000.0,CE,NIFTY,NIFTY,NSE_FO|79552,65.0,1755.0,79552,65.0,5.0,INDEX,INDEX,NIFTY 23150 CE 30 JUN 26,23150.0,1.0,,,NSE_INDEX|Nifty 50,NSE_INDEX|Nifty 50,,,,,,,,,,
0.0,NSE_FO,NIFTY,NSE,1782844199000.0,PE,NIFTY,NIFTY,NSE_FO|79545,65.0,1755.0,79545,65.0,5.0,INDEX,INDEX,NIFTY 22950 PE 30 JUN 26,22950.0,1.0,,,NSE_INDEX|Nifty 50,NSE_INDEX|Nifty 50,,,,,,,,,,
0.0,NSE_FO,NIFTY,NSE,1782844199000.0,CE,NIFTY,NIFTY,NSE_FO|79546,65.0,1755.0,79546,65.0,5.0,INDEX,INDEX,NIFTY 23050 CE 30 JUN 26,23050.0,1.0,,,NSE_INDEX|Nifty 50,NSE_INDEX|Nifty 50,,,,,,,,,,
0.0,NSE_FO,NIFTY,NSE,1782844199000.0,PE,NIFTY,NIFTY,NSE_FO|79547,65.0,1755.0,79547,65.0,5.0,INDEX,INDEX,NIFTY 23050 PE 30 JUN 26,23050.0,1.0,,,NSE_INDEX|Nifty 50,NSE_INDEX|Nifty 50,,,,,,,,,,
0.0,NSE_FO,NIFTY,NSE,1782844199000.0,CE,NIFTY,NIFTY,NSE_FO|79548,65.0,1755.0,79548,65.0,5.0,INDEX,INDEX,NIFTY 23100 CE 30 JUN 26,23100.0,1.0,,,NSE_INDEX|Nifty 50,NSE_INDEX|Nifty 50,,,,,,,,,,
0.0,NSE_FO,NIFTY,NSE,1782844199000.0,PE,NIFTY,NIFTY,NSE_FO|79549,65.0,1755.0,79549,65.0,5.0,INDEX,INDEX,NIFTY 23100 PE 30 JUN 26,23100.0,1.0,,,NSE_INDEX|Nifty 50,NSE_INDEX|Nifty 50,,,,,,,,,,
0.0,NSE_FO,NIFTY,NSE,1782844199000.0,CE,NIFTY,NIFTY,NSE_FO|79520,65.0,1755.0,79520,65.0,5.0,INDEX,INDEX,NIFTY 22300 CE 30 JUN 26,22300.0,1.0,,,NSE_INDEX|Nifty 50,NSE_INDEX|Nifty 50,,,,,,,,,,
0.0,NSE_FO,NIFTY,NSE,1782844199000.0,PE,NIFTY,NIFTY,NSE_FO|79521,65.0,1755.0,79521,65.0,5.0,INDEX,INDEX,NIFTY 22300 PE 30 JUN 26,22300.0,1.0,,,NSE_INDEX|Nifty 50,NSE_INDEX|Nifty 50,,,,,,,,,,
0.0,NSE_FO,NIFTY,NSE,1782844199000.0,CE,NIFTY,NIFTY,NSE_FO|79522,65.0,1755.0,79522,65.0,5.0,INDEX,INDEX,NIFTY 22350 CE 30 JUN 26,22350.0,1.0,,,NSE_INDEX|Nifty 50,NSE_INDEX|Nifty 50,,,,,,,,,,
0.0,NSE_FO,NIFTY,NSE,1782844199000.0,CE,NIFTY,NIFTY,NSE_FO|79512,65.0,1755.0,79512,65.0,5.0,INDEX,INDEX,NIFTY 22100 CE 30 JUN 26,22100.0,1.0,,,NSE_INDEX|Nifty 50,NSE_INDEX|Nifty 50,,,,,,,,,,
0.0,NSE_FO,NIFTY,NSE,1782844199000.0,PE,NIFTY,NIFTY,NSE_FO|79513,65.0,1755.0,79513,65.0,5.0,INDEX,INDEX,NIFTY 22100 PE 30 JUN 26,22100.0,1.0,,,NSE_INDEX|Nifty 50,NSE_INDEX|Nifty 50,,,,,,,,,,
0.0,NSE_FO,NIFTY,NSE,1782844199000.0,CE,NIFTY,NIFTY,NSE_FO|79514,65.0,1755.0,79514,65.0,5.0,INDEX,INDEX,NIFTY 22150 CE 30 JUN 26,22150.0,1.0,,,NSE_INDEX|Nifty 50,NSE_INDEX|Nifty 50,,,,,,,,,,
0.0,NSE_FO,NIFTY,NSE,1782844199000.0,PE,NIFTY,NIFTY,NSE_FO|79515,65.0,1755.0,79515,65.0,5.0,INDEX,INDEX,NIFTY 22150 PE 30 JUN 26,22150.0,1.0,,,NSE_INDEX|Nifty 50,NSE_INDEX|Nifty 50,,,,,,,,,,
0.0,NSE_FO,NIFTY,NSE,1782844199000.0,CE,NIFTY,NIFTY,NSE_FO|79516,65.0,1755.0,79516,65.0,5.0,INDEX,INDEX,NIFTY 22200 CE 30 JUN 26,22200.0,1.0,,,NSE_INDEX|Nifty 50,NSE_INDEX|Nifty 50,,,,,,,,,,
0.0,NSE_FO,NIFTY,NSE,1782844199000.0,PE,NIFTY,NIFTY,NSE_FO|79517,65.0,1755.0,79517,65.0,5.0,INDEX,INDEX,NIFTY 22200 PE 30 JUN 26,22200.0,1.0,,,NSE_INDEX|Nifty 50,NSE_INDEX|Nifty 50,,,,,,,,,,
0.0,NSE_FO,NIFTY,NSE,1782844199000.0,CE,NIFTY,NIFTY,NSE_FO|79518,65.0,1755.0,79518,65.0,5.0,INDEX,INDEX,NIFTY 22250 CE 30 JUN 26,22250.0,1.0,,,NSE_INDEX|Nifty 50,NSE_INDEX|Nifty 50,,,,,,,,,,
0.0,NSE_FO,NIFTY,NSE,1782844199000.0,PE,NIFTY,NIFTY,NSE_FO|79519,65.0,1755.0,79519,65.0,5.0,INDEX,INDEX,NIFTY 22250 PE 30 JUN 26,22250.0,1.0,,,NSE_INDEX|Nifty 50,NSE_INDEX|Nifty 50,,,,,,,,,,
0.0,NSE_FO,NIFTY,NSE,1782844199000.0,CE,NIFTY,NIFTY,NSE_FO|79530,65.0,1755.0,79530,65.0,5.0,INDEX,INDEX,NIFTY 22600 CE 30 JUN 26,22600.0,1.0,,,NSE_INDEX|Nifty 50,NSE_INDEX|Nifty 50,,,,,,,,,,
0.0,NSE_FO,NIFTY,NSE,1782844199000.0,PE,NIFTY,NIFTY,NSE_FO|79531,65.0,1755.0,79531,65.0,5.0,INDEX,INDEX,NIFTY 22600 PE 30 JUN 26,22600.0,1.0,,,NSE_INDEX|Nifty 50,NSE_INDEX|Nifty 50,,,,,,,,,,
0.0,NSE_FO,NIFTY,NSE,1782844199000.0,CE,NIFTY,NIFTY,NSE_FO|79532,65.0,1755.0,79532,65.0,5.0,INDEX,INDEX,NIFTY 22650 CE 30 JUN 26,22650.0,1.0,,,NSE_INDEX|Nifty 50,NSE_INDEX|Nifty 50,,,,,,,,,,
0.0,NSE_FO,NIFTY,NSE,1782844199000.0,PE,NIFTY,NIFTY,NSE_FO|79533,65.0,1755.0,79533,65.0,5.0,INDEX,INDEX,NIFTY 22650 PE 30 JUN 26,22650.0,1.0,,,NSE_INDEX|Nifty 50,NSE_INDEX|Nifty 50,,,,,,,,,,
0.0,NSE_FO,NIFTY,NSE,1782844199000.0,PE,NIFTY,NIFTY,NSE_FO|79523,65.0,1755.0,79523,65.0,5.0,INDEX,INDEX,NIFTY 22350 PE 30 JUN 26,22350.0,1.0,,,NSE_INDEX|Nifty 50,NSE_INDEX|Nifty 50,,,,,,,,,,
0.0,NSE_FO,NIFTY,NSE,1782844199000.0,CE,NIFTY,NIFTY,NSE_FO|79524,65.0,1755.0,79524,65.0,5.0,INDEX,INDEX,NIFTY 22400 CE 30 JUN 26,22400.0,1.0,,,NSE_INDEX|Nifty 50,NSE_INDEX|Nifty 50,,,,,,,,,,
0.0,NSE_FO,NIFTY,NSE,1782844199000.0,PE,NIFTY,NIFTY,NSE_FO|79525,65.0,1755.0,79525,65.0,5.0,INDEX,INDEX,NIFTY 22400 PE 30 JUN 26,22400.0,1.0,,,NSE_INDEX|Nifty 50,NSE_INDEX|Nifty 50,,,,,,,,,,
0.0,NSE_FO,NIFTY,NSE,1782844199000.0,CE,NIFTY,NIFTY,NSE_FO|79526,65.0,1755.0,79526,65.0,5.0,INDEX,INDEX,NIFTY 22450 CE 30 JUN 26,22450.0,1.0,,,NSE_INDEX|Nifty 50,NSE_INDEX|Nifty 50,,,,,,,,,,
0.0,NSE_FO,NIFTY,NSE,1782844199000.0,PE,NIFTY,NIFTY,NSE_FO|79527,65.0,1755.0,79527,65.0,5.0,INDEX,INDEX,NIFTY 22450 PE 30 JUN 26,22450.0,1.0,,,NSE_INDEX|Nifty 50,NSE_INDEX|Nifty 50,,,,,,,,,,
0.0,NSE_FO,NIFTY,NSE,1782844199000.0,CE,NIFTY,NIFTY,NSE_FO|79528,65.0,1755.0,79528,65.0,5.0,INDEX,INDEX,NIFTY 22550 CE 30 JUN 26,22550.0,1.0,,,NSE_INDEX|Nifty 50,NSE_INDEX|Nifty 50,,,,,,,,,,
0.0,NSE_FO,NIFTY,NSE,1782844199000.0,PE,NIFTY,NIFTY,NSE_FO|79529,65.0,1755.0,79529,65.0,5.0,INDEX,INDEX,NIFTY 22550 PE 30 JUN 26,22550.0,1.0,,,NSE_INDEX|Nifty 50,NSE_INDEX|Nifty 50,,,,,,,,,,
0.0,NSE_FO,NIFTY,NSE,1782844199000.0,CE,NIFTY,NIFTY,NSE_FO|79510,65.0,1755.0,79510,65.0,5.0,INDEX,INDEX,NIFTY 22050 CE 30 JUN 26,22050.0,1.0,,,NSE_INDEX|Nifty 50,NSE_INDEX|Nifty 50,,,,,,,,,,
0.0,NSE_FO,NIFTY,NSE,1782844199000.0,PE,NIFTY,NIFTY,NSE_FO|79511,65.0,1755.0,79511,65.0,5.0,INDEX,INDEX,NIFTY 22050 PE 30 JUN 26,22050.0,1.0,,,NSE_INDEX|Nifty 50,NSE_INDEX|Nifty 50,,,,,,,,,,
0.0,NSE_FO,NIFTY,NSE,1782844199000.0,PE,NIFTY,NIFTY,NSE_FO|79504,65.0,1755.0,79504,65.0,5.0,INDEX,INDEX,NIFTY 21850 PE 30 JUN 26,21850.0,1.0,,,NSE_INDEX|Nifty 50,NSE_INDEX|Nifty 50,,,,,,,,,,
0.0,NSE_FO,NIFTY,NSE,1782844199000.0,CE,NIFTY,NIFTY,NSE_FO|79505,65.0,1755.0,79505,65.0,5.0,INDEX,INDEX,NIFTY 21900 CE 30 JUN 26,21900.0,1.0,,,NSE_INDEX|Nifty 50,NSE_INDEX|Nifty 50,,,,,,,,,,
0.0,NSE_FO,NIFTY,NSE,1782844199000.0,PE,NIFTY,NIFTY,NSE_FO|79506,65.0,1755.0,79506,65.0,5.0,INDEX,INDEX,NIFTY 21900 PE 30 JUN 26,21900.0,1.0,,,NSE_INDEX|Nifty 50,NSE_INDEX|Nifty 50,,,,,,,,,,
0.0,NSE_FO,NIFTY,NSE,1782844199000.0,CE,NIFTY,NIFTY,NSE_FO|79507,65.0,1755.0,79507,65.0,5.0,INDEX,INDEX,NIFTY 21950 CE 30 JUN 26,21950.0,1.0,,,NSE_INDEX|Nifty 50,NSE_INDEX|Nifty 50,,,,,,,,,,
0.0,NSE_FO,NIFTY,NSE,1782844199000.0,PE,NIFTY,NIFTY,NSE_FO|79508,65.0,1755.0,79508,65.0,5.0,INDEX,INDEX,NIFTY 21950 PE 30 JUN 26,21950.0,1.0,,,NSE_INDEX|Nifty 50,NSE_INDEX|Nifty 50,,,,,,,,,,
0.0,NSE_FO,NIFTY,NSE,1782844199000.0,CE,NIFTY,NIFTY,NSE_FO|79509,65.0,1755.0,79509,65.0,5.0,INDEX,INDEX,NIFTY 22000 CE 30 JUN 26,22000.0,1.0,,,NSE_INDEX|Nifty 50,NSE_INDEX|Nifty 50,,,,,,,,,,
0.0,NSE_FO,NIFTY,NSE,1782844199000.0,PE,NIFTY,NIFTY,NSE_FO|79442,65.0,1755.0,79442,65.0,5.0,INDEX,INDEX,NIFTY 20800 PE 30 JUN 26,20800.0,1.0,,,NSE_INDEX|Nifty 50,NSE_INDEX|Nifty 50,,,,,,,,,,
0.0,NSE_FO,NIFTY,NSE,1782844199000.0,CE,NIFTY,NIFTY,NSE_FO|79444,65.0,1755.0,79444,65.0,5.0,INDEX,INDEX,NIFTY 20850 CE 30 JUN 26,20850.0,1.0,,,NSE_INDEX|Nifty 50,NSE_INDEX|Nifty 50,,,,,,,,,,
0.0,NSE_FO,NIFTY,NSE,1782844199000.0,PE,NIFTY,NIFTY,NSE_FO|79445,65.0,1755.0,79445,65.0,5.0,INDEX,INDEX,NIFTY 20850 PE 30 JUN 26,20850.0,1.0,,,NSE_INDEX|Nifty 50,NSE_INDEX|Nifty 50,,,,,,,,,,
0.0,NSE_FO,NIFTY,NSE,1782844199000.0,CE,NIFTY,NIFTY,NSE_FO|79450,65.0,1755.0,79450,65.0,5.0,INDEX,INDEX,NIFTY 20950 CE 30 JUN 26,20950.0,1.0,,,NSE_INDEX|Nifty 50,NSE_INDEX|Nifty 50,,,,,,,,,,
0.0,NSE_FO,NIFTY,NSE,1782844199000.0,PE,NIFTY,NIFTY,NSE_FO|79451,65.0,1755.0,79451,65.0,5.0,INDEX,INDEX,NIFTY 20950 PE 30 JUN 26,20950.0,1.0,,,NSE_INDEX|Nifty 50,NSE_INDEX|Nifty 50,,,,,,,,,,
0.0,NSE_FO,NIFTY,NSE,1782844199000.0,CE,NIFTY,NIFTY,NSE_FO|79452,65.0,1755.0,79452,65.0,5.0,INDEX,INDEX,NIFTY 21050 CE 30 JUN 26,21050.0,1.0,,,NSE_INDEX|Nifty 50,NSE_INDEX|Nifty 50,,,,,,,,,,
0.0,NSE_FO,NIFTY,NSE,1782844199000.0,PE,NIFTY,NIFTY,NSE_FO|79453,65.0,1755.0,79453,65.0,5.0,INDEX,INDEX,NIFTY 21050 PE 30 JUN 26,21050.0,1.0,,,NSE_INDEX|Nifty 50,NSE_INDEX|Nifty 50,,,,,,,,,,
0.0,NSE_FO,NIFTY,NSE,1782844199000.0,CE,NIFTY,NIFTY,NSE_FO|79454,65.0,1755.0,79454,65.0,5.0,INDEX,INDEX,NIFTY 21100 CE 30 JUN 26,21100.0,1.0,,,NSE_INDEX|Nifty 50,NSE_INDEX|Nifty 50,,,,,,,,,,
0.0,NSE_FO,NIFTY,NSE,1782844199000.0,PE,NIFTY,NIFTY,NSE_FO|79455,65.0,1755.0,79455,65.0,5.0,INDEX,INDEX,NIFTY 21100 PE 30 JUN 26,21100.0,1.0,,,NSE_INDEX|Nifty 50,NSE_INDEX|Nifty 50,,,,,,,,,,
0.0,NSE_FO,NIFTY,NSE,1782844199000.0,CE,NIFTY,NIFTY,NSE_FO|79456,65.0,1755.0,79456,65.0,5.0,INDEX,INDEX,NIFTY 21150 CE 30 JUN 26,21150.0,1.0,,,NSE_INDEX|Nifty 50,NSE_INDEX|Nifty 50,,,,,,,,,,
0.0,NSE_FO,NIFTY,NSE,1782844199000.0,CE,NIFTY,NIFTY,NSE_FO|79446,65.0,1755.0,79446,65.0,5.0,INDEX,INDEX,NIFTY 20900 CE 30 JUN 26,20900.0,1.0,,,NSE_INDEX|Nifty 50,NSE_INDEX|Nifty 50,,,,,,,,,,
0.0,NSE_FO,NIFTY,NSE,1782844199000.0,PE,NIFTY,NIFTY,NSE_FO|79449,65.0,1755.0,79449,65.0,5.0,INDEX,INDEX,NIFTY 20900 PE 30 JUN 26,20900.0,1.0,,,NSE_INDEX|Nifty 50,NSE_INDEX|Nifty 50,,,,,,,,,,
0.0,NSE_FO,NIFTY,NSE,1782844199000.0,CE,NIFTY,NIFTY,NSE_FO|79413,65.0,1755.0,79413,65.0,5.0,INDEX,INDEX,NIFTY 20700 CE 30 JUN 26,20700.0,1.0,,,NSE_INDEX|Nifty 50,NSE_INDEX|Nifty 50,,,,,,,,,,
0.0,NSE_FO,NIFTY,NSE,1782844199000.0,PE,NIFTY,NIFTY,NSE_FO|79414,65.0,1755.0,79414,65.0,5.0,INDEX,INDEX,NIFTY 20700 PE 30 JUN 26,20700.0,1.0,,,NSE_INDEX|Nifty 50,NSE_INDEX|Nifty 50,,,,,,,,,,
0.0,NSE_FO,NIFTY,NSE,1782844199000.0,CE,NIFTY,NIFTY,NSE_FO|79417,65.0,1755.0,79417,65.0,5.0,INDEX,INDEX,NIFTY 20750 CE 30 JUN 26,20750.0,1.0,,,NSE_INDEX|Nifty 50,NSE_INDEX|Nifty 50,,,,,,,,,,
0.0,NSE_FO,NIFTY,NSE,1782844199000.0,PE,NIFTY,NIFTY,NSE_FO|79424,65.0,1755.0,79424,65.0,5.0,INDEX,INDEX,NIFTY 20750 PE 30 JUN 26,20750.0,1.0,,,NSE_INDEX|Nifty 50,NSE_INDEX|Nifty 50,,,,,,,,,,
0.0,NSE_FO,NIFTY,NSE,1782844199000.0,CE,NIFTY,NIFTY,NSE_FO|79425,65.0,1755.0,79425,65.0,5.0,INDEX,INDEX,NIFTY 20800 CE 30 JUN 26,20800.0,1.0,,,NSE_INDEX|Nifty 50,NSE_INDEX|Nifty 50,,,,,,,,,,
0.0,NSE_FO,NIFTY,NSE,1782844199000.0,CE,NIFTY,NIFTY,NSE_FO|79404,65.0,1755.0,79404,65.0,5.0,INDEX,INDEX,NIFTY 20600 CE 30 JUN 26,20600.0,1.0,,,NSE_INDEX|Nifty 50,NSE_INDEX|Nifty 50,,,,,,,,,,
0.0,NSE_FO,NIFTY,NSE,1782844199000.0,PE,NIFTY,NIFTY,NSE_FO|79405,65.0,1755.0,79405,65.0,5.0,INDEX,INDEX,NIFTY 20600 PE 30 JUN 26,20600.0,1.0,,,NSE_INDEX|Nifty 50,NSE_INDEX|Nifty 50,,,,,,,,,,
0.0,NSE_FO,NIFTY,NSE,1782844199000.0,CE,NIFTY,NIFTY,NSE_FO|79406,65.0,1755.0,79406,65.0,5.0,INDEX,INDEX,NIFTY 20650 CE 30 JUN 26,20650.0,1.0,,,NSE_INDEX|Nifty 50,NSE_INDEX|Nifty 50,,,,,,,,,,
0.0,NSE_FO,NIFTY,NSE,1782844199000.0,PE,NIFTY,NIFTY,NSE_FO|79407,65.0,1755.0,79407,65.0,5.0,INDEX,INDEX,NIFTY 20650 PE 30 JUN 26,20650.0,1.0,,,NSE_INDEX|Nifty 50,NSE_INDEX|Nifty 50,,,,,,,,,,
0.0,NSE_FO,NIFTY,NSE,1782844199000.0,CE,NIFTY,NIFTY,NSE_FO|79480,65.0,1755.0,79480,65.0,5.0,INDEX,INDEX,NIFTY 21700 CE 30 JUN 26,21700.0,1.0,,,NSE_INDEX|Nifty 50,NSE_INDEX|Nifty 50,,,,,,,,,,
0.0,NSE_FO,NIFTY,NSE,1782844199000.0,PE,NIFTY,NIFTY,NSE_FO|79481,65.0,1755.0,79481,65.0,5.0,INDEX,INDEX,NIFTY 21700 PE 30 JUN 26,21700.0,1.0,,,NSE_INDEX|Nifty 50,NSE_INDEX|Nifty 50,,,,,,,,,,
0.0,NSE_FO,NIFTY,NSE,1782844199000.0,CE,NIFTY,NIFTY,NSE_FO|79482,65.0,1755.0,79482,65.0,5.0,INDEX,INDEX,NIFTY 21750 CE 30 JUN 26,21750.0,1.0,,,NSE_INDEX|Nifty 50,NSE_INDEX|Nifty 50,,,,,,,,,,
0.0,NSE_FO,NIFTY,NSE,1782844199000.0,PE,NIFTY,NIFTY,NSE_FO|79483,65.0,1755.0,79483,65.0,5.0,INDEX,INDEX,NIFTY 21750 PE 30 JUN 26,21750.0,1.0,,,NSE_INDEX|Nifty 50,NSE_INDEX|Nifty 50,,,,,,,,,,
0.0,NSE_FO,NIFTY,NSE,1782844199000.0,CE,NIFTY,NIFTY,NSE_FO|79484,65.0,1755.0,79484,65.0,5.0,INDEX,INDEX,NIFTY 21800 CE 30 JUN 26,21800.0,1.0,,,NSE_INDEX|Nifty 50,NSE_INDEX|Nifty 50,,,,,,,,,,
0.0,NSE_FO,NIFTY,NSE,1782844199000.0,PE,NIFTY,NIFTY,NSE_FO|79485,65.0,1755.0,79485,65.0,5.0,INDEX,INDEX,NIFTY 21800 PE 30 JUN 26,21800.0,1.0,,,NSE_INDEX|Nifty 50,NSE_INDEX|Nifty 50,,,,,,,,,,
0.0,NSE_FO,NIFTY,NSE,1782844199000.0,CE,NIFTY,NIFTY,NSE_FO|79486,65.0,1755.0,79486,65.0,5.0,INDEX,INDEX,NIFTY 21850 CE 30 JUN 26,21850.0,1.0,,,NSE_INDEX|Nifty 50,NSE_INDEX|Nifty 50,,,,,,,,,,
0.0,NSE_FO,NIFTY,NSE,1782844199000.0,PE,NIFTY,NIFTY,NSE_FO|79479,65.0,1755.0,79479,65.0,5.0,INDEX,INDEX,NIFTY 21650 PE 30 JUN 26,21650.0,1.0,,,NSE_INDEX|Nifty 50,NSE_INDEX|Nifty 50,,,,,,,,,,
0.0,NSE_FO,NIFTY,NSE,1782844199000.0,CE,NIFTY,NIFTY,NSE_FO|79460,65.0,1755.0,79460,65.0,5.0,INDEX,INDEX,NIFTY 21200 CE 30 JUN 26,21200.0,1.0,,,NSE_INDEX|Nifty 50,NSE_INDEX|Nifty 50,,,,,,,,,,
0.0,NSE_FO,NIFTY,NSE,1782844199000.0,PE,NIFTY,NIFTY,NSE_FO|79461,65.0,1755.0,79461,65.0,5.0,INDEX,INDEX,NIFTY 21200 PE 30 JUN 26,21200.0,1.0,,,NSE_INDEX|Nifty 50,NSE_INDEX|Nifty 50,,,,,,,,,,
0.0,NSE_FO,NIFTY,NSE,1782844199000.0,CE,NIFTY,NIFTY,NSE_FO|79462,65.0,1755.0,79462,65.0,5.0,INDEX,INDEX,NIFTY 21250 CE 30 JUN 26,21250.0,1.0,,,NSE_INDEX|Nifty 50,NSE_INDEX|Nifty 50,,,,,,,,,,
0.0,NSE_FO,NIFTY,NSE,1782844199000.0,PE,NIFTY,NIFTY,NSE_FO|79463,65.0,1755.0,79463,65.0,5.0,INDEX,INDEX,NIFTY 21250 PE 30 JUN 26,21250.0,1.0,,,NSE_INDEX|Nifty 50,NSE_INDEX|Nifty 50,,,,,,,,,,
0.0,NSE_FO,NIFTY,NSE,1782844199000.0,CE,NIFTY,NIFTY,NSE_FO|79464,65.0,1755.0,79464,65.0,5.0,INDEX,INDEX,NIFTY 21300 CE 30 JUN 26,21300.0,1.0,,,NSE_INDEX|Nifty 50,NSE_INDEX|Nifty 50,,,,,,,,,,
0.0,NSE_FO,NIFTY,NSE,1782844199000.0,PE,NIFTY,NIFTY,NSE_FO|79465,65.0,1755.0,79465,65.0,5.0,INDEX,INDEX,NIFTY 21300 PE 30 JUN 26,21300.0,1.0,,,NSE_INDEX|Nifty 50,NSE_INDEX|Nifty 50,,,,,,,,,,
0.0,NSE_FO,NIFTY,NSE,1782844199000.0,CE,NIFTY,NIFTY,NSE_FO|79466,65.0,1755.0,79466,65.0,5.0,INDEX,INDEX,NIFTY 21350 CE 30 JUN 26,21350.0,1.0,,,NSE_INDEX|Nifty 50,NSE_INDEX|Nifty 50,,,,,,,,,,
0.0,NSE_FO,NIFTY,NSE,1782844199000.0,PE,NIFTY,NIFTY,NSE_FO|79467,65.0,1755.0,79467,65.0,5.0,INDEX,INDEX,NIFTY 21350 PE 30 JUN 26,21350.0,1.0,,,NSE_INDEX|Nifty 50,NSE_INDEX|Nifty 50,,,,,,,,,,
0.0,NSE_FO,NIFTY,NSE,1782844199000.0,PE,NIFTY,NIFTY,NSE_FO|79459,65.0,1755.0,79459,65.0,5.0,INDEX,INDEX,NIFTY 21150 PE 30 JUN 26,21150.0,1.0,,,NSE_INDEX|Nifty 50,NSE_INDEX|Nifty 50,,,,,,,,,,
0.0,NSE_FO,NIFTY,NSE,1782844199000.0,CE,NIFTY,NIFTY,NSE_FO|79470,65.0,1755.0,79470,65.0,5.0,INDEX,INDEX,NIFTY 21450 CE 30 JUN 26,21450.0,1.0,,,NSE_INDEX|Nifty 50,NSE_INDEX|Nifty 50,,,,,,,,,,
0.0,NSE_FO,NIFTY,NSE,1782844199000.0,PE,NIFTY,NIFTY,NSE_FO|79471,65.0,1755.0,79471,65.0,5.0,INDEX,INDEX,NIFTY 21450 PE 30 JUN 26,21450.0,1.0,,,NSE_INDEX|Nifty 50,NSE_INDEX|Nifty 50,,,,,,,,,,
0.0,NSE_FO,NIFTY,NSE,1782844199000.0,CE,NIFTY,NIFTY,NSE_FO|79472,65.0,1755.0,79472,65.0,5.0,INDEX,INDEX,NIFTY 21500 CE 30 JUN 26,21500.0,1.0,,,NSE_INDEX|Nifty 50,NSE_INDEX|Nifty 50,,,,,,,,,,
0.0,NSE_FO,NIFTY,NSE,1782844199000.0,PE,NIFTY,NIFTY,NSE_FO|79473,65.0,1755.0,79473,65.0,5.0,INDEX,INDEX,NIFTY 21500 PE 30 JUN 26,21500.0,1.0,,,NSE_INDEX|Nifty 50,NSE_INDEX|Nifty 50,,,,,,,,,,
0.0,NSE_FO,NIFTY,NSE,1782844199000.0,CE,NIFTY,NIFTY,NSE_FO|79474,65.0,1755.0,79474,65.0,5.0,INDEX,INDEX,NIFTY 21550 CE 30 JUN 26,21550.0,1.0,,,NSE_INDEX|Nifty 50,NSE_INDEX|Nifty 50,,,,,,,,,,
0.0,NSE_FO,NIFTY,NSE,1782844199000.0,PE,NIFTY,NIFTY,NSE_FO|79475,65.0,1755.0,79475,65.0,5.0,INDEX,INDEX,NIFTY 21550 PE 30 JUN 26,21550.0,1.0,,,NSE_INDEX|Nifty 50,NSE_INDEX|Nifty 50,,,,,,,,,,
0.0,NSE_FO,NIFTY,NSE,1782844199000.0,CE,NIFTY,NIFTY,NSE_FO|79476,65.0,1755.0,79476,65.0,5.0,INDEX,INDEX,NIFTY 21600 CE 30 JUN 26,21600.0,1.0,,,NSE_INDEX|Nifty 50,NSE_INDEX|Nifty 50,,,,,,,,,,
0.0,NSE_FO,NIFTY,NSE,1782844199000.0,PE,NIFTY,NIFTY,NSE_FO|79477,65.0,1755.0,79477,65.0,5.0,INDEX,INDEX,NIFTY 21600 PE 30 JUN 26,21600.0,1.0,,,NSE_INDEX|Nifty 50,NSE_INDEX|Nifty 50,,,,,,,,,,
0.0,NSE_FO,NIFTY,NSE,1782844199000.0,CE,NIFTY,NIFTY,NSE_FO|79478,65.0,1755.0,79478,65.0,5.0,INDEX,INDEX,NIFTY 21650 CE 30 JUN 26,21650.0,1.0,,,NSE_INDEX|Nifty 50,NSE_INDEX|Nifty 50,,,,,,,,,,
0.0,NSE_FO,NIFTY,NSE,1782844199000.0,CE,NIFTY,NIFTY,NSE_FO|79468,65.0,1755.0,79468,65.0,5.0,INDEX,INDEX,NIFTY 21400 CE 30 JUN 26,21400.0,1.0,,,NSE_INDEX|Nifty 50,NSE_INDEX|Nifty 50,,,,,,,,,,
0.0,NSE_FO,NIFTY,NSE,1782844199000.0,PE,NIFTY,NIFTY,NSE_FO|79469,65.0,1755.0,79469,65.0,5.0,INDEX,INDEX,NIFTY 21400 PE 30 JUN 26,21400.0,1.0,,,NSE_INDEX|Nifty 50,NSE_INDEX|Nifty 50,,,,,,,,,,
0.0,NSE_FO,NIFTY,NSE,1782844199000.0,CE,NIFTY,NIFTY,NSE_FO|79860,65.0,1755.0,79860,65.0,5.0,INDEX,INDEX,NIFTY 26200 CE 30 JUN 26,26200.0,1.0,,,NSE_INDEX|Nifty 50,NSE_INDEX|Nifty 50,,,,,,,,,,
0.0,NSE_FO,NIFTY,NSE,1782844199000.0,PE,NIFTY,NIFTY,NSE_FO|79861,65.0,1755.0,79861,65.0,5.0,INDEX,INDEX,NIFTY 26200 PE 30 JUN 26,26200.0,1.0,,,NSE_INDEX|Nifty 50,NSE_INDEX|Nifty 50,,,,,,,,,,
0.0,NSE_FO,NIFTY,NSE,1782844199000.0,CE,NIFTY,NIFTY,NSE_FO|79862,65.0,1755.0,79862,65.0,5.0,INDEX,INDEX,NIFTY 26250 CE 30 JUN 26,26250.0,1.0,,,NSE_INDEX|Nifty 50,NSE_INDEX|Nifty 50,,,,,,,,,,
0.0,NSE_FO,NIFTY,NSE,1782844199000.0,PE,NIFTY,NIFTY,NSE_FO|79853,65.0,1755.0,79853,65.0,5.0,INDEX,INDEX,NIFTY 25950 PE 30 JUN 26,25950.0,1.0,,,NSE_INDEX|Nifty 50,NSE_INDEX|Nifty 50,,,,,,,,,,
0.0,NSE_FO,NIFTY,NSE,1782844199000.0,CE,NIFTY,NIFTY,NSE_FO|79854,65.0,1755.0,79854,65.0,5.0,INDEX,INDEX,NIFTY 26050 CE 30 JUN 26,26050.0,1.0,,,NSE_INDEX|Nifty 50,NSE_INDEX|Nifty 50,,,,,,,,,,
0.0,NSE_FO,NIFTY,NSE,1782844199000.0,PE,NIFTY,NIFTY,NSE_FO|79855,65.0,1755.0,79855,65.0,5.0,INDEX,INDEX,NIFTY 26050 PE 30 JUN 26,26050.0,1.0,,,NSE_INDEX|Nifty 50,NSE_INDEX|Nifty 50,,,,,,,,,,
0.0,NSE_FO,NIFTY,NSE,1782844199000.0,CE,NIFTY,NIFTY,NSE_FO|79856,65.0,1755.0,79856,65.0,5.0,INDEX,INDEX,NIFTY 26100 CE 30 JUN 26,26100.0,1.0,,,NSE_INDEX|Nifty 50,NSE_INDEX|Nifty 50,,,,,,,,,,
0.0,NSE_FO,NIFTY,NSE,1782844199000.0,PE,NIFTY,NIFTY,NSE_FO|79857,65.0,1755.0,79857,65.0,5.0,INDEX,INDEX,NIFTY 26100 PE 30 JUN 26,26100.0,1.0,,,NSE_INDEX|Nifty 50,NSE_INDEX|Nifty 50,,,,,,,,,,
0.0,NSE_FO,NIFTY,NSE,1782844199000.0,CE,NIFTY,NIFTY,NSE_FO|79858,65.0,1755.0,79858,65.0,5.0,INDEX,INDEX,NIFTY 26150 CE 30 JUN 26,26150.0,1.0,,,NSE_INDEX|Nifty 50,NSE_INDEX|Nifty 50,,,,,,,,,,
0.0,NSE_FO,NIFTY,NSE,1782844199000.0,PE,NIFTY,NIFTY,NSE_FO|79859,65.0,1755.0,79859,65.0,5.0,INDEX,INDEX,NIFTY 26150 PE 30 JUN 26,26150.0,1.0,,,NSE_INDEX|Nifty 50,NSE_INDEX|Nifty 50,,,,,,,,,,
0.0,NSE_FO,NIFTY,NSE,1782844199000.0,PE,NIFTY,NIFTY,NSE_FO|79865,65.0,1755.0,79865,65.0,5.0,INDEX,INDEX,NIFTY 26250 PE 30 JUN 26,26250.0,1.0,,,NSE_INDEX|Nifty 50,NSE_INDEX|Nifty 50,,,,,,,,,,
0.0,NSE_FO,NIFTY,NSE,1782844199000.0,CE,NIFTY,NIFTY,NSE_FO|79866,65.0,1755.0,79866,65.0,5.0,INDEX,INDEX,NIFTY 26300 CE 30 JUN 26,26300.0,1.0,,,NSE_INDEX|Nifty 50,NSE_INDEX|Nifty 50,,,,,,,,,,
0.0,NSE_FO,NIFTY,NSE,1782844199000.0,PE,NIFTY,NIFTY,NSE_FO|79867,65.0,1755.0,79867,65.0,5.0,INDEX,INDEX,NIFTY 26300 PE 30 JUN 26,26300.0,1.0,,,NSE_INDEX|Nifty 50,NSE_INDEX|Nifty 50,,,,,,,,,,
0.0,NSE_FO,NIFTY,NSE,1782844199000.0,CE,NIFTY,NIFTY,NSE_FO|79868,65.0,1755.0,79868,65.0,5.0,INDEX,INDEX,NIFTY 26350 CE 30 JUN 26,26350.0,1.0,,,NSE_INDEX|Nifty 50,NSE_INDEX|Nifty 50,,,,,,,,,,
0.0,NSE_FO,NIFTY,NSE,1782844199000.0,PE,NIFTY,NIFTY,NSE_FO|79957,65.0,1755.0,79957,65.0,5.0,INDEX,INDEX,NIFTY 26400 PE 30 JUN 26,26400.0,1.0,,,NSE_INDEX|Nifty 50,NSE_INDEX|Nifty 50,,,,,,,,,,
0.0,NSE_FO,NIFTY,NSE,1782844199000.0,CE,NIFTY,NIFTY,NSE_FO|79958,65.0,1755.0,79958,65.0,5.0,INDEX,INDEX,NIFTY 26450 CE 30 JUN 26,26450.0,1.0,,,NSE_INDEX|Nifty 50,NSE_INDEX|Nifty 50,,,,,,,,,,
0.0,NSE_FO,NIFTY,NSE,1782844199000.0,PE,NIFTY,NIFTY,NSE_FO|79936,65.0,1755.0,79936,65.0,5.0,INDEX,INDEX,NIFTY 26350 PE 30 JUN 26,26350.0,1.0,,,NSE_INDEX|Nifty 50,NSE_INDEX|Nifty 50,,,,,,,,,,
0.0,NSE_FO,NIFTY,NSE,1782844199000.0,CE,NIFTY,NIFTY,NSE_FO|79937,65.0,1755.0,79937,65.0,5.0,INDEX,INDEX,NIFTY 26400 CE 30 JUN 26,26400.0,1.0,,,NSE_INDEX|Nifty 50,NSE_INDEX|Nifty 50,,,,,,,,,,
0.0,NSE_FO,NIFTY,NSE,1782844199000.0,CE,NIFTY,NIFTY,NSE_FO|51453,65.0,1755.0,51453,65.0,5.0,INDEX,INDEX,NIFTY 21000 CE 30 JUN 26,21000.0,1.0,,,NSE_INDEX|Nifty 50,NSE_INDEX|Nifty 50,,,,,,,,,,
0.0,NSE_FO,NIFTY,NSE,1782844199000.0,PE,NIFTY,NIFTY,NSE_FO|51455,65.0,1755.0,51455,65.0,5.0,INDEX,INDEX,NIFTY 21000 PE 30 JUN 26,21000.0,1.0,,,NSE_INDEX|Nifty 50,NSE_INDEX|Nifty 50,,,,,,,,,,
0.0,NSE_FO,NIFTY,NSE,1790706599000.0,PE,NIFTY,NIFTY,NSE_FO|65930,65.0,1755.0,65930,65.0,5.0,INDEX,INDEX,NIFTY 33000 PE 29 SEP 26,33000.0,1.0,,,NSE_INDEX|Nifty 50,NSE_INDEX|Nifty 50,,,,,,,,,,
0.0,NSE_FO,NIFTY,NSE,1790706599000.0,CE,NIFTY,NIFTY,NSE_FO|65923,65.0,1755.0,65923,65.0,5.0,INDEX,INDEX,NIFTY 30000 CE 29 SEP 26,30000.0,1.0,,,NSE_INDEX|Nifty 50,NSE_INDEX|Nifty 50,,,,,,,,,,
0.0,NSE_FO,NIFTY,NSE,1790706599000.0,PE,NIFTY,NIFTY,NSE_FO|65924,65.0,1755.0,65924,65.0,5.0,INDEX,INDEX,NIFTY 30000 PE 29 SEP 26,30000.0,1.0,,,NSE_INDEX|Nifty 50,NSE_INDEX|Nifty 50,,,,,,,,,,
0.0,NSE_FO,NIFTY,NSE,1790706599000.0,CE,NIFTY,NIFTY,NSE_FO|65929,65.0,1755.0,65929,65.0,5.0,INDEX,INDEX,NIFTY 33000 CE 29 SEP 26,33000.0,1.0,,,NSE_INDEX|Nifty 50,NSE_INDEX|Nifty 50,,,,,,,,,,
0.0,NSE_FO,NIFTY,NSE,1790706599000.0,CE,NIFTY,NIFTY,NSE_FO|65900,65.0,1755.0,65900,65.0,5.0,INDEX,INDEX,NIFTY 24000 CE 29 SEP 26,24000.0,1.0,,,NSE_INDEX|Nifty 50,NSE_INDEX|Nifty 50,,,,,,,,,,
0.0,NSE_FO,NIFTY,NSE,1790706599000.0,PE,NIFTY,NIFTY,NSE_FO|65901,65.0,1755.0,65901,65.0,5.0,INDEX,INDEX,NIFTY 24000 PE 29 SEP 26,24000.0,1.0,,,NSE_INDEX|Nifty 50,NSE_INDEX|Nifty 50,,,,,,,,,,
0.0,NSE_FO,NIFTY,NSE,1790706599000.0,PE,NIFTY,NIFTY,NSE_FO|65903,65.0,1755.0,65903,65.0,5.0,INDEX,INDEX,NIFTY 25000 PE 29 SEP 26,25000.0,1.0,,,NSE_INDEX|Nifty 50,NSE_INDEX|Nifty 50,,,,,,,,,,
0.0,NSE_FO,NIFTY,NSE,1790706599000.0,CE,NIFTY,NIFTY,NSE_FO|65904,65.0,1755.0,65904,65.0,5.0,INDEX,INDEX,NIFTY 26000 CE 29 SEP 26,26000.0,1.0,,,NSE_INDEX|Nifty 50,NSE_INDEX|Nifty 50,,,,,,,,,,
0.0,NSE_FO,NIFTY,NSE,1790706599000.0,PE,NIFTY,NIFTY,NSE_FO|65905,65.0,1755.0,65905,65.0,5.0,INDEX,INDEX,NIFTY 26000 PE 29 SEP 26,26000.0,1.0,,,NSE_INDEX|Nifty 50,NSE_INDEX|Nifty 50,,,,,,,,,,
0.0,NSE_FO,NIFTY,NSE,1790706599000.0,CE,NIFTY,NIFTY,NSE_FO|65906,65.0,1755.0,65906,65.0,5.0,INDEX,INDEX,NIFTY 27000 CE 29 SEP 26,27000.0,1.0,,,NSE_INDEX|Nifty 50,NSE_INDEX|Nifty 50,,,,,,,,,,
0.0,NSE_FO,NIFTY,NSE,1790706599000.0,PE,NIFTY,NIFTY,NSE_FO|65907,65.0,1755.0,65907,65.0,5.0,INDEX,INDEX,NIFTY 27000 PE 29 SEP 26,27000.0,1.0,,,NSE_INDEX|Nifty 50,NSE_INDEX|Nifty 50,,,,,,,,,,
0.0,NSE_FO,NIFTY,NSE,1790706599000.0,PE,NIFTY,NIFTY,NSE_FO|65894,65.0,1755.0,65894,65.0,5.0,INDEX,INDEX,NIFTY 21000 PE 29 SEP 26,21000.0,1.0,,,NSE_INDEX|Nifty 50,NSE_INDEX|Nifty 50,,,,,,,,,,
0.0,NSE_FO,NIFTY,NSE,1790706599000.0,PE,NIFTY,NIFTY,NSE_FO|65899,65.0,1755.0,65899,65.0,5.0,INDEX,INDEX,NIFTY 23000 PE 29 SEP 26,23000.0,1.0,,,NSE_INDEX|Nifty 50,NSE_INDEX|Nifty 50,,,,,,,,,,
0.0,NSE_FO,NIFTY,NSE,1790706599000.0,CE,NIFTY,NIFTY,NSE_FO|65881,65.0,1755.0,65881,65.0,5.0,INDEX,INDEX,NIFTY 15000 CE 29 SEP 26,15000.0,1.0,,,NSE_INDEX|Nifty 50,NSE_INDEX|Nifty 50,,,,,,,,,,
0.0,NSE_FO,NIFTY,NSE,1790706599000.0,PE,NIFTY,NIFTY,NSE_FO|65882,65.0,1755.0,65882,65.0,5.0,INDEX,INDEX,NIFTY 15000 PE 29 SEP 26,15000.0,1.0,,,NSE_INDEX|Nifty 50,NSE_INDEX|Nifty 50,,,,,,,,,,
0.0,NSE_FO,NIFTY,NSE,1790706599000.0,CE,NIFTY,NIFTY,NSE_FO|65887,65.0,1755.0,65887,65.0,5.0,INDEX,INDEX,NIFTY 18000 CE 29 SEP 26,18000.0,1.0,,,NSE_INDEX|Nifty 50,NSE_INDEX|Nifty 50,,,,,,,,,,
0.0,NSE_FO,NIFTY,NSE,1790706599000.0,PE,NIFTY,NIFTY,NSE_FO|65888,65.0,1755.0,65888,65.0,5.0,INDEX,INDEX,NIFTY 18000 PE 29 SEP 26,18000.0,1.0,,,NSE_INDEX|Nifty 50,NSE_INDEX|Nifty 50,,,,,,,,,,
0.0,NSE_FO,NIFTY,NSE,1790706599000.0,CE,NIFTY,NIFTY,NSE_FO|65893,65.0,1755.0,65893,65.0,5.0,INDEX,INDEX,NIFTY 21000 CE 29 SEP 26,21000.0,1.0,,,NSE_INDEX|Nifty 50,NSE_INDEX|Nifty 50,,,,,,,,,,
0.0,NSE_FO,NIFTY,NSE,1782844199000.0,PE,NIFTY,NIFTY,NSE_FO|71475,65.0,1755.0,71475,65.0,5.0,INDEX,INDEX,NIFTY 25000 PE 30 JUN 26,25000.0,1.0,,,NSE_INDEX|Nifty 50,NSE_INDEX|Nifty 50,,,,,,,,,,
0.0,NSE_FO,NIFTY,NSE,1782844199000.0,CE,NIFTY,NIFTY,NSE_FO|71476,65.0,1755.0,71476,65.0,5.0,INDEX,INDEX,NIFTY 26000 CE 30 JUN 26,26000.0,1.0,,,NSE_INDEX|Nifty 50,NSE_INDEX|Nifty 50,,,,,,,,,,
0.0,NSE_FO,NIFTY,NSE,1782844199000.0,PE,NIFTY,NIFTY,NSE_FO|71477,65.0,1755.0,71477,65.0,5.0,INDEX,INDEX,NIFTY 26000 PE 30 JUN 26,26000.0,1.0,,,NSE_INDEX|Nifty 50,NSE_INDEX|Nifty 50,,,,,,,,,,
0.0,NSE_FO,NIFTY,NSE,1782844199000.0,CE,NIFTY,NIFTY,NSE_FO|71472,65.0,1755.0,71472,65.0,5.0,INDEX,INDEX,NIFTY 24000 CE 30 JUN 26,24000.0,1.0,,,NSE_INDEX|Nifty 50,NSE_INDEX|Nifty 50,,,,,,,,,,
0.0,NSE_FO,NIFTY,NSE,1782844199000.0,PE,NIFTY,NIFTY,NSE_FO|71473,65.0,1755.0,71473,65.0,5.0,INDEX,INDEX,NIFTY 24000 PE 30 JUN 26,24000.0,1.0,,,NSE_INDEX|Nifty 50,NSE_INDEX|Nifty 50,,,,,,,,,,
0.0,NSE_FO,NIFTY,NSE,1782844199000.0,CE,NIFTY,NIFTY,NSE_FO|71474,65.0,1755.0,71474,65.0,5.0,INDEX,INDEX,NIFTY 25000 CE 30 JUN 26,25000.0,1.0,,,NSE_INDEX|Nifty 50,NSE_INDEX|Nifty 50,,,,,,,,,,
0.0,NSE_FO,NIFTY,NSE,1779820199000.0,CE,NIFTY,NIFTY,NSE_FO|71836,65.0,1755.0,71836,65.0,5.0,INDEX,INDEX,NIFTY 22300 CE 26 MAY 26,22300.0,1.0,,,NSE_INDEX|Nifty 50,NSE_INDEX|Nifty 50,,,,,,,,,,
0.0,NSE_FO,NIFTY,NSE,1779820199000.0,PE,NIFTY,NIFTY,NSE_FO|71837,65.0,1755.0,71837,65.0,5.0,INDEX,INDEX,NIFTY 22300 PE 26 MAY 26,22300.0,1.0,,,NSE_INDEX|Nifty 50,NSE_INDEX|Nifty 50,,,,,,,,,,
0.0,NSE_FO,NIFTY,NSE,1779820199000.0,CE,NIFTY,NIFTY,NSE_FO|71838,65.0,1755.0,71838,65.0,5.0,INDEX,INDEX,NIFTY 22350 CE 26 MAY 26,22350.0,1.0,,,NSE_INDEX|Nifty 50,NSE_INDEX|Nifty 50,,,,,,,,,,
0.0,NSE_FO,NIFTY,NSE,1779820199000.0,CE,NIFTY,NIFTY,NSE_FO|71832,65.0,1755.0,71832,65.0,5.0,INDEX,INDEX,NIFTY 22250 CE 26 MAY 26,22250.0,1.0,,,NSE_INDEX|Nifty 50,NSE_INDEX|Nifty 50,,,,,,,,,,
0.0,NSE_FO,NIFTY,NSE,1779820199000.0,PE,NIFTY,NIFTY,NSE_FO|71833,65.0,1755.0,71833,65.0,5.0,INDEX,INDEX,NIFTY 22250 PE 26 MAY 26,22250.0,1.0,,,NSE_INDEX|Nifty 50,NSE_INDEX|Nifty 50,,,,,,,,,,
0.0,NSE_FO,NIFTY,NSE,1779820199000.0,PE,NIFTY,NIFTY,NSE_FO|71839,65.0,1755.0,71839,65.0,5.0,INDEX,INDEX,NIFTY 22350 PE 26 MAY 26,22350.0,1.0,,,NSE_INDEX|Nifty 50,NSE_INDEX|Nifty 50,,,,,,,,,,
0.0,NSE_FO,NIFTY,NSE,1779820199000.0,CE,NIFTY,NIFTY,NSE_FO|71848,65.0,1755.0,71848,65.0,5.0,INDEX,INDEX,NIFTY 22450 CE 26 MAY 26,22450.0,1.0,,,NSE_INDEX|Nifty 50,NSE_INDEX|Nifty 50,,,,,,,,,,
0.0,NSE_FO,NIFTY,NSE,1779820199000.0,PE,NIFTY,NIFTY,NSE_FO|71849,65.0,1755.0,71849,65.0,5.0,INDEX,INDEX,NIFTY 22450 PE 26 MAY 26,22450.0,1.0,,,NSE_INDEX|Nifty 50,NSE_INDEX|Nifty 50,,,,,,,,,,
0.0,NSE_FO,NIFTY,NSE,1779820199000.0,CE,NIFTY,NIFTY,NSE_FO|71840,65.0,1755.0,71840,65.0,5.0,INDEX,INDEX,NIFTY 22400 CE 26 MAY 26,22400.0,1.0,,,NSE_INDEX|Nifty 50,NSE_INDEX|Nifty 50,,,,,,,,,,
0.0,NSE_FO,NIFTY,NSE,1779820199000.0,PE,NIFTY,NIFTY,NSE_FO|71841,65.0,1755.0,71841,65.0,5.0,INDEX,INDEX,NIFTY 22400 PE 26 MAY 26,22400.0,1.0,,,NSE_INDEX|Nifty 50,NSE_INDEX|Nifty 50,,,,,,,,,,
0.0,NSE_FO,NIFTY,NSE,1779820199000.0,CE,NIFTY,NIFTY,NSE_FO|71813,65.0,1755.0,71813,65.0,5.0,INDEX,INDEX,NIFTY 22050 CE 26 MAY 26,22050.0,1.0,,,NSE_INDEX|Nifty 50,NSE_INDEX|Nifty 50,,,,,,,,,,
0.0,NSE_FO,NIFTY,NSE,1779820199000.0,PE,NIFTY,NIFTY,NSE_FO|71814,65.0,1755.0,71814,65.0,5.0,INDEX,INDEX,NIFTY 22050 PE 26 MAY 26,22050.0,1.0,,,NSE_INDEX|Nifty 50,NSE_INDEX|Nifty 50,,,,,,,,,,
0.0,NSE_FO,NIFTY,NSE,1779820199000.0,CE,NIFTY,NIFTY,NSE_FO|71816,65.0,1755.0,71816,65.0,5.0,INDEX,INDEX,NIFTY 22100 CE 26 MAY 26,22100.0,1.0,,,NSE_INDEX|Nifty 50,NSE_INDEX|Nifty 50,,,,,,,,,,
0.0,NSE_FO,NIFTY,NSE,1779820199000.0,PE,NIFTY,NIFTY,NSE_FO|71817,65.0,1755.0,71817,65.0,5.0,INDEX,INDEX,NIFTY 22100 PE 26 MAY 26,22100.0,1.0,,,NSE_INDEX|Nifty 50,NSE_INDEX|Nifty 50,,,,,,,,,,
0.0,NSE_FO,NIFTY,NSE,1779820199000.0,CE,NIFTY,NIFTY,NSE_FO|71818,65.0,1755.0,71818,65.0,5.0,INDEX,INDEX,NIFTY 22150 CE 26 MAY 26,22150.0,1.0,,,NSE_INDEX|Nifty 50,NSE_INDEX|Nifty 50,,,,,,,,,,
0.0,NSE_FO,NIFTY,NSE,1779820199000.0,PE,NIFTY,NIFTY,NSE_FO|71819,65.0,1755.0,71819,65.0,5.0,INDEX,INDEX,NIFTY 22150 PE 26 MAY 26,22150.0,1.0,,,NSE_INDEX|Nifty 50,NSE_INDEX|Nifty 50,,,,,,,,,,
0.0,NSE_FO,NIFTY,NSE,1779820199000.0,CE,NIFTY,NIFTY,NSE_FO|71820,65.0,1755.0,71820,65.0,5.0,INDEX,INDEX,NIFTY 22200 CE 26 MAY 26,22200.0,1.0,,,NSE_INDEX|Nifty 50,NSE_INDEX|Nifty 50,,,,,,,,,,
0.0,NSE_FO,NIFTY,NSE,1779820199000.0,PE,NIFTY,NIFTY,NSE_FO|71821,65.0,1755.0,71821,65.0,5.0,INDEX,INDEX,NIFTY 22200 PE 26 MAY 26,22200.0,1.0,,,NSE_INDEX|Nifty 50,NSE_INDEX|Nifty 50,,,,,,,,,,
0.0,NSE_FO,NIFTY,NSE,1779820199000.0,CE,NIFTY,NIFTY,NSE_FO|71895,65.0,1755.0,71895,65.0,5.0,INDEX,INDEX,NIFTY 23050 CE 26 MAY 26,23050.0,1.0,,,NSE_INDEX|Nifty 50,NSE_INDEX|Nifty 50,,,,,,,,,,
0.0,NSE_FO,NIFTY,NSE,1779820199000.0,PE,NIFTY,NIFTY,NSE_FO|71896,65.0,1755.0,71896,65.0,5.0,INDEX,INDEX,NIFTY 23050 PE 26 MAY 26,23050.0,1.0,,,NSE_INDEX|Nifty 50,NSE_INDEX|Nifty 50,,,,,,,,,,
0.0,NSE_FO,NIFTY,NSE,1779820199000.0,PE,NIFTY,NIFTY,NSE_FO|71890,65.0,1755.0,71890,65.0,5.0,INDEX,INDEX,NIFTY 22950 PE 26 MAY 26,22950.0,1.0,,,NSE_INDEX|Nifty 50,NSE_INDEX|Nifty 50,,,,,,,,,,
0.0,NSE_FO,NIFTY,NSE,1779820199000.0,CE,NIFTY,NIFTY,NSE_FO|71891,65.0,1755.0,71891,65.0,5.0,INDEX,INDEX,NIFTY 23000 CE 26 MAY 26,23000.0,1.0,,,NSE_INDEX|Nifty 50,NSE_INDEX|Nifty 50,,,,,,,,,,
0.0,NSE_FO,NIFTY,NSE,1779820199000.0,PE,NIFTY,NIFTY,NSE_FO|71892,65.0,1755.0,71892,65.0,5.0,INDEX,INDEX,NIFTY 23000 PE 26 MAY 26,23000.0,1.0,,,NSE_INDEX|Nifty 50,NSE_INDEX|Nifty 50,,,,,,,,,,
0.0,NSE_FO,NIFTY,NSE,1779820199000.0,CE,NIFTY,NIFTY,NSE_FO|71879,65.0,1755.0,71879,65.0,5.0,INDEX,INDEX,NIFTY 22700 CE 26 MAY 26,22700.0,1.0,,,NSE_INDEX|Nifty 50,NSE_INDEX|Nifty 50,,,,,,,,,,
0.0,NSE_FO,NIFTY,NSE,1779820199000.0,CE,NIFTY,NIFTY,NSE_FO|71877,65.0,1755.0,71877,65.0,5.0,INDEX,INDEX,NIFTY 22650 CE 26 MAY 26,22650.0,1.0,,,NSE_INDEX|Nifty 50,NSE_INDEX|Nifty 50,,,,,,,,,,
0.0,NSE_FO,NIFTY,NSE,1779820199000.0,PE,NIFTY,NIFTY,NSE_FO|71878,65.0,1755.0,71878,65.0,5.0,INDEX,INDEX,NIFTY 22650 PE 26 MAY 26,22650.0,1.0,,,NSE_INDEX|Nifty 50,NSE_INDEX|Nifty 50,,,,,,,,,,
0.0,NSE_FO,NIFTY,NSE,1779820199000.0,PE,NIFTY,NIFTY,NSE_FO|71870,65.0,1755.0,71870,65.0,5.0,INDEX,INDEX,NIFTY 22600 PE 26 MAY 26,22600.0,1.0,,,NSE_INDEX|Nifty 50,NSE_INDEX|Nifty 50,,,,,,,,,,
0.0,NSE_FO,NIFTY,NSE,1779820199000.0,PE,NIFTY,NIFTY,NSE_FO|71886,65.0,1755.0,71886,65.0,5.0,INDEX,INDEX,NIFTY 22850 PE 26 MAY 26,22850.0,1.0,,,NSE_INDEX|Nifty 50,NSE_INDEX|Nifty 50,,,,,,,,,,
0.0,NSE_FO,NIFTY,NSE,1779820199000.0,CE,NIFTY,NIFTY,NSE_FO|71887,65.0,1755.0,71887,65.0,5.0,INDEX,INDEX,NIFTY 22900 CE 26 MAY 26,22900.0,1.0,,,NSE_INDEX|Nifty 50,NSE_INDEX|Nifty 50,,,,,,,,,,
0.0,NSE_FO,NIFTY,NSE,1779820199000.0,PE,NIFTY,NIFTY,NSE_FO|71888,65.0,1755.0,71888,65.0,5.0,INDEX,INDEX,NIFTY 22900 PE 26 MAY 26,22900.0,1.0,,,NSE_INDEX|Nifty 50,NSE_INDEX|Nifty 50,,,,,,,,,,
0.0,NSE_FO,NIFTY,NSE,1779820199000.0,CE,NIFTY,NIFTY,NSE_FO|71889,65.0,1755.0,71889,65.0,5.0,INDEX,INDEX,NIFTY 22950 CE 26 MAY 26,22950.0,1.0,,,NSE_INDEX|Nifty 50,NSE_INDEX|Nifty 50,,,,,,,,,,
0.0,NSE_FO,NIFTY,NSE,1779820199000.0,PE,NIFTY,NIFTY,NSE_FO|71882,65.0,1755.0,71882,65.0,5.0,INDEX,INDEX,NIFTY 22750 PE 26 MAY 26,22750.0,1.0,,,NSE_INDEX|Nifty 50,NSE_INDEX|Nifty 50,,,,,,,,,,
0.0,NSE_FO,NIFTY,NSE,1779820199000.0,CE,NIFTY,NIFTY,NSE_FO|71883,65.0,1755.0,71883,65.0,5.0,INDEX,INDEX,NIFTY 22800 CE 26 MAY 26,22800.0,1.0,,,NSE_INDEX|Nifty 50,NSE_INDEX|Nifty 50,,,,,,,,,,
0.0,NSE_FO,NIFTY,NSE,1779820199000.0,PE,NIFTY,NIFTY,NSE_FO|71884,65.0,1755.0,71884,65.0,5.0,INDEX,INDEX,NIFTY 22800 PE 26 MAY 26,22800.0,1.0,,,NSE_INDEX|Nifty 50,NSE_INDEX|Nifty 50,,,,,,,,,,
0.0,NSE_FO,NIFTY,NSE,1779820199000.0,CE,NIFTY,NIFTY,NSE_FO|71885,65.0,1755.0,71885,65.0,5.0,INDEX,INDEX,NIFTY 22850 CE 26 MAY 26,22850.0,1.0,,,NSE_INDEX|Nifty 50,NSE_INDEX|Nifty 50,,,,,,,,,,
0.0,NSE_FO,NIFTY,NSE,1779820199000.0,PE,NIFTY,NIFTY,NSE_FO|71880,65.0,1755.0,71880,65.0,5.0,INDEX,INDEX,NIFTY 22700 PE 26 MAY 26,22700.0,1.0,,,NSE_INDEX|Nifty 50,NSE_INDEX|Nifty 50,,,,,,,,,,
0.0,NSE_FO,NIFTY,NSE,1779820199000.0,CE,NIFTY,NIFTY,NSE_FO|71881,65.0,1755.0,71881,65.0,5.0,INDEX,INDEX,NIFTY 22750 CE 26 MAY 26,22750.0,1.0,,,NSE_INDEX|Nifty 50,NSE_INDEX|Nifty 50,,,,,,,,,,
0.0,NSE_FO,NIFTY,NSE,1779820199000.0,CE,NIFTY,NIFTY,NSE_FO|71859,65.0,1755.0,71859,65.0,5.0,INDEX,INDEX,NIFTY 22500 CE 26 MAY 26,22500.0,1.0,,,NSE_INDEX|Nifty 50,NSE_INDEX|Nifty 50,,,,,,,,,,
0.0,NSE_FO,NIFTY,NSE,1779820199000.0,PE,NIFTY,NIFTY,NSE_FO|71868,65.0,1755.0,71868,65.0,5.0,INDEX,INDEX,NIFTY 22550 PE 26 MAY 26,22550.0,1.0,,,NSE_INDEX|Nifty 50,NSE_INDEX|Nifty 50,,,,,,,,,,
0.0,NSE_FO,NIFTY,NSE,1779820199000.0,CE,NIFTY,NIFTY,NSE_FO|71869,65.0,1755.0,71869,65.0,5.0,INDEX,INDEX,NIFTY 22600 CE 26 MAY 26,22600.0,1.0,,,NSE_INDEX|Nifty 50,NSE_INDEX|Nifty 50,,,,,,,,,,
0.0,NSE_FO,NIFTY,NSE,1779820199000.0,CE,NIFTY,NIFTY,NSE_FO|71867,65.0,1755.0,71867,65.0,5.0,INDEX,INDEX,NIFTY 22550 CE 26 MAY 26,22550.0,1.0,,,NSE_INDEX|Nifty 50,NSE_INDEX|Nifty 50,,,,,,,,,,
0.0,NSE_FO,NIFTY,NSE,1779820199000.0,PE,NIFTY,NIFTY,NSE_FO|71860,65.0,1755.0,71860,65.0,5.0,INDEX,INDEX,NIFTY 22500 PE 26 MAY 26,22500.0,1.0,,,NSE_INDEX|Nifty 50,NSE_INDEX|Nifty 50,,,,,,,,,,
0.0,NSE_FO,NIFTY,NSE,1779820199000.0,PE,NIFTY,NIFTY,NSE_FO|71714,65.0,1755.0,71714,65.0,5.0,INDEX,INDEX,NIFTY 20450 PE 26 MAY 26,20450.0,1.0,,,NSE_INDEX|Nifty 50,NSE_INDEX|Nifty 50,,,,,,,,,,
0.0,NSE_FO,NIFTY,NSE,1779820199000.0,CE,NIFTY,NIFTY,NSE_FO|71715,65.0,1755.0,71715,65.0,5.0,INDEX,INDEX,NIFTY 20500 CE 26 MAY 26,20500.0,1.0,,,NSE_INDEX|Nifty 50,NSE_INDEX|Nifty 50,,,,,,,,,,
0.0,NSE_FO,NIFTY,NSE,1779820199000.0,PE,NIFTY,NIFTY,NSE_FO|71716,65.0,1755.0,71716,65.0,5.0,INDEX,INDEX,NIFTY 20500 PE 26 MAY 26,20500.0,1.0,,,NSE_INDEX|Nifty 50,NSE_INDEX|Nifty 50,,,,,,,,,,
0.0,NSE_FO,NIFTY,NSE,1779820199000.0,CE,NIFTY,NIFTY,NSE_FO|71717,65.0,1755.0,71717,65.0,5.0,INDEX,INDEX,NIFTY 20550 CE 26 MAY 26,20550.0,1.0,,,NSE_INDEX|Nifty 50,NSE_INDEX|Nifty 50,,,,,,,,,,
0.0,NSE_FO,NIFTY,NSE,1779820199000.0,PE,NIFTY,NIFTY,NSE_FO|71710,65.0,1755.0,71710,65.0,5.0,INDEX,INDEX,NIFTY 20400 PE 26 MAY 26,20400.0,1.0,,,NSE_INDEX|Nifty 50,NSE_INDEX|Nifty 50,,,,,,,,,,
0.0,NSE_FO,NIFTY,NSE,1779820199000.0,CE,NIFTY,NIFTY,NSE_FO|71711,65.0,1755.0,71711,65.0,5.0,INDEX,INDEX,NIFTY 20450 CE 26 MAY 26,20450.0,1.0,,,NSE_INDEX|Nifty 50,NSE_INDEX|Nifty 50,,,,,,,,,,
0.0,NSE_FO,NIFTY,NSE,1779820199000.0,PE,NIFTY,NIFTY,NSE_FO|71718,65.0,1755.0,71718,65.0,5.0,INDEX,INDEX,NIFTY 20550 PE 26 MAY 26,20550.0,1.0,,,NSE_INDEX|Nifty 50,NSE_INDEX|Nifty 50,,,,,,,,,,
0.0,NSE_FO,NIFTY,NSE,1779820199000.0,CE,NIFTY,NIFTY,NSE_FO|71719,65.0,1755.0,71719,65.0,5.0,INDEX,INDEX,NIFTY 20600 CE 26 MAY 26,20600.0,1.0,,,NSE_INDEX|Nifty 50,NSE_INDEX|Nifty 50,,,,,,,,,,
0.0,NSE_FO,NIFTY,NSE,1779820199000.0,CE,NIFTY,NIFTY,NSE_FO|71725,65.0,1755.0,71725,65.0,5.0,INDEX,INDEX,NIFTY 20750 CE 26 MAY 26,20750.0,1.0,,,NSE_INDEX|Nifty 50,NSE_INDEX|Nifty 50,,,,,,,,,,
0.0,NSE_FO,NIFTY,NSE,1779820199000.0,PE,NIFTY,NIFTY,NSE_FO|71726,65.0,1755.0,71726,65.0,5.0,INDEX,INDEX,NIFTY 20750 PE 26 MAY 26,20750.0,1.0,,,NSE_INDEX|Nifty 50,NSE_INDEX|Nifty 50,,,,,,,,,,
0.0,NSE_FO,NIFTY,NSE,1779820199000.0,CE,NIFTY,NIFTY,NSE_FO|71727,65.0,1755.0,71727,65.0,5.0,INDEX,INDEX,NIFTY 20800 CE 26 MAY 26,20800.0,1.0,,,NSE_INDEX|Nifty 50,NSE_INDEX|Nifty 50,,,,,,,,,,
0.0,NSE_FO,NIFTY,NSE,1779820199000.0,PE,NIFTY,NIFTY,NSE_FO|71728,65.0,1755.0,71728,65.0,5.0,INDEX,INDEX,NIFTY 20800 PE 26 MAY 26,20800.0,1.0,,,NSE_INDEX|Nifty 50,NSE_INDEX|Nifty 50,,,,,,,,,,
0.0,NSE_FO,NIFTY,NSE,1779820199000.0,CE,NIFTY,NIFTY,NSE_FO|71721,65.0,1755.0,71721,65.0,5.0,INDEX,INDEX,NIFTY 20650 CE 26 MAY 26,20650.0,1.0,,,NSE_INDEX|Nifty 50,NSE_INDEX|Nifty 50,,,,,,,,,,
0.0,NSE_FO,NIFTY,NSE,1779820199000.0,PE,NIFTY,NIFTY,NSE_FO|71722,65.0,1755.0,71722,65.0,5.0,INDEX,INDEX,NIFTY 20650 PE 26 MAY 26,20650.0,1.0,,,NSE_INDEX|Nifty 50,NSE_INDEX|Nifty 50,,,,,,,,,,
0.0,NSE_FO,NIFTY,NSE,1779820199000.0,CE,NIFTY,NIFTY,NSE_FO|71723,65.0,1755.0,71723,65.0,5.0,INDEX,INDEX,NIFTY 20700 CE 26 MAY 26,20700.0,1.0,,,NSE_INDEX|Nifty 50,NSE_INDEX|Nifty 50,,,,,,,,,,
0.0,NSE_FO,NIFTY,NSE,1779820199000.0,PE,NIFTY,NIFTY,NSE_FO|71724,65.0,1755.0,71724,65.0,5.0,INDEX,INDEX,NIFTY 20700 PE 26 MAY 26,20700.0,1.0,,,NSE_INDEX|Nifty 50,NSE_INDEX|Nifty 50,,,,,,,,,,
0.0,NSE_FO,NIFTY,NSE,1779820199000.0,PE,NIFTY,NIFTY,NSE_FO|71720,65.0,1755.0,71720,65.0,5.0,INDEX,INDEX,NIFTY 20600 PE 26 MAY 26,20600.0,1.0,,,NSE_INDEX|Nifty 50,NSE_INDEX|Nifty 50,,,,,,,,,,
0.0,NSE_FO,NIFTY,NSE,1779820199000.0,CE,NIFTY,NIFTY,NSE_FO|71729,65.0,1755.0,71729,65.0,5.0,INDEX,INDEX,NIFTY 20850 CE 26 MAY 26,20850.0,1.0,,,NSE_INDEX|Nifty 50,NSE_INDEX|Nifty 50,,,,,,,,,,
0.0,NSE_FO,NIFTY,NSE,1779820199000.0,CE,NIFTY,NIFTY,NSE_FO|71703,65.0,1755.0,71703,65.0,5.0,INDEX,INDEX,NIFTY 20350 CE 26 MAY 26,20350.0,1.0,,,NSE_INDEX|Nifty 50,NSE_INDEX|Nifty 50,,,,,,,,,,
0.0,NSE_FO,NIFTY,NSE,1779820199000.0,PE,NIFTY,NIFTY,NSE_FO|71704,65.0,1755.0,71704,65.0,5.0,INDEX,INDEX,NIFTY 20350 PE 26 MAY 26,20350.0,1.0,,,NSE_INDEX|Nifty 50,NSE_INDEX|Nifty 50,,,,,,,,,,
0.0,NSE_FO,NIFTY,NSE,1779820199000.0,CE,NIFTY,NIFTY,NSE_FO|71705,65.0,1755.0,71705,65.0,5.0,INDEX,INDEX,NIFTY 20400 CE 26 MAY 26,20400.0,1.0,,,NSE_INDEX|Nifty 50,NSE_INDEX|Nifty 50,,,,,,,,,,
0.0,NSE_FO,NIFTY,NSE,1779820199000.0,PE,NIFTY,NIFTY,NSE_FO|71700,65.0,1755.0,71700,65.0,5.0,INDEX,INDEX,NIFTY 20250 PE 26 MAY 26,20250.0,1.0,,,NSE_INDEX|Nifty 50,NSE_INDEX|Nifty 50,,,,,,,,,,
0.0,NSE_FO,NIFTY,NSE,1779820199000.0,CE,NIFTY,NIFTY,NSE_FO|71701,65.0,1755.0,71701,65.0,5.0,INDEX,INDEX,NIFTY 20300 CE 26 MAY 26,20300.0,1.0,,,NSE_INDEX|Nifty 50,NSE_INDEX|Nifty 50,,,,,,,,,,
0.0,NSE_FO,NIFTY,NSE,1779820199000.0,PE,NIFTY,NIFTY,NSE_FO|71702,65.0,1755.0,71702,65.0,5.0,INDEX,INDEX,NIFTY 20300 PE 26 MAY 26,20300.0,1.0,,,NSE_INDEX|Nifty 50,NSE_INDEX|Nifty 50,,,,,,,,,,
0.0,NSE_FO,NIFTY,NSE,1779820199000.0,PE,NIFTY,NIFTY,NSE_FO|71799,65.0,1755.0,71799,65.0,5.0,INDEX,INDEX,NIFTY 22000 PE 26 MAY 26,22000.0,1.0,,,NSE_INDEX|Nifty 50,NSE_INDEX|Nifty 50,,,,,,,,,,
0.0,NSE_FO,NIFTY,NSE,1779820199000.0,CE,NIFTY,NIFTY,NSE_FO|71790,65.0,1755.0,71790,65.0,5.0,INDEX,INDEX,NIFTY 21950 CE 26 MAY 26,21950.0,1.0,,,NSE_INDEX|Nifty 50,NSE_INDEX|Nifty 50,,,,,,,,,,
0.0,NSE_FO,NIFTY,NSE,1779820199000.0,PE,NIFTY,NIFTY,NSE_FO|71792,65.0,1755.0,71792,65.0,5.0,INDEX,INDEX,NIFTY 21950 PE 26 MAY 26,21950.0,1.0,,,NSE_INDEX|Nifty 50,NSE_INDEX|Nifty 50,,,,,,,,,,
0.0,NSE_FO,NIFTY,NSE,1779820199000.0,CE,NIFTY,NIFTY,NSE_FO|71793,65.0,1755.0,71793,65.0,5.0,INDEX,INDEX,NIFTY 22000 CE 26 MAY 26,22000.0,1.0,,,NSE_INDEX|Nifty 50,NSE_INDEX|Nifty 50,,,,,,,,,,
0.0,NSE_FO,NIFTY,NSE,1779820199000.0,CE,NIFTY,NIFTY,NSE_FO|71778,65.0,1755.0,71778,65.0,5.0,INDEX,INDEX,NIFTY 21650 CE 26 MAY 26,21650.0,1.0,,,NSE_INDEX|Nifty 50,NSE_INDEX|Nifty 50,,,,,,,,,,
0.0,NSE_FO,NIFTY,NSE,1779820199000.0,PE,NIFTY,NIFTY,NSE_FO|71779,65.0,1755.0,71779,65.0,5.0,INDEX,INDEX,NIFTY 21650 PE 26 MAY 26,21650.0,1.0,,,NSE_INDEX|Nifty 50,NSE_INDEX|Nifty 50,,,,,,,,,,
0.0,NSE_FO,NIFTY,NSE,1779820199000.0,PE,NIFTY,NIFTY,NSE_FO|71772,65.0,1755.0,71772,65.0,5.0,INDEX,INDEX,NIFTY 21600 PE 26 MAY 26,21600.0,1.0,,,NSE_INDEX|Nifty 50,NSE_INDEX|Nifty 50,,,,,,,,,,
0.0,NSE_FO,NIFTY,NSE,1779820199000.0,PE,NIFTY,NIFTY,NSE_FO|71770,65.0,1755.0,71770,65.0,5.0,INDEX,INDEX,NIFTY 21550 PE 26 MAY 26,21550.0,1.0,,,NSE_INDEX|Nifty 50,NSE_INDEX|Nifty 50,,,,,,,,,,
0.0,NSE_FO,NIFTY,NSE,1779820199000.0,CE,NIFTY,NIFTY,NSE_FO|71771,65.0,1755.0,71771,65.0,5.0,INDEX,INDEX,NIFTY 21600 CE 26 MAY 26,21600.0,1.0,,,NSE_INDEX|Nifty 50,NSE_INDEX|Nifty 50,,,,,,,,,,
0.0,NSE_FO,NIFTY,NSE,1779820199000.0,PE,NIFTY,NIFTY,NSE_FO|71787,65.0,1755.0,71787,65.0,5.0,INDEX,INDEX,NIFTY 21850 PE 26 MAY 26,21850.0,1.0,,,NSE_INDEX|Nifty 50,NSE_INDEX|Nifty 50,,,,,,,,,,
0.0,NSE_FO,NIFTY,NSE,1779820199000.0,CE,NIFTY,NIFTY,NSE_FO|71788,65.0,1755.0,71788,65.0,5.0,INDEX,INDEX,NIFTY 21900 CE 26 MAY 26,21900.0,1.0,,,NSE_INDEX|Nifty 50,NSE_INDEX|Nifty 50,,,,,,,,,,
0.0,NSE_FO,NIFTY,NSE,1779820199000.0,PE,NIFTY,NIFTY,NSE_FO|71789,65.0,1755.0,71789,65.0,5.0,INDEX,INDEX,NIFTY 21900 PE 26 MAY 26,21900.0,1.0,,,NSE_INDEX|Nifty 50,NSE_INDEX|Nifty 50,,,,,,,,,,
0.0,NSE_FO,NIFTY,NSE,1779820199000.0,PE,NIFTY,NIFTY,NSE_FO|71783,65.0,1755.0,71783,65.0,5.0,INDEX,INDEX,NIFTY 21750 PE 26 MAY 26,21750.0,1.0,,,NSE_INDEX|Nifty 50,NSE_INDEX|Nifty 50,,,,,,,,,,
0.0,NSE_FO,NIFTY,NSE,1779820199000.0,CE,NIFTY,NIFTY,NSE_FO|71784,65.0,1755.0,71784,65.0,5.0,INDEX,INDEX,NIFTY 21800 CE 26 MAY 26,21800.0,1.0,,,NSE_INDEX|Nifty 50,NSE_INDEX|Nifty 50,,,,,,,,,,
0.0,NSE_FO,NIFTY,NSE,1779820199000.0,PE,NIFTY,NIFTY,NSE_FO|71785,65.0,1755.0,71785,65.0,5.0,INDEX,INDEX,NIFTY 21800 PE 26 MAY 26,21800.0,1.0,,,NSE_INDEX|Nifty 50,NSE_INDEX|Nifty 50,,,,,,,,,,
0.0,NSE_FO,NIFTY,NSE,1779820199000.0,CE,NIFTY,NIFTY,NSE_FO|71786,65.0,1755.0,71786,65.0,5.0,INDEX,INDEX,NIFTY 21850 CE 26 MAY 26,21850.0,1.0,,,NSE_INDEX|Nifty 50,NSE_INDEX|Nifty 50,,,,,,,,,,
0.0,NSE_FO,NIFTY,NSE,1779820199000.0,CE,NIFTY,NIFTY,NSE_FO|71780,65.0,1755.0,71780,65.0,5.0,INDEX,INDEX,NIFTY 21700 CE 26 MAY 26,21700.0,1.0,,,NSE_INDEX|Nifty 50,NSE_INDEX|Nifty 50,,,,,,,,,,
0.0,NSE_FO,NIFTY,NSE,1779820199000.0,PE,NIFTY,NIFTY,NSE_FO|71781,65.0,1755.0,71781,65.0,5.0,INDEX,INDEX,NIFTY 21700 PE 26 MAY 26,21700.0,1.0,,,NSE_INDEX|Nifty 50,NSE_INDEX|Nifty 50,,,,,,,,,,
0.0,NSE_FO,NIFTY,NSE,1779820199000.0,CE,NIFTY,NIFTY,NSE_FO|71782,65.0,1755.0,71782,65.0,5.0,INDEX,INDEX,NIFTY 21750 CE 26 MAY 26,21750.0,1.0,,,NSE_INDEX|Nifty 50,NSE_INDEX|Nifty 50,,,,,,,,,,
0.0,NSE_FO,NIFTY,NSE,1779820199000.0,PE,NIFTY,NIFTY,NSE_FO|71754,65.0,1755.0,71754,65.0,5.0,INDEX,INDEX,NIFTY 21300 PE 26 MAY 26,21300.0,1.0,,,NSE_INDEX|Nifty 50,NSE_INDEX|Nifty 50,,,,,,,,,,
0.0,NSE_FO,NIFTY,NSE,1779820199000.0,CE,NIFTY,NIFTY,NSE_FO|71753,65.0,1755.0,71753,65.0,5.0,INDEX,INDEX,NIFTY 21300 CE 26 MAY 26,21300.0,1.0,,,NSE_INDEX|Nifty 50,NSE_INDEX|Nifty 50,,,,,,,,,,
0.0,NSE_FO,NIFTY,NSE,1779820199000.0,CE,NIFTY,NIFTY,NSE_FO|71769,65.0,1755.0,71769,65.0,5.0,INDEX,INDEX,NIFTY 21550 CE 26 MAY 26,21550.0,1.0,,,NSE_INDEX|Nifty 50,NSE_INDEX|Nifty 50,,,,,,,,,,
0.0,NSE_FO,NIFTY,NSE,1779820199000.0,CE,NIFTY,NIFTY,NSE_FO|71765,65.0,1755.0,71765,65.0,5.0,INDEX,INDEX,NIFTY 21450 CE 26 MAY 26,21450.0,1.0,,,NSE_INDEX|Nifty 50,NSE_INDEX|Nifty 50,,,,,,,,,,
0.0,NSE_FO,NIFTY,NSE,1779820199000.0,PE,NIFTY,NIFTY,NSE_FO|71766,65.0,1755.0,71766,65.0,5.0,INDEX,INDEX,NIFTY 21450 PE 26 MAY 26,21450.0,1.0,,,NSE_INDEX|Nifty 50,NSE_INDEX|Nifty 50,,,,,,,,,,
0.0,NSE_FO,NIFTY,NSE,1779820199000.0,CE,NIFTY,NIFTY,NSE_FO|71767,65.0,1755.0,71767,65.0,5.0,INDEX,INDEX,NIFTY 21500 CE 26 MAY 26,21500.0,1.0,,,NSE_INDEX|Nifty 50,NSE_INDEX|Nifty 50,,,,,,,,,,
0.0,NSE_FO,NIFTY,NSE,1779820199000.0,PE,NIFTY,NIFTY,NSE_FO|71768,65.0,1755.0,71768,65.0,5.0,INDEX,INDEX,NIFTY 21500 PE 26 MAY 26,21500.0,1.0,,,NSE_INDEX|Nifty 50,NSE_INDEX|Nifty 50,,,,,,,,,,
0.0,NSE_FO,NIFTY,NSE,1779820199000.0,CE,NIFTY,NIFTY,NSE_FO|71761,65.0,1755.0,71761,65.0,5.0,INDEX,INDEX,NIFTY 21350 CE 26 MAY 26,21350.0,1.0,,,NSE_INDEX|Nifty 50,NSE_INDEX|Nifty 50,,,,,,,,,,
0.0,NSE_FO,NIFTY,NSE,1779820199000.0,PE,NIFTY,NIFTY,NSE_FO|71762,65.0,1755.0,71762,65.0,5.0,INDEX,INDEX,NIFTY 21350 PE 26 MAY 26,21350.0,1.0,,,NSE_INDEX|Nifty 50,NSE_INDEX|Nifty 50,,,,,,,,,,
0.0,NSE_FO,NIFTY,NSE,1779820199000.0,CE,NIFTY,NIFTY,NSE_FO|71763,65.0,1755.0,71763,65.0,5.0,INDEX,INDEX,NIFTY 21400 CE 26 MAY 26,21400.0,1.0,,,NSE_INDEX|Nifty 50,NSE_INDEX|Nifty 50,,,,,,,,,,
0.0,NSE_FO,NIFTY,NSE,1779820199000.0,PE,NIFTY,NIFTY,NSE_FO|71764,65.0,1755.0,71764,65.0,5.0,INDEX,INDEX,NIFTY 21400 PE 26 MAY 26,21400.0,1.0,,,NSE_INDEX|Nifty 50,NSE_INDEX|Nifty 50,,,,,,,,,,
0.0,NSE_FO,NIFTY,NSE,1779820199000.0,PE,NIFTY,NIFTY,NSE_FO|71736,65.0,1755.0,71736,65.0,5.0,INDEX,INDEX,NIFTY 21000 PE 26 MAY 26,21000.0,1.0,,,NSE_INDEX|Nifty 50,NSE_INDEX|Nifty 50,,,,,,,,,,
0.0,NSE_FO,NIFTY,NSE,1779820199000.0,CE,NIFTY,NIFTY,NSE_FO|71737,65.0,1755.0,71737,65.0,5.0,INDEX,INDEX,NIFTY 21050 CE 26 MAY 26,21050.0,1.0,,,NSE_INDEX|Nifty 50,NSE_INDEX|Nifty 50,,,,,,,,,,
0.0,NSE_FO,NIFTY,NSE,1779820199000.0,PE,NIFTY,NIFTY,NSE_FO|71738,65.0,1755.0,71738,65.0,5.0,INDEX,INDEX,NIFTY 21050 PE 26 MAY 26,21050.0,1.0,,,NSE_INDEX|Nifty 50,NSE_INDEX|Nifty 50,,,,,,,,,,
0.0,NSE_FO,NIFTY,NSE,1779820199000.0,CE,NIFTY,NIFTY,NSE_FO|71739,65.0,1755.0,71739,65.0,5.0,INDEX,INDEX,NIFTY 21100 CE 26 MAY 26,21100.0,1.0,,,NSE_INDEX|Nifty 50,NSE_INDEX|Nifty 50,,,,,,,,,,
0.0,NSE_FO,NIFTY,NSE,1779820199000.0,PE,NIFTY,NIFTY,NSE_FO|71732,65.0,1755.0,71732,65.0,5.0,INDEX,INDEX,NIFTY 20900 PE 26 MAY 26,20900.0,1.0,,,NSE_INDEX|Nifty 50,NSE_INDEX|Nifty 50,,,,,,,,,,
0.0,NSE_FO,NIFTY,NSE,1779820199000.0,CE,NIFTY,NIFTY,NSE_FO|71733,65.0,1755.0,71733,65.0,5.0,INDEX,INDEX,NIFTY 20950 CE 26 MAY 26,20950.0,1.0,,,NSE_INDEX|Nifty 50,NSE_INDEX|Nifty 50,,,,,,,,,,
0.0,NSE_FO,NIFTY,NSE,1779820199000.0,PE,NIFTY,NIFTY,NSE_FO|71734,65.0,1755.0,71734,65.0,5.0,INDEX,INDEX,NIFTY 20950 PE 26 MAY 26,20950.0,1.0,,,NSE_INDEX|Nifty 50,NSE_INDEX|Nifty 50,,,,,,,,,,
0.0,NSE_FO,NIFTY,NSE,1779820199000.0,CE,NIFTY,NIFTY,NSE_FO|71735,65.0,1755.0,71735,65.0,5.0,INDEX,INDEX,NIFTY 21000 CE 26 MAY 26,21000.0,1.0,,,NSE_INDEX|Nifty 50,NSE_INDEX|Nifty 50,,,,,,,,,,
0.0,NSE_FO,NIFTY,NSE,1779820199000.0,PE,NIFTY,NIFTY,NSE_FO|71730,65.0,1755.0,71730,65.0,5.0,INDEX,INDEX,NIFTY 20850 PE 26 MAY 26,20850.0,1.0,,,NSE_INDEX|Nifty 50,NSE_INDEX|Nifty 50,,,,,,,,,,
0.0,NSE_FO,NIFTY,NSE,1779820199000.0,CE,NIFTY,NIFTY,NSE_FO|71731,65.0,1755.0,71731,65.0,5.0,INDEX,INDEX,NIFTY 20900 CE 26 MAY 26,20900.0,1.0,,,NSE_INDEX|Nifty 50,NSE_INDEX|Nifty 50,,,,,,,,,,
0.0,NSE_FO,NIFTY,NSE,1779820199000.0,CE,NIFTY,NIFTY,NSE_FO|71747,65.0,1755.0,71747,65.0,5.0,INDEX,INDEX,NIFTY 21250 CE 26 MAY 26,21250.0,1.0,,,NSE_INDEX|Nifty 50,NSE_INDEX|Nifty 50,,,,,,,,,,
0.0,NSE_FO,NIFTY,NSE,1779820199000.0,PE,NIFTY,NIFTY,NSE_FO|71748,65.0,1755.0,71748,65.0,5.0,INDEX,INDEX,NIFTY 21250 PE 26 MAY 26,21250.0,1.0,,,NSE_INDEX|Nifty 50,NSE_INDEX|Nifty 50,,,,,,,,,,
0.0,NSE_FO,NIFTY,NSE,1779820199000.0,CE,NIFTY,NIFTY,NSE_FO|71745,65.0,1755.0,71745,65.0,5.0,INDEX,INDEX,NIFTY 21200 CE 26 MAY 26,21200.0,1.0,,,NSE_INDEX|Nifty 50,NSE_INDEX|Nifty 50,,,,,,,,,,
0.0,NSE_FO,NIFTY,NSE,1779820199000.0,PE,NIFTY,NIFTY,NSE_FO|71746,65.0,1755.0,71746,65.0,5.0,INDEX,INDEX,NIFTY 21200 PE 26 MAY 26,21200.0,1.0,,,NSE_INDEX|Nifty 50,NSE_INDEX|Nifty 50,,,,,,,,,,
0.0,NSE_FO,NIFTY,NSE,1779820199000.0,PE,NIFTY,NIFTY,NSE_FO|71740,65.0,1755.0,71740,65.0,5.0,INDEX,INDEX,NIFTY 21100 PE 26 MAY 26,21100.0,1.0,,,NSE_INDEX|Nifty 50,NSE_INDEX|Nifty 50,,,,,,,,,,
0.0,NSE_FO,NIFTY,NSE,1779820199000.0,CE,NIFTY,NIFTY,NSE_FO|71741,65.0,1755.0,71741,65.0,5.0,INDEX,INDEX,NIFTY 21150 CE 26 MAY 26,21150.0,1.0,,,NSE_INDEX|Nifty 50,NSE_INDEX|Nifty 50,,,,,,,,,,
0.0,NSE_FO,NIFTY,NSE,1779820199000.0,PE,NIFTY,NIFTY,NSE_FO|71742,65.0,1755.0,71742,65.0,5.0,INDEX,INDEX,NIFTY 21150 PE 26 MAY 26,21150.0,1.0,,,NSE_INDEX|Nifty 50,NSE_INDEX|Nifty 50,,,,,,,,,,
0.0,NSE_FO,NIFTY,NSE,1779820199000.0,PE,NIFTY,NIFTY,NSE_FO|71666,65.0,1755.0,71666,65.0,5.0,INDEX,INDEX,NIFTY 20200 PE 26 MAY 26,20200.0,1.0,,,NSE_INDEX|Nifty 50,NSE_INDEX|Nifty 50,,,,,,,,,,
0.0,NSE_FO,NIFTY,NSE,1779820199000.0,CE,NIFTY,NIFTY,NSE_FO|71667,65.0,1755.0,71667,65.0,5.0,INDEX,INDEX,NIFTY 20250 CE 26 MAY 26,20250.0,1.0,,,NSE_INDEX|Nifty 50,NSE_INDEX|Nifty 50,,,,,,,,,,
0.0,NSE_FO,NIFTY,NSE,1779820199000.0,CE,NIFTY,NIFTY,NSE_FO|71663,65.0,1755.0,71663,65.0,5.0,INDEX,INDEX,NIFTY 20150 CE 26 MAY 26,20150.0,1.0,,,NSE_INDEX|Nifty 50,NSE_INDEX|Nifty 50,,,,,,,,,,
0.0,NSE_FO,NIFTY,NSE,1779820199000.0,PE,NIFTY,NIFTY,NSE_FO|71664,65.0,1755.0,71664,65.0,5.0,INDEX,INDEX,NIFTY 20150 PE 26 MAY 26,20150.0,1.0,,,NSE_INDEX|Nifty 50,NSE_INDEX|Nifty 50,,,,,,,,,,
0.0,NSE_FO,NIFTY,NSE,1779820199000.0,CE,NIFTY,NIFTY,NSE_FO|71665,65.0,1755.0,71665,65.0,5.0,INDEX,INDEX,NIFTY 20200 CE 26 MAY 26,20200.0,1.0,,,NSE_INDEX|Nifty 50,NSE_INDEX|Nifty 50,,,,,,,,,,
0.0,NSE_FO,NIFTY,NSE,1814293799000.0,CE,NIFTY,NIFTY,NSE_FO|71553,65.0,1755.0,71553,65.0,5.0,INDEX,INDEX,NIFTY 21000 CE 29 JUN 27,21000.0,1.0,,,NSE_INDEX|Nifty 50,NSE_INDEX|Nifty 50,,,,,,,,,,
0.0,NSE_FO,NIFTY,NSE,1814293799000.0,PE,NIFTY,NIFTY,NSE_FO|71554,65.0,1755.0,71554,65.0,5.0,INDEX,INDEX,NIFTY 21000 PE 29 JUN 27,21000.0,1.0,,,NSE_INDEX|Nifty 50,NSE_INDEX|Nifty 50,,,,,,,,,,
0.0,NSE_FO,NIFTY,NSE,1814293799000.0,PE,NIFTY,NIFTY,NSE_FO|71550,65.0,1755.0,71550,65.0,5.0,INDEX,INDEX,NIFTY 19000 PE 29 JUN 27,19000.0,1.0,,,NSE_INDEX|Nifty 50,NSE_INDEX|Nifty 50,,,,,,,,,,
0.0,NSE_FO,NIFTY,NSE,1814293799000.0,CE,NIFTY,NIFTY,NSE_FO|71560,65.0,1755.0,71560,65.0,5.0,INDEX,INDEX,NIFTY 24000 CE 29 JUN 27,24000.0,1.0,,,NSE_INDEX|Nifty 50,NSE_INDEX|Nifty 50,,,,,,,,,,
0.0,NSE_FO,NIFTY,NSE,1814293799000.0,PE,NIFTY,NIFTY,NSE_FO|71561,65.0,1755.0,71561,65.0,5.0,INDEX,INDEX,NIFTY 24000 PE 29 JUN 27,24000.0,1.0,,,NSE_INDEX|Nifty 50,NSE_INDEX|Nifty 50,,,,,,,,,,
0.0,NSE_FO,NIFTY,NSE,1814293799000.0,CE,NIFTY,NIFTY,NSE_FO|71549,65.0,1755.0,71549,65.0,5.0,INDEX,INDEX,NIFTY 19000 CE 29 JUN 27,19000.0,1.0,,,NSE_INDEX|Nifty 50,NSE_INDEX|Nifty 50,,,,,,,,,,
0.0,NSE_FO,NIFTY,NSE,1814293799000.0,CE,NIFTY,NIFTY,NSE_FO|71547,65.0,1755.0,71547,65.0,5.0,INDEX,INDEX,NIFTY 18000 CE 29 JUN 27,18000.0,1.0,,,NSE_INDEX|Nifty 50,NSE_INDEX|Nifty 50,,,,,,,,,,
0.0,NSE_FO,NIFTY,NSE,1814293799000.0,PE,NIFTY,NIFTY,NSE_FO|71548,65.0,1755.0,71548,65.0,5.0,INDEX,INDEX,NIFTY 18000 PE 29 JUN 27,18000.0,1.0,,,NSE_INDEX|Nifty 50,NSE_INDEX|Nifty 50,,,,,,,,,,
0.0,NSE_FO,NIFTY,NSE,1814293799000.0,PE,NIFTY,NIFTY,NSE_FO|71541,65.0,1755.0,71541,65.0,5.0,INDEX,INDEX,NIFTY 15000 PE 29 JUN 27,15000.0,1.0,,,NSE_INDEX|Nifty 50,NSE_INDEX|Nifty 50,,,,,,,,,,
0.0,NSE_FO,NIFTY,NSE,1814293799000.0,CE,NIFTY,NIFTY,NSE_FO|71540,65.0,1755.0,71540,65.0,5.0,INDEX,INDEX,NIFTY 15000 CE 29 JUN 27,15000.0,1.0,,,NSE_INDEX|Nifty 50,NSE_INDEX|Nifty 50,,,,,,,,,,
0.0,NSE_FO,NIFTY,NSE,1798568999000.0,CE,NIFTY,NIFTY,NSE_FO|71505,65.0,1755.0,71505,65.0,5.0,INDEX,INDEX,NIFTY 26000 CE 29 DEC 26,26000.0,1.0,,,NSE_INDEX|Nifty 50,NSE_INDEX|Nifty 50,,,,,,,,,,
0.0,NSE_FO,NIFTY,NSE,1798568999000.0,PE,NIFTY,NIFTY,NSE_FO|71506,65.0,1755.0,71506,65.0,5.0,INDEX,INDEX,NIFTY 26000 PE 29 DEC 26,26000.0,1.0,,,NSE_INDEX|Nifty 50,NSE_INDEX|Nifty 50,,,,,,,,,,
0.0,NSE_FO,NIFTY,NSE,1798568999000.0,CE,NIFTY,NIFTY,NSE_FO|71501,65.0,1755.0,71501,65.0,5.0,INDEX,INDEX,NIFTY 24000 CE 29 DEC 26,24000.0,1.0,,,NSE_INDEX|Nifty 50,NSE_INDEX|Nifty 50,,,,,,,,,,
0.0,NSE_FO,NIFTY,NSE,1798568999000.0,PE,NIFTY,NIFTY,NSE_FO|71502,65.0,1755.0,71502,65.0,5.0,INDEX,INDEX,NIFTY 24000 PE 29 DEC 26,24000.0,1.0,,,NSE_INDEX|Nifty 50,NSE_INDEX|Nifty 50,,,,,,,,,,
0.0,NSE_FO,NIFTY,NSE,1798568999000.0,CE,NIFTY,NIFTY,NSE_FO|71503,65.0,1755.0,71503,65.0,5.0,INDEX,INDEX,NIFTY 25000 CE 29 DEC 26,25000.0,1.0,,,NSE_INDEX|Nifty 50,NSE_INDEX|Nifty 50,,,,,,,,,,
0.0,NSE_FO,NIFTY,NSE,1798568999000.0,PE,NIFTY,NIFTY,NSE_FO|71504,65.0,1755.0,71504,65.0,5.0,INDEX,INDEX,NIFTY 25000 PE 29 DEC 26,25000.0,1.0,,,NSE_INDEX|Nifty 50,NSE_INDEX|Nifty 50,,,,,,,,,,
0.0,NSE_FO,NIFTY,NSE,1779820199000.0,CE,NIFTY,NIFTY,NSE_FO|71941,65.0,1755.0,71941,65.0,5.0,INDEX,INDEX,NIFTY 23150 CE 26 MAY 26,23150.0,1.0,,,NSE_INDEX|Nifty 50,NSE_INDEX|Nifty 50,,,,,,,,,,
0.0,NSE_FO,NIFTY,NSE,1779820199000.0,PE,NIFTY,NIFTY,NSE_FO|71942,65.0,1755.0,71942,65.0,5.0,INDEX,INDEX,NIFTY 23150 PE 26 MAY 26,23150.0,1.0,,,NSE_INDEX|Nifty 50,NSE_INDEX|Nifty 50,,,,,,,,,,
0.0,NSE_FO,NIFTY,NSE,1779820199000.0,CE,NIFTY,NIFTY,NSE_FO|71919,65.0,1755.0,71919,65.0,5.0,INDEX,INDEX,NIFTY 23100 CE 26 MAY 26,23100.0,1.0,,,NSE_INDEX|Nifty 50,NSE_INDEX|Nifty 50,,,,,,,,,,
0.0,NSE_FO,NIFTY,NSE,1779820199000.0,PE,NIFTY,NIFTY,NSE_FO|71920,65.0,1755.0,71920,65.0,5.0,INDEX,INDEX,NIFTY 23100 PE 26 MAY 26,23100.0,1.0,,,NSE_INDEX|Nifty 50,NSE_INDEX|Nifty 50,,,,,,,,,,
0.0,NSE_FO,NIFTY,NSE,1779820199000.0,PE,NIFTY,NIFTY,NSE_FO|71978,65.0,1755.0,71978,65.0,5.0,INDEX,INDEX,NIFTY 23200 PE 26 MAY 26,23200.0,1.0,,,NSE_INDEX|Nifty 50,NSE_INDEX|Nifty 50,,,,,,,,,,
0.0,NSE_FO,NIFTY,NSE,1779820199000.0,CE,NIFTY,NIFTY,NSE_FO|71979,65.0,1755.0,71979,65.0,5.0,INDEX,INDEX,NIFTY 23250 CE 26 MAY 26,23250.0,1.0,,,NSE_INDEX|Nifty 50,NSE_INDEX|Nifty 50,,,,,,,,,,
0.0,NSE_FO,NIFTY,NSE,1779820199000.0,CE,NIFTY,NIFTY,NSE_FO|71977,65.0,1755.0,71977,65.0,5.0,INDEX,INDEX,NIFTY 23200 CE 26 MAY 26,23200.0,1.0,,,NSE_INDEX|Nifty 50,NSE_INDEX|Nifty 50,,,,,,,,,,
0.0,NSE_FO,NIFTY,NSE,1779820199000.0,CE,NIFTY,NIFTY,NSE_FO|71981,65.0,1755.0,71981,65.0,5.0,INDEX,INDEX,NIFTY 23300 CE 26 MAY 26,23300.0,1.0,,,NSE_INDEX|Nifty 50,NSE_INDEX|Nifty 50,,,,,,,,,,
0.0,NSE_FO,NIFTY,NSE,1779820199000.0,PE,NIFTY,NIFTY,NSE_FO|71982,65.0,1755.0,71982,65.0,5.0,INDEX,INDEX,NIFTY 23300 PE 26 MAY 26,23300.0,1.0,,,NSE_INDEX|Nifty 50,NSE_INDEX|Nifty 50,,,,,,,,,,
0.0,NSE_FO,NIFTY,NSE,1779820199000.0,PE,NIFTY,NIFTY,NSE_FO|71980,65.0,1755.0,71980,65.0,5.0,INDEX,INDEX,NIFTY 23250 PE 26 MAY 26,23250.0,1.0,,,NSE_INDEX|Nifty 50,NSE_INDEX|Nifty 50,,,,,,,,,,
0.0,NSE_FO,NIFTY,NSE,1845743399000.0,CE,NIFTY,NIFTY,NSE_FO|86133,65.0,1755.0,86133,65.0,5.0,INDEX,INDEX,NIFTY 15000 CE 27 JUN 28,15000.0,1.0,,,NSE_INDEX|Nifty 50,NSE_INDEX|Nifty 50,,,,,,,,,,
0.0,NSE_FO,NIFTY,NSE,1845743399000.0,PE,NIFTY,NIFTY,NSE_FO|86140,65.0,1755.0,86140,65.0,5.0,INDEX,INDEX,NIFTY 18000 PE 27 JUN 28,18000.0,1.0,,,NSE_INDEX|Nifty 50,NSE_INDEX|Nifty 50,,,,,,,,,,
0.0,NSE_FO,NIFTY,NSE,1845743399000.0,CE,NIFTY,NIFTY,NSE_FO|86139,65.0,1755.0,86139,65.0,5.0,INDEX,INDEX,NIFTY 18000 CE 27 JUN 28,18000.0,1.0,,,NSE_INDEX|Nifty 50,NSE_INDEX|Nifty 50,,,,,,,,,,
0.0,NSE_FO,NIFTY,NSE,1845743399000.0,PE,NIFTY,NIFTY,NSE_FO|86134,65.0,1755.0,86134,65.0,5.0,INDEX,INDEX,NIFTY 15000 PE 27 JUN 28,15000.0,1.0,,,NSE_INDEX|Nifty 50,NSE_INDEX|Nifty 50,,,,,,,,,,
0.0,NSE_FO,NIFTY,NSE,1845743399000.0,PE,NIFTY,NIFTY,NSE_FO|86152,65.0,1755.0,86152,65.0,5.0,INDEX,INDEX,NIFTY 24000 PE 27 JUN 28,24000.0,1.0,,,NSE_INDEX|Nifty 50,NSE_INDEX|Nifty 50,,,,,,,,,,
0.0,NSE_FO,NIFTY,NSE,1845743399000.0,CE,NIFTY,NIFTY,NSE_FO|86151,65.0,1755.0,86151,65.0,5.0,INDEX,INDEX,NIFTY 24000 CE 27 JUN 28,24000.0,1.0,,,NSE_INDEX|Nifty 50,NSE_INDEX|Nifty 50,,,,,,,,,,
0.0,NSE_FO,NIFTY,NSE,1845743399000.0,CE,NIFTY,NIFTY,NSE_FO|86145,65.0,1755.0,86145,65.0,5.0,INDEX,INDEX,NIFTY 21000 CE 27 JUN 28,21000.0,1.0,,,NSE_INDEX|Nifty 50,NSE_INDEX|Nifty 50,,,,,,,,,,
0.0,NSE_FO,NIFTY,NSE,1845743399000.0,PE,NIFTY,NIFTY,NSE_FO|86146,65.0,1755.0,86146,65.0,5.0,INDEX,INDEX,NIFTY 21000 PE 27 JUN 28,21000.0,1.0,,,NSE_INDEX|Nifty 50,NSE_INDEX|Nifty 50,,,,,,,,,,
0.0,NSE_FO,NIFTY,NSE,1845743399000.0,PE,NIFTY,NIFTY,NSE_FO|86148,65.0,1755.0,86148,65.0,5.0,INDEX,INDEX,NIFTY 22000 PE 27 JUN 28,22000.0,1.0,,,NSE_INDEX|Nifty 50,NSE_INDEX|Nifty 50,,,,,,,,,,
0.0,NSE_FO,NIFTY,NSE,1845743399000.0,CE,NIFTY,NIFTY,NSE_FO|86163,65.0,1755.0,86163,65.0,5.0,INDEX,INDEX,NIFTY 27000 CE 27 JUN 28,27000.0,1.0,,,NSE_INDEX|Nifty 50,NSE_INDEX|Nifty 50,,,,,,,,,,
0.0,NSE_FO,NIFTY,NSE,1845743399000.0,PE,NIFTY,NIFTY,NSE_FO|86164,65.0,1755.0,86164,65.0,5.0,INDEX,INDEX,NIFTY 27000 PE 27 JUN 28,27000.0,1.0,,,NSE_INDEX|Nifty 50,NSE_INDEX|Nifty 50,,,,,,,,,,
0.0,NSE_FO,NIFTY,NSE,1779820199000.0,CE,NIFTY,NIFTY,NSE_FO|72363,65.0,1755.0,72363,65.0,5.0,INDEX,INDEX,NIFTY 25700 CE 26 MAY 26,25700.0,1.0,,,NSE_INDEX|Nifty 50,NSE_INDEX|Nifty 50,,,,,,,,,,
0.0,NSE_FO,NIFTY,NSE,1779820199000.0,PE,NIFTY,NIFTY,NSE_FO|72364,65.0,1755.0,72364,65.0,5.0,INDEX,INDEX,NIFTY 25700 PE 26 MAY 26,25700.0,1.0,,,NSE_INDEX|Nifty 50,NSE_INDEX|Nifty 50,,,,,,,,,,
0.0,NSE_FO,NIFTY,NSE,1779820199000.0,PE,NIFTY,NIFTY,NSE_FO|72372,65.0,1755.0,72372,65.0,5.0,INDEX,INDEX,NIFTY 25750 PE 26 MAY 26,25750.0,1.0,,,NSE_INDEX|Nifty 50,NSE_INDEX|Nifty 50,,,,,,,,,,
0.0,NSE_FO,NIFTY,NSE,1779820199000.0,CE,NIFTY,NIFTY,NSE_FO|72371,65.0,1755.0,72371,65.0,5.0,INDEX,INDEX,NIFTY 25750 CE 26 MAY 26,25750.0,1.0,,,NSE_INDEX|Nifty 50,NSE_INDEX|Nifty 50,,,,,,,,,,
0.0,NSE_FO,NIFTY,NSE,1779820199000.0,PE,NIFTY,NIFTY,NSE_FO|72378,65.0,1755.0,72378,65.0,5.0,INDEX,INDEX,NIFTY 25900 PE 26 MAY 26,25900.0,1.0,,,NSE_INDEX|Nifty 50,NSE_INDEX|Nifty 50,,,,,,,,,,
0.0,NSE_FO,NIFTY,NSE,1779820199000.0,CE,NIFTY,NIFTY,NSE_FO|72377,65.0,1755.0,72377,65.0,5.0,INDEX,INDEX,NIFTY 25900 CE 26 MAY 26,25900.0,1.0,,,NSE_INDEX|Nifty 50,NSE_INDEX|Nifty 50,,,,,,,,,,
0.0,NSE_FO,NIFTY,NSE,1779820199000.0,CE,NIFTY,NIFTY,NSE_FO|72379,65.0,1755.0,72379,65.0,5.0,INDEX,INDEX,NIFTY 25950 CE 26 MAY 26,25950.0,1.0,,,NSE_INDEX|Nifty 50,NSE_INDEX|Nifty 50,,,,,,,,,,
0.0,NSE_FO,NIFTY,NSE,1779820199000.0,PE,NIFTY,NIFTY,NSE_FO|72374,65.0,1755.0,72374,65.0,5.0,INDEX,INDEX,NIFTY 25800 PE 26 MAY 26,25800.0,1.0,,,NSE_INDEX|Nifty 50,NSE_INDEX|Nifty 50,,,,,,,,,,
0.0,NSE_FO,NIFTY,NSE,1779820199000.0,CE,NIFTY,NIFTY,NSE_FO|72373,65.0,1755.0,72373,65.0,5.0,INDEX,INDEX,NIFTY 25800 CE 26 MAY 26,25800.0,1.0,,,NSE_INDEX|Nifty 50,NSE_INDEX|Nifty 50,,,,,,,,,,
0.0,NSE_FO,NIFTY,NSE,1779820199000.0,PE,NIFTY,NIFTY,NSE_FO|72376,65.0,1755.0,72376,65.0,5.0,INDEX,INDEX,NIFTY 25850 PE 26 MAY 26,25850.0,1.0,,,NSE_INDEX|Nifty 50,NSE_INDEX|Nifty 50,,,,,,,,,,
0.0,NSE_FO,NIFTY,NSE,1779820199000.0,CE,NIFTY,NIFTY,NSE_FO|72375,65.0,1755.0,72375,65.0,5.0,INDEX,INDEX,NIFTY 25850 CE 26 MAY 26,25850.0,1.0,,,NSE_INDEX|Nifty 50,NSE_INDEX|Nifty 50,,,,,,,,,,
0.0,NSE_FO,NIFTY,NSE,1779820199000.0,CE,NIFTY,NIFTY,NSE_FO|72381,65.0,1755.0,72381,65.0,5.0,INDEX,INDEX,NIFTY 26000 CE 26 MAY 26,26000.0,1.0,,,NSE_INDEX|Nifty 50,NSE_INDEX|Nifty 50,,,,,,,,,,
0.0,NSE_FO,NIFTY,NSE,1779820199000.0,PE,NIFTY,NIFTY,NSE_FO|72380,65.0,1755.0,72380,65.0,5.0,INDEX,INDEX,NIFTY 25950 PE 26 MAY 26,25950.0,1.0,,,NSE_INDEX|Nifty 50,NSE_INDEX|Nifty 50,,,,,,,,,,
0.0,NSE_FO,NIFTY,NSE,1779820199000.0,PE,NIFTY,NIFTY,NSE_FO|72382,65.0,1755.0,72382,65.0,5.0,INDEX,INDEX,NIFTY 26000 PE 26 MAY 26,26000.0,1.0,,,NSE_INDEX|Nifty 50,NSE_INDEX|Nifty 50,,,,,,,,,,
0.0,NSE_FO,NIFTY,NSE,1779820199000.0,CE,NIFTY,NIFTY,NSE_FO|72345,65.0,1755.0,72345,65.0,5.0,INDEX,INDEX,NIFTY 25550 CE 26 MAY 26,25550.0,1.0,,,NSE_INDEX|Nifty 50,NSE_INDEX|Nifty 50,,,,,,,,,,
0.0,NSE_FO,NIFTY,NSE,1779820199000.0,PE,NIFTY,NIFTY,NSE_FO|72344,65.0,1755.0,72344,65.0,5.0,INDEX,INDEX,NIFTY 25500 PE 26 MAY 26,25500.0,1.0,,,NSE_INDEX|Nifty 50,NSE_INDEX|Nifty 50,,,,,,,,,,
0.0,NSE_FO,NIFTY,NSE,1779820199000.0,CE,NIFTY,NIFTY,NSE_FO|72340,65.0,1755.0,72340,65.0,5.0,INDEX,INDEX,NIFTY 25500 CE 26 MAY 26,25500.0,1.0,,,NSE_INDEX|Nifty 50,NSE_INDEX|Nifty 50,,,,,,,,,,
0.0,NSE_FO,NIFTY,NSE,1779820199000.0,PE,NIFTY,NIFTY,NSE_FO|72356,65.0,1755.0,72356,65.0,5.0,INDEX,INDEX,NIFTY 25600 PE 26 MAY 26,25600.0,1.0,,,NSE_INDEX|Nifty 50,NSE_INDEX|Nifty 50,,,,,,,,,,
0.0,NSE_FO,NIFTY,NSE,1779820199000.0,CE,NIFTY,NIFTY,NSE_FO|72358,65.0,1755.0,72358,65.0,5.0,INDEX,INDEX,NIFTY 25650 CE 26 MAY 26,25650.0,1.0,,,NSE_INDEX|Nifty 50,NSE_INDEX|Nifty 50,,,,,,,,,,
0.0,NSE_FO,NIFTY,NSE,1779820199000.0,CE,NIFTY,NIFTY,NSE_FO|72352,65.0,1755.0,72352,65.0,5.0,INDEX,INDEX,NIFTY 25600 CE 26 MAY 26,25600.0,1.0,,,NSE_INDEX|Nifty 50,NSE_INDEX|Nifty 50,,,,,,,,,,
0.0,NSE_FO,NIFTY,NSE,1779820199000.0,PE,NIFTY,NIFTY,NSE_FO|72351,65.0,1755.0,72351,65.0,5.0,INDEX,INDEX,NIFTY 25550 PE 26 MAY 26,25550.0,1.0,,,NSE_INDEX|Nifty 50,NSE_INDEX|Nifty 50,,,,,,,,,,
0.0,NSE_FO,NIFTY,NSE,1779820199000.0,PE,NIFTY,NIFTY,NSE_FO|72360,65.0,1755.0,72360,65.0,5.0,INDEX,INDEX,NIFTY 25650 PE 26 MAY 26,25650.0,1.0,,,NSE_INDEX|Nifty 50,NSE_INDEX|Nifty 50,,,,,,,,,,
0.0,NSE_FO,NIFTY,NSE,1779820199000.0,PE,NIFTY,NIFTY,NSE_FO|72321,65.0,1755.0,72321,65.0,5.0,INDEX,INDEX,NIFTY 25450 PE 26 MAY 26,25450.0,1.0,,,NSE_INDEX|Nifty 50,NSE_INDEX|Nifty 50,,,,,,,,,,
0.0,NSE_FO,NIFTY,NSE,1779820199000.0,CE,NIFTY,NIFTY,NSE_FO|72320,65.0,1755.0,72320,65.0,5.0,INDEX,INDEX,NIFTY 25450 CE 26 MAY 26,25450.0,1.0,,,NSE_INDEX|Nifty 50,NSE_INDEX|Nifty 50,,,,,,,,,,
0.0,NSE_FO,NIFTY,NSE,1779820199000.0,PE,NIFTY,NIFTY,NSE_FO|72309,65.0,1755.0,72309,65.0,5.0,INDEX,INDEX,NIFTY 25250 PE 26 MAY 26,25250.0,1.0,,,NSE_INDEX|Nifty 50,NSE_INDEX|Nifty 50,,,,,,,,,,
0.0,NSE_FO,NIFTY,NSE,1779820199000.0,CE,NIFTY,NIFTY,NSE_FO|72308,65.0,1755.0,72308,65.0,5.0,INDEX,INDEX,NIFTY 25250 CE 26 MAY 26,25250.0,1.0,,,NSE_INDEX|Nifty 50,NSE_INDEX|Nifty 50,,,,,,,,,,
0.0,NSE_FO,NIFTY,NSE,1779820199000.0,PE,NIFTY,NIFTY,NSE_FO|72305,65.0,1755.0,72305,65.0,5.0,INDEX,INDEX,NIFTY 25150 PE 26 MAY 26,25150.0,1.0,,,NSE_INDEX|Nifty 50,NSE_INDEX|Nifty 50,,,,,,,,,,
0.0,NSE_FO,NIFTY,NSE,1779820199000.0,CE,NIFTY,NIFTY,NSE_FO|72304,65.0,1755.0,72304,65.0,5.0,INDEX,INDEX,NIFTY 25150 CE 26 MAY 26,25150.0,1.0,,,NSE_INDEX|Nifty 50,NSE_INDEX|Nifty 50,,,,,,,,,,
0.0,NSE_FO,NIFTY,NSE,1779820199000.0,PE,NIFTY,NIFTY,NSE_FO|72307,65.0,1755.0,72307,65.0,5.0,INDEX,INDEX,NIFTY 25200 PE 26 MAY 26,25200.0,1.0,,,NSE_INDEX|Nifty 50,NSE_INDEX|Nifty 50,,,,,,,,,,
0.0,NSE_FO,NIFTY,NSE,1779820199000.0,CE,NIFTY,NIFTY,NSE_FO|72306,65.0,1755.0,72306,65.0,5.0,INDEX,INDEX,NIFTY 25200 CE 26 MAY 26,25200.0,1.0,,,NSE_INDEX|Nifty 50,NSE_INDEX|Nifty 50,,,,,,,,,,
0.0,NSE_FO,NIFTY,NSE,1779820199000.0,PE,NIFTY,NIFTY,NSE_FO|72301,65.0,1755.0,72301,65.0,5.0,INDEX,INDEX,NIFTY 25050 PE 26 MAY 26,25050.0,1.0,,,NSE_INDEX|Nifty 50,NSE_INDEX|Nifty 50,,,,,,,,,,
0.0,NSE_FO,NIFTY,NSE,1779820199000.0,CE,NIFTY,NIFTY,NSE_FO|72300,65.0,1755.0,72300,65.0,5.0,INDEX,INDEX,NIFTY 25050 CE 26 MAY 26,25050.0,1.0,,,NSE_INDEX|Nifty 50,NSE_INDEX|Nifty 50,,,,,,,,,,
0.0,NSE_FO,NIFTY,NSE,1779820199000.0,PE,NIFTY,NIFTY,NSE_FO|72303,65.0,1755.0,72303,65.0,5.0,INDEX,INDEX,NIFTY 25100 PE 26 MAY 26,25100.0,1.0,,,NSE_INDEX|Nifty 50,NSE_INDEX|Nifty 50,,,,,,,,,,
0.0,NSE_FO,NIFTY,NSE,1779820199000.0,CE,NIFTY,NIFTY,NSE_FO|72302,65.0,1755.0,72302,65.0,5.0,INDEX,INDEX,NIFTY 25100 CE 26 MAY 26,25100.0,1.0,,,NSE_INDEX|Nifty 50,NSE_INDEX|Nifty 50,,,,,,,,,,
0.0,NSE_FO,NIFTY,NSE,1779820199000.0,PE,NIFTY,NIFTY,NSE_FO|72319,65.0,1755.0,72319,65.0,5.0,INDEX,INDEX,NIFTY 25400 PE 26 MAY 26,25400.0,1.0,,,NSE_INDEX|Nifty 50,NSE_INDEX|Nifty 50,,,,,,,,,,
0.0,NSE_FO,NIFTY,NSE,1779820199000.0,PE,NIFTY,NIFTY,NSE_FO|72315,65.0,1755.0,72315,65.0,5.0,INDEX,INDEX,NIFTY 25350 PE 26 MAY 26,25350.0,1.0,,,NSE_INDEX|Nifty 50,NSE_INDEX|Nifty 50,,,,,,,,,,
0.0,NSE_FO,NIFTY,NSE,1779820199000.0,CE,NIFTY,NIFTY,NSE_FO|72318,65.0,1755.0,72318,65.0,5.0,INDEX,INDEX,NIFTY 25400 CE 26 MAY 26,25400.0,1.0,,,NSE_INDEX|Nifty 50,NSE_INDEX|Nifty 50,,,,,,,,,,
0.0,NSE_FO,NIFTY,NSE,1779820199000.0,CE,NIFTY,NIFTY,NSE_FO|72314,65.0,1755.0,72314,65.0,5.0,INDEX,INDEX,NIFTY 25350 CE 26 MAY 26,25350.0,1.0,,,NSE_INDEX|Nifty 50,NSE_INDEX|Nifty 50,,,,,,,,,,
0.0,NSE_FO,NIFTY,NSE,1779820199000.0,PE,NIFTY,NIFTY,NSE_FO|72313,65.0,1755.0,72313,65.0,5.0,INDEX,INDEX,NIFTY 25300 PE 26 MAY 26,25300.0,1.0,,,NSE_INDEX|Nifty 50,NSE_INDEX|Nifty 50,,,,,,,,,,
0.0,NSE_FO,NIFTY,NSE,1779820199000.0,CE,NIFTY,NIFTY,NSE_FO|72310,65.0,1755.0,72310,65.0,5.0,INDEX,INDEX,NIFTY 25300 CE 26 MAY 26,25300.0,1.0,,,NSE_INDEX|Nifty 50,NSE_INDEX|Nifty 50,,,,,,,,,,
0.0,NSE_FO,NIFTY,NSE,1779820199000.0,PE,NIFTY,NIFTY,NSE_FO|72389,65.0,1755.0,72389,65.0,5.0,INDEX,INDEX,NIFTY 26100 PE 26 MAY 26,26100.0,1.0,,,NSE_INDEX|Nifty 50,NSE_INDEX|Nifty 50,,,,,,,,,,
0.0,NSE_FO,NIFTY,NSE,1779820199000.0,CE,NIFTY,NIFTY,NSE_FO|72388,65.0,1755.0,72388,65.0,5.0,INDEX,INDEX,NIFTY 26100 CE 26 MAY 26,26100.0,1.0,,,NSE_INDEX|Nifty 50,NSE_INDEX|Nifty 50,,,,,,,,,,
0.0,NSE_FO,NIFTY,NSE,1779820199000.0,PE,NIFTY,NIFTY,NSE_FO|72387,65.0,1755.0,72387,65.0,5.0,INDEX,INDEX,NIFTY 26050 PE 26 MAY 26,26050.0,1.0,,,NSE_INDEX|Nifty 50,NSE_INDEX|Nifty 50,,,,,,,,,,
0.0,NSE_FO,NIFTY,NSE,1779820199000.0,CE,NIFTY,NIFTY,NSE_FO|72386,65.0,1755.0,72386,65.0,5.0,INDEX,INDEX,NIFTY 26050 CE 26 MAY 26,26050.0,1.0,,,NSE_INDEX|Nifty 50,NSE_INDEX|Nifty 50,,,,,,,,,,
0.0,NSE_FO,NIFTY,NSE,1779820199000.0,CE,NIFTY,NIFTY,NSE_FO|72392,65.0,1755.0,72392,65.0,5.0,INDEX,INDEX,NIFTY 26200 CE 26 MAY 26,26200.0,1.0,,,NSE_INDEX|Nifty 50,NSE_INDEX|Nifty 50,,,,,,,,,,
0.0,NSE_FO,NIFTY,NSE,1779820199000.0,PE,NIFTY,NIFTY,NSE_FO|72391,65.0,1755.0,72391,65.0,5.0,INDEX,INDEX,NIFTY 26150 PE 26 MAY 26,26150.0,1.0,,,NSE_INDEX|Nifty 50,NSE_INDEX|Nifty 50,,,,,,,,,,
0.0,NSE_FO,NIFTY,NSE,1779820199000.0,PE,NIFTY,NIFTY,NSE_FO|72393,65.0,1755.0,72393,65.0,5.0,INDEX,INDEX,NIFTY 26200 PE 26 MAY 26,26200.0,1.0,,,NSE_INDEX|Nifty 50,NSE_INDEX|Nifty 50,,,,,,,,,,
0.0,NSE_FO,NIFTY,NSE,1779820199000.0,CE,NIFTY,NIFTY,NSE_FO|72390,65.0,1755.0,72390,65.0,5.0,INDEX,INDEX,NIFTY 26150 CE 26 MAY 26,26150.0,1.0,,,NSE_INDEX|Nifty 50,NSE_INDEX|Nifty 50,,,,,,,,,,
0.0,NSE_FO,NIFTY,NSE,1779820199000.0,PE,NIFTY,NIFTY,NSE_FO|72247,65.0,1755.0,72247,65.0,5.0,INDEX,INDEX,NIFTY 24400 PE 26 MAY 26,24400.0,1.0,,,NSE_INDEX|Nifty 50,NSE_INDEX|Nifty 50,,,,,,,,,,
0.0,NSE_FO,NIFTY,NSE,1779820199000.0,PE,NIFTY,NIFTY,NSE_FO|72242,65.0,1755.0,72242,65.0,5.0,INDEX,INDEX,NIFTY 24350 PE 26 MAY 26,24350.0,1.0,,,NSE_INDEX|Nifty 50,NSE_INDEX|Nifty 50,,,,,,,,,,
0.0,NSE_FO,NIFTY,NSE,1779820199000.0,CE,NIFTY,NIFTY,NSE_FO|72241,65.0,1755.0,72241,65.0,5.0,INDEX,INDEX,NIFTY 24350 CE 26 MAY 26,24350.0,1.0,,,NSE_INDEX|Nifty 50,NSE_INDEX|Nifty 50,,,,,,,,,,
0.0,NSE_FO,NIFTY,NSE,1779820199000.0,CE,NIFTY,NIFTY,NSE_FO|72243,65.0,1755.0,72243,65.0,5.0,INDEX,INDEX,NIFTY 24400 CE 26 MAY 26,24400.0,1.0,,,NSE_INDEX|Nifty 50,NSE_INDEX|Nifty 50,,,,,,,,,,
0.0,NSE_FO,NIFTY,NSE,1779820199000.0,CE,NIFTY,NIFTY,NSE_FO|72239,65.0,1755.0,72239,65.0,5.0,INDEX,INDEX,NIFTY 24300 CE 26 MAY 26,24300.0,1.0,,,NSE_INDEX|Nifty 50,NSE_INDEX|Nifty 50,,,,,,,,,,
0.0,NSE_FO,NIFTY,NSE,1779820199000.0,PE,NIFTY,NIFTY,NSE_FO|72238,65.0,1755.0,72238,65.0,5.0,INDEX,INDEX,NIFTY 24250 PE 26 MAY 26,24250.0,1.0,,,NSE_INDEX|Nifty 50,NSE_INDEX|Nifty 50,,,,,,,,,,
0.0,NSE_FO,NIFTY,NSE,1779820199000.0,CE,NIFTY,NIFTY,NSE_FO|72237,65.0,1755.0,72237,65.0,5.0,INDEX,INDEX,NIFTY 24250 CE 26 MAY 26,24250.0,1.0,,,NSE_INDEX|Nifty 50,NSE_INDEX|Nifty 50,,,,,,,,,,
0.0,NSE_FO,NIFTY,NSE,1779820199000.0,PE,NIFTY,NIFTY,NSE_FO|72240,65.0,1755.0,72240,65.0,5.0,INDEX,INDEX,NIFTY 24300 PE 26 MAY 26,24300.0,1.0,,,NSE_INDEX|Nifty 50,NSE_INDEX|Nifty 50,,,,,,,,,,
0.0,NSE_FO,NIFTY,NSE,1779820199000.0,PE,NIFTY,NIFTY,NSE_FO|72289,65.0,1755.0,72289,65.0,5.0,INDEX,INDEX,NIFTY 24750 PE 26 MAY 26,24750.0,1.0,,,NSE_INDEX|Nifty 50,NSE_INDEX|Nifty 50,,,,,,,,,,
0.0,NSE_FO,NIFTY,NSE,1779820199000.0,CE,NIFTY,NIFTY,NSE_FO|72286,65.0,1755.0,72286,65.0,5.0,INDEX,INDEX,NIFTY 24700 CE 26 MAY 26,24700.0,1.0,,,NSE_INDEX|Nifty 50,NSE_INDEX|Nifty 50,,,,,,,,,,
0.0,NSE_FO,NIFTY,NSE,1779820199000.0,PE,NIFTY,NIFTY,NSE_FO|72285,65.0,1755.0,72285,65.0,5.0,INDEX,INDEX,NIFTY 24650 PE 26 MAY 26,24650.0,1.0,,,NSE_INDEX|Nifty 50,NSE_INDEX|Nifty 50,,,,,,,,,,
0.0,NSE_FO,NIFTY,NSE,1779820199000.0,CE,NIFTY,NIFTY,NSE_FO|72288,65.0,1755.0,72288,65.0,5.0,INDEX,INDEX,NIFTY 24750 CE 26 MAY 26,24750.0,1.0,,,NSE_INDEX|Nifty 50,NSE_INDEX|Nifty 50,,,,,,,,,,
0.0,NSE_FO,NIFTY,NSE,1779820199000.0,PE,NIFTY,NIFTY,NSE_FO|72287,65.0,1755.0,72287,65.0,5.0,INDEX,INDEX,NIFTY 24700 PE 26 MAY 26,24700.0,1.0,,,NSE_INDEX|Nifty 50,NSE_INDEX|Nifty 50,,,,,,,,,,
0.0,NSE_FO,NIFTY,NSE,1779820199000.0,PE,NIFTY,NIFTY,NSE_FO|72293,65.0,1755.0,72293,65.0,5.0,INDEX,INDEX,NIFTY 24850 PE 26 MAY 26,24850.0,1.0,,,NSE_INDEX|Nifty 50,NSE_INDEX|Nifty 50,,,,,,,,,,
0.0,NSE_FO,NIFTY,NSE,1779820199000.0,CE,NIFTY,NIFTY,NSE_FO|72292,65.0,1755.0,72292,65.0,5.0,INDEX,INDEX,NIFTY 24850 CE 26 MAY 26,24850.0,1.0,,,NSE_INDEX|Nifty 50,NSE_INDEX|Nifty 50,,,,,,,,,,
0.0,NSE_FO,NIFTY,NSE,1779820199000.0,PE,NIFTY,NIFTY,NSE_FO|72295,65.0,1755.0,72295,65.0,5.0,INDEX,INDEX,NIFTY 24900 PE 26 MAY 26,24900.0,1.0,,,NSE_INDEX|Nifty 50,NSE_INDEX|Nifty 50,,,,,,,,,,
0.0,NSE_FO,NIFTY,NSE,1779820199000.0,CE,NIFTY,NIFTY,NSE_FO|72294,65.0,1755.0,72294,65.0,5.0,INDEX,INDEX,NIFTY 24900 CE 26 MAY 26,24900.0,1.0,,,NSE_INDEX|Nifty 50,NSE_INDEX|Nifty 50,,,,,,,,,,
0.0,NSE_FO,NIFTY,NSE,1779820199000.0,PE,NIFTY,NIFTY,NSE_FO|72291,65.0,1755.0,72291,65.0,5.0,INDEX,INDEX,NIFTY 24800 PE 26 MAY 26,24800.0,1.0,,,NSE_INDEX|Nifty 50,NSE_INDEX|Nifty 50,,,,,,,,,,
0.0,NSE_FO,NIFTY,NSE,1779820199000.0,CE,NIFTY,NIFTY,NSE_FO|72290,65.0,1755.0,72290,65.0,5.0,INDEX,INDEX,NIFTY 24800 CE 26 MAY 26,24800.0,1.0,,,NSE_INDEX|Nifty 50,NSE_INDEX|Nifty 50,,,,,,,,,,
0.0,NSE_FO,NIFTY,NSE,1779820199000.0,PE,NIFTY,NIFTY,NSE_FO|72297,65.0,1755.0,72297,65.0,5.0,INDEX,INDEX,NIFTY 24950 PE 26 MAY 26,24950.0,1.0,,,NSE_INDEX|Nifty 50,NSE_INDEX|Nifty 50,,,,,,,,,,
0.0,NSE_FO,NIFTY,NSE,1779820199000.0,CE,NIFTY,NIFTY,NSE_FO|72296,65.0,1755.0,72296,65.0,5.0,INDEX,INDEX,NIFTY 24950 CE 26 MAY 26,24950.0,1.0,,,NSE_INDEX|Nifty 50,NSE_INDEX|Nifty 50,,,,,,,,,,
0.0,NSE_FO,NIFTY,NSE,1779820199000.0,PE,NIFTY,NIFTY,NSE_FO|72299,65.0,1755.0,72299,65.0,5.0,INDEX,INDEX,NIFTY 25000 PE 26 MAY 26,25000.0,1.0,,,NSE_INDEX|Nifty 50,NSE_INDEX|Nifty 50,,,,,,,,,,
0.0,NSE_FO,NIFTY,NSE,1779820199000.0,CE,NIFTY,NIFTY,NSE_FO|72298,65.0,1755.0,72298,65.0,5.0,INDEX,INDEX,NIFTY 25000 CE 26 MAY 26,25000.0,1.0,,,NSE_INDEX|Nifty 50,NSE_INDEX|Nifty 50,,,,,,,,,,
0.0,NSE_FO,NIFTY,NSE,1779820199000.0,CE,NIFTY,NIFTY,NSE_FO|72273,65.0,1755.0,72273,65.0,5.0,INDEX,INDEX,NIFTY 24450 CE 26 MAY 26,24450.0,1.0,,,NSE_INDEX|Nifty 50,NSE_INDEX|Nifty 50,,,,,,,,,,
0.0,NSE_FO,NIFTY,NSE,1779820199000.0,CE,NIFTY,NIFTY,NSE_FO|72275,65.0,1755.0,72275,65.0,5.0,INDEX,INDEX,NIFTY 24500 CE 26 MAY 26,24500.0,1.0,,,NSE_INDEX|Nifty 50,NSE_INDEX|Nifty 50,,,,,,,,,,
0.0,NSE_FO,NIFTY,NSE,1779820199000.0,PE,NIFTY,NIFTY,NSE_FO|72274,65.0,1755.0,72274,65.0,5.0,INDEX,INDEX,NIFTY 24450 PE 26 MAY 26,24450.0,1.0,,,NSE_INDEX|Nifty 50,NSE_INDEX|Nifty 50,,,,,,,,,,
0.0,NSE_FO,NIFTY,NSE,1779820199000.0,PE,NIFTY,NIFTY,NSE_FO|72276,65.0,1755.0,72276,65.0,5.0,INDEX,INDEX,NIFTY 24500 PE 26 MAY 26,24500.0,1.0,,,NSE_INDEX|Nifty 50,NSE_INDEX|Nifty 50,,,,,,,,,,
0.0,NSE_FO,NIFTY,NSE,1779820199000.0,CE,NIFTY,NIFTY,NSE_FO|72282,65.0,1755.0,72282,65.0,5.0,INDEX,INDEX,NIFTY 24600 CE 26 MAY 26,24600.0,1.0,,,NSE_INDEX|Nifty 50,NSE_INDEX|Nifty 50,,,,,,,,,,
0.0,NSE_FO,NIFTY,NSE,1779820199000.0,PE,NIFTY,NIFTY,NSE_FO|72281,65.0,1755.0,72281,65.0,5.0,INDEX,INDEX,NIFTY 24550 PE 26 MAY 26,24550.0,1.0,,,NSE_INDEX|Nifty 50,NSE_INDEX|Nifty 50,,,,,,,,,,
0.0,NSE_FO,NIFTY,NSE,1779820199000.0,CE,NIFTY,NIFTY,NSE_FO|72284,65.0,1755.0,72284,65.0,5.0,INDEX,INDEX,NIFTY 24650 CE 26 MAY 26,24650.0,1.0,,,NSE_INDEX|Nifty 50,NSE_INDEX|Nifty 50,,,,,,,,,,
0.0,NSE_FO,NIFTY,NSE,1779820199000.0,PE,NIFTY,NIFTY,NSE_FO|72283,65.0,1755.0,72283,65.0,5.0,INDEX,INDEX,NIFTY 24600 PE 26 MAY 26,24600.0,1.0,,,NSE_INDEX|Nifty 50,NSE_INDEX|Nifty 50,,,,,,,,,,
0.0,NSE_FO,NIFTY,NSE,1779820199000.0,CE,NIFTY,NIFTY,NSE_FO|72280,65.0,1755.0,72280,65.0,5.0,INDEX,INDEX,NIFTY 24550 CE 26 MAY 26,24550.0,1.0,,,NSE_INDEX|Nifty 50,NSE_INDEX|Nifty 50,,,,,,,,,,
0.0,NSE_FO,NIFTY,NSE,1779820199000.0,CE,NIFTY,NIFTY,NSE_FO|72141,65.0,1755.0,72141,65.0,5.0,INDEX,INDEX,NIFTY 23550 CE 26 MAY 26,23550.0,1.0,,,NSE_INDEX|Nifty 50,NSE_INDEX|Nifty 50,,,,,,,,,,
0.0,NSE_FO,NIFTY,NSE,1830018599000.0,CE,NIFTY,NIFTY,NSE_FO|47194,65.0,1755.0,47194,65.0,5.0,INDEX,INDEX,NIFTY 33000 CE 28 DEC 27,33000.0,1.0,,,NSE_INDEX|Nifty 50,NSE_INDEX|Nifty 50,,,,,,,,,,
0.0,NSE_FO,NIFTY,NSE,1814293799000.0,PE,NIFTY,NIFTY,NSE_FO|47193,65.0,1755.0,47193,65.0,5.0,INDEX,INDEX,NIFTY 33000 PE 29 JUN 27,33000.0,1.0,,,NSE_INDEX|Nifty 50,NSE_INDEX|Nifty 50,,,,,,,,,,
0.0,NSE_FO,NIFTY,NSE,1845743399000.0,CE,NIFTY,NIFTY,NSE_FO|47196,65.0,1755.0,47196,65.0,5.0,INDEX,INDEX,NIFTY 33000 CE 27 JUN 28,33000.0,1.0,,,NSE_INDEX|Nifty 50,NSE_INDEX|Nifty 50,,,,,,,,,,
0.0,NSE_FO,NIFTY,NSE,1830018599000.0,PE,NIFTY,NIFTY,NSE_FO|47195,65.0,1755.0,47195,65.0,5.0,INDEX,INDEX,NIFTY 33000 PE 28 DEC 27,33000.0,1.0,,,NSE_INDEX|Nifty 50,NSE_INDEX|Nifty 50,,,,,,,,,,
0.0,NSE_FO,NIFTY,NSE,1798568999000.0,CE,NIFTY,NIFTY,NSE_FO|47190,65.0,1755.0,47190,65.0,5.0,INDEX,INDEX,NIFTY 33000 CE 29 DEC 26,33000.0,1.0,,,NSE_INDEX|Nifty 50,NSE_INDEX|Nifty 50,,,,,,,,,,
0.0,NSE_FO,NIFTY,NSE,1814293799000.0,CE,NIFTY,NIFTY,NSE_FO|47192,65.0,1755.0,47192,65.0,5.0,INDEX,INDEX,NIFTY 33000 CE 29 JUN 27,33000.0,1.0,,,NSE_INDEX|Nifty 50,NSE_INDEX|Nifty 50,,,,,,,,,,
0.0,NSE_FO,NIFTY,NSE,1798568999000.0,PE,NIFTY,NIFTY,NSE_FO|47191,65.0,1755.0,47191,65.0,5.0,INDEX,INDEX,NIFTY 33000 PE 29 DEC 26,33000.0,1.0,,,NSE_INDEX|Nifty 50,NSE_INDEX|Nifty 50,,,,,,,,,,
0.0,NSE_FO,NIFTY,NSE,1861468199000.0,CE,NIFTY,NIFTY,NSE_FO|47198,65.0,1755.0,47198,65.0,5.0,INDEX,INDEX,NIFTY 33000 CE 26 DEC 28,33000.0,1.0,,,NSE_INDEX|Nifty 50,NSE_INDEX|Nifty 50,,,,,,,,,,
0.0,NSE_FO,NIFTY,NSE,1845743399000.0,PE,NIFTY,NIFTY,NSE_FO|47197,65.0,1755.0,47197,65.0,5.0,INDEX,INDEX,NIFTY 33000 PE 27 JUN 28,33000.0,1.0,,,NSE_INDEX|Nifty 50,NSE_INDEX|Nifty 50,,,,,,,,,,
0.0,NSE_FO,NIFTY,NSE,1861468199000.0,PE,NIFTY,NIFTY,NSE_FO|47199,65.0,1755.0,47199,65.0,5.0,INDEX,INDEX,NIFTY 33000 PE 26 DEC 28,33000.0,1.0,,,NSE_INDEX|Nifty 50,NSE_INDEX|Nifty 50,,,,,,,,,,
0.0,NSE_FO,NIFTY,NSE,1782844199000.0,PE,NIFTY,NIFTY,NSE_FO|47189,65.0,1755.0,47189,65.0,5.0,INDEX,INDEX,NIFTY 33000 PE 30 JUN 26,33000.0,1.0,,,NSE_INDEX|Nifty 50,NSE_INDEX|Nifty 50,,,,,,,,,,
0.0,NSE_FO,NIFTY,NSE,1782844199000.0,CE,NIFTY,NIFTY,NSE_FO|47188,65.0,1755.0,47188,65.0,5.0,INDEX,INDEX,NIFTY 33000 CE 30 JUN 26,33000.0,1.0,,,NSE_INDEX|Nifty 50,NSE_INDEX|Nifty 50,,,,,,,,,,
0.0,NSE_FO,NIFTY,NSE,1779820199000.0,CE,NIFTY,NIFTY,NSE_FO|72187,65.0,1755.0,72187,65.0,5.0,INDEX,INDEX,NIFTY 24200 CE 26 MAY 26,24200.0,1.0,,,NSE_INDEX|Nifty 50,NSE_INDEX|Nifty 50,,,,,,,,,,
0.0,NSE_FO,NIFTY,NSE,1779820199000.0,PE,NIFTY,NIFTY,NSE_FO|72186,65.0,1755.0,72186,65.0,5.0,INDEX,INDEX,NIFTY 24150 PE 26 MAY 26,24150.0,1.0,,,NSE_INDEX|Nifty 50,NSE_INDEX|Nifty 50,,,,,,,,,,
0.0,NSE_FO,NIFTY,NSE,1779820199000.0,PE,NIFTY,NIFTY,NSE_FO|72188,65.0,1755.0,72188,65.0,5.0,INDEX,INDEX,NIFTY 24200 PE 26 MAY 26,24200.0,1.0,,,NSE_INDEX|Nifty 50,NSE_INDEX|Nifty 50,,,,,,,,,,
0.0,NSE_FO,NIFTY,NSE,1779820199000.0,CE,NIFTY,NIFTY,NSE_FO|72169,65.0,1755.0,72169,65.0,5.0,INDEX,INDEX,NIFTY 23750 CE 26 MAY 26,23750.0,1.0,,,NSE_INDEX|Nifty 50,NSE_INDEX|Nifty 50,,,,,,,,,,
0.0,NSE_FO,NIFTY,NSE,1779820199000.0,PE,NIFTY,NIFTY,NSE_FO|72168,65.0,1755.0,72168,65.0,5.0,INDEX,INDEX,NIFTY 23700 PE 26 MAY 26,23700.0,1.0,,,NSE_INDEX|Nifty 50,NSE_INDEX|Nifty 50,,,,,,,,,,
0.0,NSE_FO,NIFTY,NSE,1779820199000.0,CE,NIFTY,NIFTY,NSE_FO|72165,65.0,1755.0,72165,65.0,5.0,INDEX,INDEX,NIFTY 23650 CE 26 MAY 26,23650.0,1.0,,,NSE_INDEX|Nifty 50,NSE_INDEX|Nifty 50,,,,,,,,,,
0.0,NSE_FO,NIFTY,NSE,1779820199000.0,CE,NIFTY,NIFTY,NSE_FO|72167,65.0,1755.0,72167,65.0,5.0,INDEX,INDEX,NIFTY 23700 CE 26 MAY 26,23700.0,1.0,,,NSE_INDEX|Nifty 50,NSE_INDEX|Nifty 50,,,,,,,,,,
0.0,NSE_FO,NIFTY,NSE,1779820199000.0,PE,NIFTY,NIFTY,NSE_FO|72166,65.0,1755.0,72166,65.0,5.0,INDEX,INDEX,NIFTY 23650 PE 26 MAY 26,23650.0,1.0,,,NSE_INDEX|Nifty 50,NSE_INDEX|Nifty 50,,,,,,,,,,
0.0,NSE_FO,NIFTY,NSE,1779820199000.0,PE,NIFTY,NIFTY,NSE_FO|72172,65.0,1755.0,72172,65.0,5.0,INDEX,INDEX,NIFTY 23800 PE 26 MAY 26,23800.0,1.0,,,NSE_INDEX|Nifty 50,NSE_INDEX|Nifty 50,,,,,,,,,,
0.0,NSE_FO,NIFTY,NSE,1779820199000.0,CE,NIFTY,NIFTY,NSE_FO|72171,65.0,1755.0,72171,65.0,5.0,INDEX,INDEX,NIFTY 23800 CE 26 MAY 26,23800.0,1.0,,,NSE_INDEX|Nifty 50,NSE_INDEX|Nifty 50,,,,,,,,,,
0.0,NSE_FO,NIFTY,NSE,1779820199000.0,PE,NIFTY,NIFTY,NSE_FO|72174,65.0,1755.0,72174,65.0,5.0,INDEX,INDEX,NIFTY 23850 PE 26 MAY 26,23850.0,1.0,,,NSE_INDEX|Nifty 50,NSE_INDEX|Nifty 50,,,,,,,,,,
0.0,NSE_FO,NIFTY,NSE,1779820199000.0,CE,NIFTY,NIFTY,NSE_FO|72173,65.0,1755.0,72173,65.0,5.0,INDEX,INDEX,NIFTY 23850 CE 26 MAY 26,23850.0,1.0,,,NSE_INDEX|Nifty 50,NSE_INDEX|Nifty 50,,,,,,,,,,
0.0,NSE_FO,NIFTY,NSE,1779820199000.0,PE,NIFTY,NIFTY,NSE_FO|72170,65.0,1755.0,72170,65.0,5.0,INDEX,INDEX,NIFTY 23750 PE 26 MAY 26,23750.0,1.0,,,NSE_INDEX|Nifty 50,NSE_INDEX|Nifty 50,,,,,,,,,,
0.0,NSE_FO,NIFTY,NSE,1779820199000.0,CE,NIFTY,NIFTY,NSE_FO|72179,65.0,1755.0,72179,65.0,5.0,INDEX,INDEX,NIFTY 24000 CE 26 MAY 26,24000.0,1.0,,,NSE_INDEX|Nifty 50,NSE_INDEX|Nifty 50,,,,,,,,,,
0.0,NSE_FO,NIFTY,NSE,1779820199000.0,PE,NIFTY,NIFTY,NSE_FO|72176,65.0,1755.0,72176,65.0,5.0,INDEX,INDEX,NIFTY 23900 PE 26 MAY 26,23900.0,1.0,,,NSE_INDEX|Nifty 50,NSE_INDEX|Nifty 50,,,,,,,,,,
0.0,NSE_FO,NIFTY,NSE,1779820199000.0,CE,NIFTY,NIFTY,NSE_FO|72175,65.0,1755.0,72175,65.0,5.0,INDEX,INDEX,NIFTY 23900 CE 26 MAY 26,23900.0,1.0,,,NSE_INDEX|Nifty 50,NSE_INDEX|Nifty 50,,,,,,,,,,
0.0,NSE_FO,NIFTY,NSE,1779820199000.0,PE,NIFTY,NIFTY,NSE_FO|72178,65.0,1755.0,72178,65.0,5.0,INDEX,INDEX,NIFTY 23950 PE 26 MAY 26,23950.0,1.0,,,NSE_INDEX|Nifty 50,NSE_INDEX|Nifty 50,,,,,,,,,,
0.0,NSE_FO,NIFTY,NSE,1779820199000.0,CE,NIFTY,NIFTY,NSE_FO|72177,65.0,1755.0,72177,65.0,5.0,INDEX,INDEX,NIFTY 23950 CE 26 MAY 26,23950.0,1.0,,,NSE_INDEX|Nifty 50,NSE_INDEX|Nifty 50,,,,,,,,,,
0.0,NSE_FO,NIFTY,NSE,1779820199000.0,CE,NIFTY,NIFTY,NSE_FO|72183,65.0,1755.0,72183,65.0,5.0,INDEX,INDEX,NIFTY 24100 CE 26 MAY 26,24100.0,1.0,,,NSE_INDEX|Nifty 50,NSE_INDEX|Nifty 50,,,,,,,,,,
0.0,NSE_FO,NIFTY,NSE,1779820199000.0,PE,NIFTY,NIFTY,NSE_FO|72182,65.0,1755.0,72182,65.0,5.0,INDEX,INDEX,NIFTY 24050 PE 26 MAY 26,24050.0,1.0,,,NSE_INDEX|Nifty 50,NSE_INDEX|Nifty 50,,,,,,,,,,
0.0,NSE_FO,NIFTY,NSE,1779820199000.0,CE,NIFTY,NIFTY,NSE_FO|72185,65.0,1755.0,72185,65.0,5.0,INDEX,INDEX,NIFTY 24150 CE 26 MAY 26,24150.0,1.0,,,NSE_INDEX|Nifty 50,NSE_INDEX|Nifty 50,,,,,,,,,,
0.0,NSE_FO,NIFTY,NSE,1779820199000.0,PE,NIFTY,NIFTY,NSE_FO|72184,65.0,1755.0,72184,65.0,5.0,INDEX,INDEX,NIFTY 24100 PE 26 MAY 26,24100.0,1.0,,,NSE_INDEX|Nifty 50,NSE_INDEX|Nifty 50,,,,,,,,,,
0.0,NSE_FO,NIFTY,NSE,1779820199000.0,CE,NIFTY,NIFTY,NSE_FO|72181,65.0,1755.0,72181,65.0,5.0,INDEX,INDEX,NIFTY 24050 CE 26 MAY 26,24050.0,1.0,,,NSE_INDEX|Nifty 50,NSE_INDEX|Nifty 50,,,,,,,,,,
0.0,NSE_FO,NIFTY,NSE,1779820199000.0,PE,NIFTY,NIFTY,NSE_FO|72180,65.0,1755.0,72180,65.0,5.0,INDEX,INDEX,NIFTY 24000 PE 26 MAY 26,24000.0,1.0,,,NSE_INDEX|Nifty 50,NSE_INDEX|Nifty 50,,,,,,,,,,
0.0,NSE_FO,NIFTY,NSE,1779820199000.0,PE,NIFTY,NIFTY,NSE_FO|72147,65.0,1755.0,72147,65.0,5.0,INDEX,INDEX,NIFTY 23600 PE 26 MAY 26,23600.0,1.0,,,NSE_INDEX|Nifty 50,NSE_INDEX|Nifty 50,,,,,,,,,,
0.0,NSE_FO,NIFTY,NSE,1779820199000.0,CE,NIFTY,NIFTY,NSE_FO|72143,65.0,1755.0,72143,65.0,5.0,INDEX,INDEX,NIFTY 23600 CE 26 MAY 26,23600.0,1.0,,,NSE_INDEX|Nifty 50,NSE_INDEX|Nifty 50,,,,,,,,,,
0.0,NSE_FO,NIFTY,NSE,1779820199000.0,PE,NIFTY,NIFTY,NSE_FO|72142,65.0,1755.0,72142,65.0,5.0,INDEX,INDEX,NIFTY 23550 PE 26 MAY 26,23550.0,1.0,,,NSE_INDEX|Nifty 50,NSE_INDEX|Nifty 50,,,,,,,,,,
0.0,NSE_FO,NIFTY,NSE,1779820199000.0,CE,NIFTY,NIFTY,NSE_FO|72019,65.0,1755.0,72019,65.0,5.0,INDEX,INDEX,NIFTY 23450 CE 26 MAY 26,23450.0,1.0,,,NSE_INDEX|Nifty 50,NSE_INDEX|Nifty 50,,,,,,,,,,
0.0,NSE_FO,NIFTY,NSE,1779820199000.0,CE,NIFTY,NIFTY,NSE_FO|72015,65.0,1755.0,72015,65.0,5.0,INDEX,INDEX,NIFTY 23400 CE 26 MAY 26,23400.0,1.0,,,NSE_INDEX|Nifty 50,NSE_INDEX|Nifty 50,,,,,,,,,,
0.0,NSE_FO,NIFTY,NSE,1779820199000.0,PE,NIFTY,NIFTY,NSE_FO|72014,65.0,1755.0,72014,65.0,5.0,INDEX,INDEX,NIFTY 23350 PE 26 MAY 26,23350.0,1.0,,,NSE_INDEX|Nifty 50,NSE_INDEX|Nifty 50,,,,,,,,,,
0.0,NSE_FO,NIFTY,NSE,1779820199000.0,PE,NIFTY,NIFTY,NSE_FO|72016,65.0,1755.0,72016,65.0,5.0,INDEX,INDEX,NIFTY 23400 PE 26 MAY 26,23400.0,1.0,,,NSE_INDEX|Nifty 50,NSE_INDEX|Nifty 50,,,,,,,,,,
0.0,NSE_FO,NIFTY,NSE,1779820199000.0,CE,NIFTY,NIFTY,NSE_FO|72013,65.0,1755.0,72013,65.0,5.0,INDEX,INDEX,NIFTY 23350 CE 26 MAY 26,23350.0,1.0,,,NSE_INDEX|Nifty 50,NSE_INDEX|Nifty 50,,,,,,,,,,
0.0,NSE_FO,NIFTY,NSE,1779820199000.0,PE,NIFTY,NIFTY,NSE_FO|72020,65.0,1755.0,72020,65.0,5.0,INDEX,INDEX,NIFTY 23450 PE 26 MAY 26,23450.0,1.0,,,NSE_INDEX|Nifty 50,NSE_INDEX|Nifty 50,,,,,,,,,,
0.0,NSE_FO,NIFTY,NSE,1779820199000.0,PE,NIFTY,NIFTY,NSE_FO|72068,65.0,1755.0,72068,65.0,5.0,INDEX,INDEX,NIFTY 23500 PE 26 MAY 26,23500.0,1.0,,,NSE_INDEX|Nifty 50,NSE_INDEX|Nifty 50,,,,,,,,,,
0.0,NSE_FO,NIFTY,NSE,1779820199000.0,CE,NIFTY,NIFTY,NSE_FO|72067,65.0,1755.0,72067,65.0,5.0,INDEX,INDEX,NIFTY 23500 CE 26 MAY 26,23500.0,1.0,,,NSE_INDEX|Nifty 50,NSE_INDEX|Nifty 50,,,,,,,,,,
0.0,NSE_FO,NIFTY,NSE,1779820199000.0,PE,NIFTY,NIFTY,NSE_FO|72628,65.0,1755.0,72628,65.0,5.0,INDEX,INDEX,NIFTY 27200 PE 26 MAY 26,27200.0,1.0,,,NSE_INDEX|Nifty 50,NSE_INDEX|Nifty 50,,,,,,,,,,
0.0,NSE_FO,NIFTY,NSE,1779820199000.0,CE,NIFTY,NIFTY,NSE_FO|72627,65.0,1755.0,72627,65.0,5.0,INDEX,INDEX,NIFTY 27200 CE 26 MAY 26,27200.0,1.0,,,NSE_INDEX|Nifty 50,NSE_INDEX|Nifty 50,,,,,,,,,,
0.0,NSE_FO,NIFTY,NSE,1779820199000.0,CE,NIFTY,NIFTY,NSE_FO|72629,65.0,1755.0,72629,65.0,5.0,INDEX,INDEX,NIFTY 27250 CE 26 MAY 26,27250.0,1.0,,,NSE_INDEX|Nifty 50,NSE_INDEX|Nifty 50,,,,,,,,,,
0.0,NSE_FO,NIFTY,NSE,1779820199000.0,PE,NIFTY,NIFTY,NSE_FO|72624,65.0,1755.0,72624,65.0,5.0,INDEX,INDEX,NIFTY 27100 PE 26 MAY 26,27100.0,1.0,,,NSE_INDEX|Nifty 50,NSE_INDEX|Nifty 50,,,,,,,,,,
0.0,NSE_FO,NIFTY,NSE,1779820199000.0,CE,NIFTY,NIFTY,NSE_FO|72623,65.0,1755.0,72623,65.0,5.0,INDEX,INDEX,NIFTY 27100 CE 26 MAY 26,27100.0,1.0,,,NSE_INDEX|Nifty 50,NSE_INDEX|Nifty 50,,,,,,,,,,
0.0,NSE_FO,NIFTY,NSE,1779820199000.0,PE,NIFTY,NIFTY,NSE_FO|72626,65.0,1755.0,72626,65.0,5.0,INDEX,INDEX,NIFTY 27150 PE 26 MAY 26,27150.0,1.0,,,NSE_INDEX|Nifty 50,NSE_INDEX|Nifty 50,,,,,,,,,,
0.0,NSE_FO,NIFTY,NSE,1779820199000.0,CE,NIFTY,NIFTY,NSE_FO|72625,65.0,1755.0,72625,65.0,5.0,INDEX,INDEX,NIFTY 27150 CE 26 MAY 26,27150.0,1.0,,,NSE_INDEX|Nifty 50,NSE_INDEX|Nifty 50,,,,,,,,,,
0.0,NSE_FO,NIFTY,NSE,1779820199000.0,PE,NIFTY,NIFTY,NSE_FO|72620,65.0,1755.0,72620,65.0,5.0,INDEX,INDEX,NIFTY 27000 PE 26 MAY 26,27000.0,1.0,,,NSE_INDEX|Nifty 50,NSE_INDEX|Nifty 50,,,,,,,,,,
0.0,NSE_FO,NIFTY,NSE,1779820199000.0,PE,NIFTY,NIFTY,NSE_FO|72622,65.0,1755.0,72622,65.0,5.0,INDEX,INDEX,NIFTY 27050 PE 26 MAY 26,27050.0,1.0,,,NSE_INDEX|Nifty 50,NSE_INDEX|Nifty 50,,,,,,,,,,
0.0,NSE_FO,NIFTY,NSE,1779820199000.0,CE,NIFTY,NIFTY,NSE_FO|72621,65.0,1755.0,72621,65.0,5.0,INDEX,INDEX,NIFTY 27050 CE 26 MAY 26,27050.0,1.0,,,NSE_INDEX|Nifty 50,NSE_INDEX|Nifty 50,,,,,,,,,,
0.0,NSE_FO,NIFTY,NSE,1779820199000.0,PE,NIFTY,NIFTY,NSE_FO|72630,65.0,1755.0,72630,65.0,5.0,INDEX,INDEX,NIFTY 27250 PE 26 MAY 26,27250.0,1.0,,,NSE_INDEX|Nifty 50,NSE_INDEX|Nifty 50,,,,,,,,,,
0.0,NSE_FO,NIFTY,NSE,1779820199000.0,PE,NIFTY,NIFTY,NSE_FO|72606,65.0,1755.0,72606,65.0,5.0,INDEX,INDEX,NIFTY 26800 PE 26 MAY 26,26800.0,1.0,,,NSE_INDEX|Nifty 50,NSE_INDEX|Nifty 50,,,,,,,,,,
0.0,NSE_FO,NIFTY,NSE,1779820199000.0,CE,NIFTY,NIFTY,NSE_FO|72605,65.0,1755.0,72605,65.0,5.0,INDEX,INDEX,NIFTY 26800 CE 26 MAY 26,26800.0,1.0,,,NSE_INDEX|Nifty 50,NSE_INDEX|Nifty 50,,,,,,,,,,
0.0,NSE_FO,NIFTY,NSE,1779820199000.0,PE,NIFTY,NIFTY,NSE_FO|72608,65.0,1755.0,72608,65.0,5.0,INDEX,INDEX,NIFTY 26850 PE 26 MAY 26,26850.0,1.0,,,NSE_INDEX|Nifty 50,NSE_INDEX|Nifty 50,,,,,,,,,,
0.0,NSE_FO,NIFTY,NSE,1779820199000.0,CE,NIFTY,NIFTY,NSE_FO|72607,65.0,1755.0,72607,65.0,5.0,INDEX,INDEX,NIFTY 26850 CE 26 MAY 26,26850.0,1.0,,,NSE_INDEX|Nifty 50,NSE_INDEX|Nifty 50,,,,,,,,,,
0.0,NSE_FO,NIFTY,NSE,1779820199000.0,PE,NIFTY,NIFTY,NSE_FO|72602,65.0,1755.0,72602,65.0,5.0,INDEX,INDEX,NIFTY 26700 PE 26 MAY 26,26700.0,1.0,,,NSE_INDEX|Nifty 50,NSE_INDEX|Nifty 50,,,,,,,,,,
0.0,NSE_FO,NIFTY,NSE,1779820199000.0,CE,NIFTY,NIFTY,NSE_FO|72601,65.0,1755.0,72601,65.0,5.0,INDEX,INDEX,NIFTY 26700 CE 26 MAY 26,26700.0,1.0,,,NSE_INDEX|Nifty 50,NSE_INDEX|Nifty 50,,,,,,,,,,
0.0,NSE_FO,NIFTY,NSE,1779820199000.0,PE,NIFTY,NIFTY,NSE_FO|72604,65.0,1755.0,72604,65.0,5.0,INDEX,INDEX,NIFTY 26750 PE 26 MAY 26,26750.0,1.0,,,NSE_INDEX|Nifty 50,NSE_INDEX|Nifty 50,,,,,,,,,,
0.0,NSE_FO,NIFTY,NSE,1779820199000.0,CE,NIFTY,NIFTY,NSE_FO|72603,65.0,1755.0,72603,65.0,5.0,INDEX,INDEX,NIFTY 26750 CE 26 MAY 26,26750.0,1.0,,,NSE_INDEX|Nifty 50,NSE_INDEX|Nifty 50,,,,,,,,,,
0.0,NSE_FO,NIFTY,NSE,1779820199000.0,PE,NIFTY,NIFTY,NSE_FO|72600,65.0,1755.0,72600,65.0,5.0,INDEX,INDEX,NIFTY 26650 PE 26 MAY 26,26650.0,1.0,,,NSE_INDEX|Nifty 50,NSE_INDEX|Nifty 50,,,,,,,,,,
0.0,NSE_FO,NIFTY,NSE,1779820199000.0,CE,NIFTY,NIFTY,NSE_FO|72617,65.0,1755.0,72617,65.0,5.0,INDEX,INDEX,NIFTY 26950 CE 26 MAY 26,26950.0,1.0,,,NSE_INDEX|Nifty 50,NSE_INDEX|Nifty 50,,,,,,,,,,
0.0,NSE_FO,NIFTY,NSE,1779820199000.0,PE,NIFTY,NIFTY,NSE_FO|72616,65.0,1755.0,72616,65.0,5.0,INDEX,INDEX,NIFTY 26900 PE 26 MAY 26,26900.0,1.0,,,NSE_INDEX|Nifty 50,NSE_INDEX|Nifty 50,,,,,,,,,,
0.0,NSE_FO,NIFTY,NSE,1779820199000.0,CE,NIFTY,NIFTY,NSE_FO|72619,65.0,1755.0,72619,65.0,5.0,INDEX,INDEX,NIFTY 27000 CE 26 MAY 26,27000.0,1.0,,,NSE_INDEX|Nifty 50,NSE_INDEX|Nifty 50,,,,,,,,,,
0.0,NSE_FO,NIFTY,NSE,1779820199000.0,PE,NIFTY,NIFTY,NSE_FO|72618,65.0,1755.0,72618,65.0,5.0,INDEX,INDEX,NIFTY 26950 PE 26 MAY 26,26950.0,1.0,,,NSE_INDEX|Nifty 50,NSE_INDEX|Nifty 50,,,,,,,,,,
0.0,NSE_FO,NIFTY,NSE,1779820199000.0,CE,NIFTY,NIFTY,NSE_FO|72615,65.0,1755.0,72615,65.0,5.0,INDEX,INDEX,NIFTY 26900 CE 26 MAY 26,26900.0,1.0,,,NSE_INDEX|Nifty 50,NSE_INDEX|Nifty 50,,,,,,,,,,
0.0,NSE_FO,NIFTY,NSE,1779820199000.0,PE,NIFTY,NIFTY,NSE_FO|72592,65.0,1755.0,72592,65.0,5.0,INDEX,INDEX,NIFTY 26500 PE 26 MAY 26,26500.0,1.0,,,NSE_INDEX|Nifty 50,NSE_INDEX|Nifty 50,,,,,,,,,,
0.0,NSE_FO,NIFTY,NSE,1779820199000.0,PE,NIFTY,NIFTY,NSE_FO|72598,65.0,1755.0,72598,65.0,5.0,INDEX,INDEX,NIFTY 26600 PE 26 MAY 26,26600.0,1.0,,,NSE_INDEX|Nifty 50,NSE_INDEX|Nifty 50,,,,,,,,,,
0.0,NSE_FO,NIFTY,NSE,1779820199000.0,CE,NIFTY,NIFTY,NSE_FO|72597,65.0,1755.0,72597,65.0,5.0,INDEX,INDEX,NIFTY 26600 CE 26 MAY 26,26600.0,1.0,,,NSE_INDEX|Nifty 50,NSE_INDEX|Nifty 50,,,,,,,,,,
0.0,NSE_FO,NIFTY,NSE,1779820199000.0,CE,NIFTY,NIFTY,NSE_FO|72599,65.0,1755.0,72599,65.0,5.0,INDEX,INDEX,NIFTY 26650 CE 26 MAY 26,26650.0,1.0,,,NSE_INDEX|Nifty 50,NSE_INDEX|Nifty 50,,,,,,,,,,
0.0,NSE_FO,NIFTY,NSE,1779820199000.0,CE,NIFTY,NIFTY,NSE_FO|72593,65.0,1755.0,72593,65.0,5.0,INDEX,INDEX,NIFTY 26550 CE 26 MAY 26,26550.0,1.0,,,NSE_INDEX|Nifty 50,NSE_INDEX|Nifty 50,,,,,,,,,,
0.0,NSE_FO,NIFTY,NSE,1779820199000.0,PE,NIFTY,NIFTY,NSE_FO|72596,65.0,1755.0,72596,65.0,5.0,INDEX,INDEX,NIFTY 26550 PE 26 MAY 26,26550.0,1.0,,,NSE_INDEX|Nifty 50,NSE_INDEX|Nifty 50,,,,,,,,,,
0.0,NSE_FO,NIFTY,NSE,1779820199000.0,CE,NIFTY,NIFTY,NSE_FO|72579,65.0,1755.0,72579,65.0,5.0,INDEX,INDEX,NIFTY 26500 CE 26 MAY 26,26500.0,1.0,,,NSE_INDEX|Nifty 50,NSE_INDEX|Nifty 50,,,,,,,,,,
0.0,NSE_FO,NIFTY,NSE,1779820199000.0,PE,NIFTY,NIFTY,NSE_FO|72578,65.0,1755.0,72578,65.0,5.0,INDEX,INDEX,NIFTY 26450 PE 26 MAY 26,26450.0,1.0,,,NSE_INDEX|Nifty 50,NSE_INDEX|Nifty 50,,,,,,,,,,
0.0,NSE_FO,NIFTY,NSE,1779820199000.0,CE,NIFTY,NIFTY,NSE_FO|72577,65.0,1755.0,72577,65.0,5.0,INDEX,INDEX,NIFTY 26450 CE 26 MAY 26,26450.0,1.0,,,NSE_INDEX|Nifty 50,NSE_INDEX|Nifty 50,,,,,,,,,,
0.0,NSE_FO,NIFTY,NSE,1779820199000.0,PE,NIFTY,NIFTY,NSE_FO|72471,65.0,1755.0,72471,65.0,5.0,INDEX,INDEX,NIFTY 26400 PE 26 MAY 26,26400.0,1.0,,,NSE_INDEX|Nifty 50,NSE_INDEX|Nifty 50,,,,,,,,,,
0.0,NSE_FO,NIFTY,NSE,1779820199000.0,CE,NIFTY,NIFTY,NSE_FO|72470,65.0,1755.0,72470,65.0,5.0,INDEX,INDEX,NIFTY 26400 CE 26 MAY 26,26400.0,1.0,,,NSE_INDEX|Nifty 50,NSE_INDEX|Nifty 50,,,,,,,,,,
0.0,NSE_FO,NIFTY,NSE,1779820199000.0,PE,NIFTY,NIFTY,NSE_FO|72455,65.0,1755.0,72455,65.0,5.0,INDEX,INDEX,NIFTY 26350 PE 26 MAY 26,26350.0,1.0,,,NSE_INDEX|Nifty 50,NSE_INDEX|Nifty 50,,,,,,,,,,
0.0,NSE_FO,NIFTY,NSE,1779820199000.0,CE,NIFTY,NIFTY,NSE_FO|72454,65.0,1755.0,72454,65.0,5.0,INDEX,INDEX,NIFTY 26350 CE 26 MAY 26,26350.0,1.0,,,NSE_INDEX|Nifty 50,NSE_INDEX|Nifty 50,,,,,,,,,,
0.0,NSE_FO,NIFTY,NSE,1779820199000.0,PE,NIFTY,NIFTY,NSE_FO|72451,65.0,1755.0,72451,65.0,5.0,INDEX,INDEX,NIFTY 26250 PE 26 MAY 26,26250.0,1.0,,,NSE_INDEX|Nifty 50,NSE_INDEX|Nifty 50,,,,,,,,,,
0.0,NSE_FO,NIFTY,NSE,1779820199000.0,CE,NIFTY,NIFTY,NSE_FO|72450,65.0,1755.0,72450,65.0,5.0,INDEX,INDEX,NIFTY 26250 CE 26 MAY 26,26250.0,1.0,,,NSE_INDEX|Nifty 50,NSE_INDEX|Nifty 50,,,,,,,,,,
0.0,NSE_FO,NIFTY,NSE,1779820199000.0,PE,NIFTY,NIFTY,NSE_FO|72453,65.0,1755.0,72453,65.0,5.0,INDEX,INDEX,NIFTY 26300 PE 26 MAY 26,26300.0,1.0,,,NSE_INDEX|Nifty 50,NSE_INDEX|Nifty 50,,,,,,,,,,
0.0,NSE_FO,NIFTY,NSE,1779820199000.0,CE,NIFTY,NIFTY,NSE_FO|72452,65.0,1755.0,72452,65.0,5.0,INDEX,INDEX,NIFTY 26300 CE 26 MAY 26,26300.0,1.0,,,NSE_INDEX|Nifty 50,NSE_INDEX|Nifty 50,,,,,,,,,,
0.0,NSE_FO,NIFTY,NSE,1861468199000.0,CE,NIFTY,NIFTY,NSE_FO|67776,65.0,1755.0,67776,65.0,5.0,INDEX,INDEX,NIFTY 21000 CE 26 DEC 28,21000.0,1.0,,,NSE_INDEX|Nifty 50,NSE_INDEX|Nifty 50,,,,,,,,,,
0.0,NSE_FO,NIFTY,NSE,1861468199000.0,PE,NIFTY,NIFTY,NSE_FO|67775,65.0,1755.0,67775,65.0,5.0,INDEX,INDEX,NIFTY 20000 PE 26 DEC 28,20000.0,1.0,,,NSE_INDEX|Nifty 50,NSE_INDEX|Nifty 50,,,,,,,,,,
0.0,NSE_FO,NIFTY,NSE,1861468199000.0,PE,NIFTY,NIFTY,NSE_FO|67777,65.0,1755.0,67777,65.0,5.0,INDEX,INDEX,NIFTY 21000 PE 26 DEC 28,21000.0,1.0,,,NSE_INDEX|Nifty 50,NSE_INDEX|Nifty 50,,,,,,,,,,
0.0,NSE_FO,NIFTY,NSE,1861468199000.0,PE,NIFTY,NIFTY,NSE_FO|67779,65.0,1755.0,67779,65.0,5.0,INDEX,INDEX,NIFTY 22000 PE 26 DEC 28,22000.0,1.0,,,NSE_INDEX|Nifty 50,NSE_INDEX|Nifty 50,,,,,,,,,,
0.0,NSE_FO,NIFTY,NSE,1861468199000.0,PE,NIFTY,NIFTY,NSE_FO|67781,65.0,1755.0,67781,65.0,5.0,INDEX,INDEX,NIFTY 23000 PE 26 DEC 28,23000.0,1.0,,,NSE_INDEX|Nifty 50,NSE_INDEX|Nifty 50,,,,,,,,,,
0.0,NSE_FO,NIFTY,NSE,1861468199000.0,PE,NIFTY,NIFTY,NSE_FO|67783,65.0,1755.0,67783,65.0,5.0,INDEX,INDEX,NIFTY 24000 PE 26 DEC 28,24000.0,1.0,,,NSE_INDEX|Nifty 50,NSE_INDEX|Nifty 50,,,,,,,,,,
0.0,NSE_FO,NIFTY,NSE,1861468199000.0,CE,NIFTY,NIFTY,NSE_FO|67782,65.0,1755.0,67782,65.0,5.0,INDEX,INDEX,NIFTY 24000 CE 26 DEC 28,24000.0,1.0,,,NSE_INDEX|Nifty 50,NSE_INDEX|Nifty 50,,,,,,,,,,
0.0,NSE_FO,NIFTY,NSE,1861468199000.0,PE,NIFTY,NIFTY,NSE_FO|67785,65.0,1755.0,67785,65.0,5.0,INDEX,INDEX,NIFTY 25000 PE 26 DEC 28,25000.0,1.0,,,NSE_INDEX|Nifty 50,NSE_INDEX|Nifty 50,,,,,,,,,,
0.0,NSE_FO,NIFTY,NSE,1861468199000.0,PE,NIFTY,NIFTY,NSE_FO|67787,65.0,1755.0,67787,65.0,5.0,INDEX,INDEX,NIFTY 26000 PE 26 DEC 28,26000.0,1.0,,,NSE_INDEX|Nifty 50,NSE_INDEX|Nifty 50,,,,,,,,,,
0.0,NSE_FO,NIFTY,NSE,1861468199000.0,PE,NIFTY,NIFTY,NSE_FO|67789,65.0,1755.0,67789,65.0,5.0,INDEX,INDEX,NIFTY 27000 PE 26 DEC 28,27000.0,1.0,,,NSE_INDEX|Nifty 50,NSE_INDEX|Nifty 50,,,,,,,,,,
0.0,NSE_FO,NIFTY,NSE,1861468199000.0,CE,NIFTY,NIFTY,NSE_FO|67788,65.0,1755.0,67788,65.0,5.0,INDEX,INDEX,NIFTY 27000 CE 26 DEC 28,27000.0,1.0,,,NSE_INDEX|Nifty 50,NSE_INDEX|Nifty 50,,,,,,,,,,
0.0,NSE_FO,NIFTY,NSE,1861468199000.0,CE,NIFTY,NIFTY,NSE_FO|67790,65.0,1755.0,67790,65.0,5.0,INDEX,INDEX,NIFTY 28000 CE 26 DEC 28,28000.0,1.0,,,NSE_INDEX|Nifty 50,NSE_INDEX|Nifty 50,,,,,,,,,,
0.0,NSE_FO,NIFTY,NSE,1861468199000.0,CE,NIFTY,NIFTY,NSE_FO|67794,65.0,1755.0,67794,65.0,5.0,INDEX,INDEX,NIFTY 30000 CE 26 DEC 28,30000.0,1.0,,,NSE_INDEX|Nifty 50,NSE_INDEX|Nifty 50,,,,,,,,,,
0.0,NSE_FO,NIFTY,NSE,1861468199000.0,PE,NIFTY,NIFTY,NSE_FO|67795,65.0,1755.0,67795,65.0,5.0,INDEX,INDEX,NIFTY 30000 PE 26 DEC 28,30000.0,1.0,,,NSE_INDEX|Nifty 50,NSE_INDEX|Nifty 50,,,,,,,,,,
0.0,NSE_FO,NIFTY,NSE,1861468199000.0,PE,NIFTY,NIFTY,NSE_FO|67765,65.0,1755.0,67765,65.0,5.0,INDEX,INDEX,NIFTY 15000 PE 26 DEC 28,15000.0,1.0,,,NSE_INDEX|Nifty 50,NSE_INDEX|Nifty 50,,,,,,,,,,
0.0,NSE_FO,NIFTY,NSE,1861468199000.0,CE,NIFTY,NIFTY,NSE_FO|67764,65.0,1755.0,67764,65.0,5.0,INDEX,INDEX,NIFTY 15000 CE 26 DEC 28,15000.0,1.0,,,NSE_INDEX|Nifty 50,NSE_INDEX|Nifty 50,,,,,,,,,,
0.0,NSE_FO,NIFTY,NSE,1861468199000.0,CE,NIFTY,NIFTY,NSE_FO|67770,65.0,1755.0,67770,65.0,5.0,INDEX,INDEX,NIFTY 18000 CE 26 DEC 28,18000.0,1.0,,,NSE_INDEX|Nifty 50,NSE_INDEX|Nifty 50,,,,,,,,,,
0.0,NSE_FO,NIFTY,NSE,1861468199000.0,PE,NIFTY,NIFTY,NSE_FO|67771,65.0,1755.0,67771,65.0,5.0,INDEX,INDEX,NIFTY 18000 PE 26 DEC 28,18000.0,1.0,,,NSE_INDEX|Nifty 50,NSE_INDEX|Nifty 50,,,,,,,,,,
0.0,NSE_FO,NIFTY,NSE,1830018599000.0,CE,NIFTY,NIFTY,NSE_FO|53603,65.0,1755.0,53603,65.0,5.0,INDEX,INDEX,NIFTY 18000 CE 28 DEC 27,18000.0,1.0,,,NSE_INDEX|Nifty 50,NSE_INDEX|Nifty 50,,,,,,,,,,
0.0,NSE_FO,NIFTY,NSE,1830018599000.0,PE,NIFTY,NIFTY,NSE_FO|53602,65.0,1755.0,53602,65.0,5.0,INDEX,INDEX,NIFTY 17000 PE 28 DEC 27,17000.0,1.0,,,NSE_INDEX|Nifty 50,NSE_INDEX|Nifty 50,,,,,,,,,,
0.0,NSE_FO,NIFTY,NSE,1830018599000.0,PE,NIFTY,NIFTY,NSE_FO|53604,65.0,1755.0,53604,65.0,5.0,INDEX,INDEX,NIFTY 18000 PE 28 DEC 27,18000.0,1.0,,,NSE_INDEX|Nifty 50,NSE_INDEX|Nifty 50,,,,,,,,,,
0.0,NSE_FO,NIFTY,NSE,1830018599000.0,PE,NIFTY,NIFTY,NSE_FO|53606,65.0,1755.0,53606,65.0,5.0,INDEX,INDEX,NIFTY 19000 PE 28 DEC 27,19000.0,1.0,,,NSE_INDEX|Nifty 50,NSE_INDEX|Nifty 50,,,,,,,,,,
0.0,NSE_FO,NIFTY,NSE,1830018599000.0,PE,NIFTY,NIFTY,NSE_FO|53625,65.0,1755.0,53625,65.0,5.0,INDEX,INDEX,NIFTY 24000 PE 28 DEC 27,24000.0,1.0,,,NSE_INDEX|Nifty 50,NSE_INDEX|Nifty 50,,,,,,,,,,
0.0,NSE_FO,NIFTY,NSE,1830018599000.0,CE,NIFTY,NIFTY,NSE_FO|53624,65.0,1755.0,53624,65.0,5.0,INDEX,INDEX,NIFTY 24000 CE 28 DEC 27,24000.0,1.0,,,NSE_INDEX|Nifty 50,NSE_INDEX|Nifty 50,,,,,,,,,,
0.0,NSE_FO,NIFTY,NSE,1830018599000.0,PE,NIFTY,NIFTY,NSE_FO|53627,65.0,1755.0,53627,65.0,5.0,INDEX,INDEX,NIFTY 25000 PE 28 DEC 27,25000.0,1.0,,,NSE_INDEX|Nifty 50,NSE_INDEX|Nifty 50,,,,,,,,,,
0.0,NSE_FO,NIFTY,NSE,1830018599000.0,CE,NIFTY,NIFTY,NSE_FO|53626,65.0,1755.0,53626,65.0,5.0,INDEX,INDEX,NIFTY 25000 CE 28 DEC 27,25000.0,1.0,,,NSE_INDEX|Nifty 50,NSE_INDEX|Nifty 50,,,,,,,,,,
0.0,NSE_FO,NIFTY,NSE,1830018599000.0,CE,NIFTY,NIFTY,NSE_FO|53628,65.0,1755.0,53628,65.0,5.0,INDEX,INDEX,NIFTY 26000 CE 28 DEC 27,26000.0,1.0,,,NSE_INDEX|Nifty 50,NSE_INDEX|Nifty 50,,,,,,,,,,
0.0,NSE_FO,NIFTY,NSE,1830018599000.0,PE,NIFTY,NIFTY,NSE_FO|53611,65.0,1755.0,53611,65.0,5.0,INDEX,INDEX,NIFTY 20000 PE 28 DEC 27,20000.0,1.0,,,NSE_INDEX|Nifty 50,NSE_INDEX|Nifty 50,,,,,,,,,,
0.0,NSE_FO,NIFTY,NSE,1830018599000.0,CE,NIFTY,NIFTY,NSE_FO|53613,65.0,1755.0,53613,65.0,5.0,INDEX,INDEX,NIFTY 21000 CE 28 DEC 27,21000.0,1.0,,,NSE_INDEX|Nifty 50,NSE_INDEX|Nifty 50,,,,,,,,,,
0.0,NSE_FO,NIFTY,NSE,1830018599000.0,PE,NIFTY,NIFTY,NSE_FO|53615,65.0,1755.0,53615,65.0,5.0,INDEX,INDEX,NIFTY 21000 PE 28 DEC 27,21000.0,1.0,,,NSE_INDEX|Nifty 50,NSE_INDEX|Nifty 50,,,,,,,,,,
0.0,NSE_FO,NIFTY,NSE,1830018599000.0,PE,NIFTY,NIFTY,NSE_FO|53617,65.0,1755.0,53617,65.0,5.0,INDEX,INDEX,NIFTY 22000 PE 28 DEC 27,22000.0,1.0,,,NSE_INDEX|Nifty 50,NSE_INDEX|Nifty 50,,,,,,,,,,
0.0,NSE_FO,NIFTY,NSE,1830018599000.0,PE,NIFTY,NIFTY,NSE_FO|53619,65.0,1755.0,53619,65.0,5.0,INDEX,INDEX,NIFTY 23000 PE 28 DEC 27,23000.0,1.0,,,NSE_INDEX|Nifty 50,NSE_INDEX|Nifty 50,,,,,,,,,,
0.0,NSE_FO,NIFTY,NSE,1830018599000.0,PE,NIFTY,NIFTY,NSE_FO|53630,65.0,1755.0,53630,65.0,5.0,INDEX,INDEX,NIFTY 26000 PE 28 DEC 27,26000.0,1.0,,,NSE_INDEX|Nifty 50,NSE_INDEX|Nifty 50,,,,,,,,,,
0.0,NSE_FO,NIFTY,NSE,1830018599000.0,PE,NIFTY,NIFTY,NSE_FO|53632,65.0,1755.0,53632,65.0,5.0,INDEX,INDEX,NIFTY 27000 PE 28 DEC 27,27000.0,1.0,,,NSE_INDEX|Nifty 50,NSE_INDEX|Nifty 50,,,,,,,,,,
0.0,NSE_FO,NIFTY,NSE,1830018599000.0,CE,NIFTY,NIFTY,NSE_FO|53631,65.0,1755.0,53631,65.0,5.0,INDEX,INDEX,NIFTY 27000 CE 28 DEC 27,27000.0,1.0,,,NSE_INDEX|Nifty 50,NSE_INDEX|Nifty 50,,,,,,,,,,
0.0,NSE_FO,NIFTY,NSE,1830018599000.0,CE,NIFTY,NIFTY,NSE_FO|53591,65.0,1755.0,53591,65.0,5.0,INDEX,INDEX,NIFTY 15000 CE 28 DEC 27,15000.0,1.0,,,NSE_INDEX|Nifty 50,NSE_INDEX|Nifty 50,,,,,,,,,,
0.0,NSE_FO,NIFTY,NSE,1830018599000.0,PE,NIFTY,NIFTY,NSE_FO|53595,65.0,1755.0,53595,65.0,5.0,INDEX,INDEX,NIFTY 15000 PE 28 DEC 27,15000.0,1.0,,,NSE_INDEX|Nifty 50,NSE_INDEX|Nifty 50,,,,,,,,,,
0.0,NSE_FO,NIFTY,NSE,1830018599000.0,CE,NIFTY,NIFTY,NSE_FO|35346,65.0,1755.0,35346,65.0,5.0,INDEX,INDEX,NIFTY 30000 CE 28 DEC 27,30000.0,1.0,,,NSE_INDEX|Nifty 50,NSE_INDEX|Nifty 50,,,,,,,,,,
0.0,NSE_FO,NIFTY,NSE,1845743399000.0,CE,NIFTY,NIFTY,NSE_FO|35352,65.0,1755.0,35352,65.0,5.0,INDEX,INDEX,NIFTY 30000 CE 27 JUN 28,30000.0,1.0,,,NSE_INDEX|Nifty 50,NSE_INDEX|Nifty 50,,,,,,,,,,
0.0,NSE_FO,NIFTY,NSE,1845743399000.0,PE,NIFTY,NIFTY,NSE_FO|35353,65.0,1755.0,35353,65.0,5.0,INDEX,INDEX,NIFTY 30000 PE 27 JUN 28,30000.0,1.0,,,NSE_INDEX|Nifty 50,NSE_INDEX|Nifty 50,,,,,,,,,,
0.0,NSE_FO,NIFTY,NSE,1830018599000.0,PE,NIFTY,NIFTY,NSE_FO|35347,65.0,1755.0,35347,65.0,5.0,INDEX,INDEX,NIFTY 30000 PE 28 DEC 27,30000.0,1.0,,,NSE_INDEX|Nifty 50,NSE_INDEX|Nifty 50,,,,,,,,,,
0.0,NSE_FO,NIFTY,NSE,1798568999000.0,CE,NIFTY,NIFTY,NSE_FO|35235,65.0,1755.0,35235,65.0,5.0,INDEX,INDEX,NIFTY 30000 CE 29 DEC 26,30000.0,1.0,,,NSE_INDEX|Nifty 50,NSE_INDEX|Nifty 50,,,,,,,,,,
0.0,NSE_FO,NIFTY,NSE,1782844199000.0,PE,NIFTY,NIFTY,NSE_FO|35231,65.0,1755.0,35231,65.0,5.0,INDEX,INDEX,NIFTY 30000 PE 30 JUN 26,30000.0,1.0,,,NSE_INDEX|Nifty 50,NSE_INDEX|Nifty 50,,,,,,,,,,
0.0,NSE_FO,NIFTY,NSE,1782844199000.0,CE,NIFTY,NIFTY,NSE_FO|35229,65.0,1755.0,35229,65.0,5.0,INDEX,INDEX,NIFTY 30000 CE 30 JUN 26,30000.0,1.0,,,NSE_INDEX|Nifty 50,NSE_INDEX|Nifty 50,,,,,,,,,,
0.0,NSE_FO,NIFTY,NSE,1798568999000.0,PE,NIFTY,NIFTY,NSE_FO|35237,65.0,1755.0,35237,65.0,5.0,INDEX,INDEX,NIFTY 30000 PE 29 DEC 26,30000.0,1.0,,,NSE_INDEX|Nifty 50,NSE_INDEX|Nifty 50,,,,,,,,,,
0.0,NSE_FO,NIFTY,NSE,1814293799000.0,CE,NIFTY,NIFTY,NSE_FO|35262,65.0,1755.0,35262,65.0,5.0,INDEX,INDEX,NIFTY 30000 CE 29 JUN 27,30000.0,1.0,,,NSE_INDEX|Nifty 50,NSE_INDEX|Nifty 50,,,,,,,,,,
0.0,NSE_FO,NIFTY,NSE,1814293799000.0,PE,NIFTY,NIFTY,NSE_FO|35263,65.0,1755.0,35263,65.0,5.0,INDEX,INDEX,NIFTY 30000 PE 29 JUN 27,30000.0,1.0,,,NSE_INDEX|Nifty 50,NSE_INDEX|Nifty 50,,,,,,,,,,
0.0,NSE_FO,NIFTY,NSE,1908642599000.0,PE,NIFTY,NIFTY,NSE_FO|60939,65.0,1755.0,60939,65.0,5.0,INDEX,INDEX,NIFTY 30000 PE 25 JUN 30,30000.0,1.0,,,NSE_INDEX|Nifty 50,NSE_INDEX|Nifty 50,,,,,,,,,,
0.0,NSE_FO,NIFTY,NSE,1908642599000.0,CE,NIFTY,NIFTY,NSE_FO|60936,65.0,1755.0,60936,65.0,5.0,INDEX,INDEX,NIFTY 30000 CE 25 JUN 30,30000.0,1.0,,,NSE_INDEX|Nifty 50,NSE_INDEX|Nifty 50,,,,,,,,,,
0.0,NSE_FO,NIFTY,NSE,1908642599000.0,PE,NIFTY,NIFTY,NSE_FO|60945,65.0,1755.0,60945,65.0,5.0,INDEX,INDEX,NIFTY 33000 PE 25 JUN 30,33000.0,1.0,,,NSE_INDEX|Nifty 50,NSE_INDEX|Nifty 50,,,,,,,,,,
0.0,NSE_FO,NIFTY,NSE,1908642599000.0,CE,NIFTY,NIFTY,NSE_FO|60944,65.0,1755.0,60944,65.0,5.0,INDEX,INDEX,NIFTY 33000 CE 25 JUN 30,33000.0,1.0,,,NSE_INDEX|Nifty 50,NSE_INDEX|Nifty 50,,,,,,,,,,
0.0,NSE_FO,NIFTY,NSE,1908642599000.0,CE,NIFTY,NIFTY,NSE_FO|60910,65.0,1755.0,60910,65.0,5.0,INDEX,INDEX,NIFTY 27000 CE 25 JUN 30,27000.0,1.0,,,NSE_INDEX|Nifty 50,NSE_INDEX|Nifty 50,,,,,,,,,,
0.0,NSE_FO,NIFTY,NSE,1908642599000.0,PE,NIFTY,NIFTY,NSE_FO|60911,65.0,1755.0,60911,65.0,5.0,INDEX,INDEX,NIFTY 27000 PE 25 JUN 30,27000.0,1.0,,,NSE_INDEX|Nifty 50,NSE_INDEX|Nifty 50,,,,,,,,,,
0.0,NSE_FO,NIFTY,NSE,1908642599000.0,PE,NIFTY,NIFTY,NSE_FO|60905,65.0,1755.0,60905,65.0,5.0,INDEX,INDEX,NIFTY 24000 PE 25 JUN 30,24000.0,1.0,,,NSE_INDEX|Nifty 50,NSE_INDEX|Nifty 50,,,,,,,,,,
0.0,NSE_FO,NIFTY,NSE,1908642599000.0,CE,NIFTY,NIFTY,NSE_FO|60904,65.0,1755.0,60904,65.0,5.0,INDEX,INDEX,NIFTY 24000 CE 25 JUN 30,24000.0,1.0,,,NSE_INDEX|Nifty 50,NSE_INDEX|Nifty 50,,,,,,,,,,
0.0,NSE_FO,NIFTY,NSE,1908642599000.0,PE,NIFTY,NIFTY,NSE_FO|60899,65.0,1755.0,60899,65.0,5.0,INDEX,INDEX,NIFTY 21000 PE 25 JUN 30,21000.0,1.0,,,NSE_INDEX|Nifty 50,NSE_INDEX|Nifty 50,,,,,,,,,,
0.0,NSE_FO,NIFTY,NSE,1908642599000.0,CE,NIFTY,NIFTY,NSE_FO|60898,65.0,1755.0,60898,65.0,5.0,INDEX,INDEX,NIFTY 21000 CE 25 JUN 30,21000.0,1.0,,,NSE_INDEX|Nifty 50,NSE_INDEX|Nifty 50,,,,,,,,,,
0.0,NSE_FO,NIFTY,NSE,1908642599000.0,PE,NIFTY,NIFTY,NSE_FO|60893,65.0,1755.0,60893,65.0,5.0,INDEX,INDEX,NIFTY 18000 PE 25 JUN 30,18000.0,1.0,,,NSE_INDEX|Nifty 50,NSE_INDEX|Nifty 50,,,,,,,,,,
0.0,NSE_FO,NIFTY,NSE,1908642599000.0,CE,NIFTY,NIFTY,NSE_FO|60892,65.0,1755.0,60892,65.0,5.0,INDEX,INDEX,NIFTY 18000 CE 25 JUN 30,18000.0,1.0,,,NSE_INDEX|Nifty 50,NSE_INDEX|Nifty 50,,,,,,,,,,
0.0,NSE_FO,NIFTY,NSE,1908642599000.0,CE,NIFTY,NIFTY,NSE_FO|60886,65.0,1755.0,60886,65.0,5.0,INDEX,INDEX,NIFTY 15000 CE 25 JUN 30,15000.0,1.0,,,NSE_INDEX|Nifty 50,NSE_INDEX|Nifty 50,,,,,,,,,,
0.0,NSE_FO,NIFTY,NSE,1908642599000.0,PE,NIFTY,NIFTY,NSE_FO|60887,65.0,1755.0,60887,65.0,5.0,INDEX,INDEX,NIFTY 15000 PE 25 JUN 30,15000.0,1.0,,,NSE_INDEX|Nifty 50,NSE_INDEX|Nifty 50,,,,,,,,,,
0.0,NSE_FO,NIFTY,NSE,1806431399000.0,CE,NIFTY,NIFTY,NSE_FO|80307,65.0,1755.0,80307,65.0,5.0,INDEX,INDEX,NIFTY 30000 CE 30 MAR 27,30000.0,1.0,,,NSE_INDEX|Nifty 50,NSE_INDEX|Nifty 50,,,,,,,,,,
0.0,NSE_FO,NIFTY,NSE,1806431399000.0,PE,NIFTY,NIFTY,NSE_FO|80306,65.0,1755.0,80306,65.0,5.0,INDEX,INDEX,NIFTY 28500 PE 30 MAR 27,28500.0,1.0,,,NSE_INDEX|Nifty 50,NSE_INDEX|Nifty 50,,,,,,,,,,
0.0,NSE_FO,NIFTY,NSE,1798568999000.0,CE,NIFTY,NIFTY,NSE_FO|55336,65.0,1755.0,55336,65.0,5.0,INDEX,INDEX,NIFTY 34500 CE 29 DEC 26,34500.0,1.0,,,NSE_INDEX|Nifty 50,NSE_INDEX|Nifty 50,,,,,,,,,,
0.0,NSE_FO,NIFTY,NSE,1798568999000.0,PE,NIFTY,NIFTY,NSE_FO|55337,65.0,1755.0,55337,65.0,5.0,INDEX,INDEX,NIFTY 34500 PE 29 DEC 26,34500.0,1.0,,,NSE_INDEX|Nifty 50,NSE_INDEX|Nifty 50,,,,,,,,,,
0.0,NSE_FO,NIFTY,NSE,1806431399000.0,PE,NIFTY,NIFTY,NSE_FO|80312,65.0,1755.0,80312,65.0,5.0,INDEX,INDEX,NIFTY 31500 PE 30 MAR 27,31500.0,1.0,,,NSE_INDEX|Nifty 50,NSE_INDEX|Nifty 50,,,,,,,,,,
0.0,NSE_FO,NIFTY,NSE,1806431399000.0,PE,NIFTY,NIFTY,NSE_FO|80310,65.0,1755.0,80310,65.0,5.0,INDEX,INDEX,NIFTY 30000 PE 30 MAR 27,30000.0,1.0,,,NSE_INDEX|Nifty 50,NSE_INDEX|Nifty 50,,,,,,,,,,
0.0,NSE_FO,NIFTY,NSE,1806431399000.0,CE,NIFTY,NIFTY,NSE_FO|80311,65.0,1755.0,80311,65.0,5.0,INDEX,INDEX,NIFTY 31500 CE 30 MAR 27,31500.0,1.0,,,NSE_INDEX|Nifty 50,NSE_INDEX|Nifty 50,,,,,,,,,,
0.0,NSE_FO,NIFTY,NSE,1814293799000.0,CE,NIFTY,NIFTY,NSE_FO|55372,65.0,1755.0,55372,65.0,5.0,INDEX,INDEX,NIFTY 19500 CE 29 JUN 27,19500.0,1.0,,,NSE_INDEX|Nifty 50,NSE_INDEX|Nifty 50,,,,,,,,,,
0.0,NSE_FO,NIFTY,NSE,1814293799000.0,PE,NIFTY,NIFTY,NSE_FO|55373,65.0,1755.0,55373,65.0,5.0,INDEX,INDEX,NIFTY 19500 PE 29 JUN 27,19500.0,1.0,,,NSE_INDEX|Nifty 50,NSE_INDEX|Nifty 50,,,,,,,,,,
0.0,NSE_FO,NIFTY,NSE,1814293799000.0,PE,NIFTY,NIFTY,NSE_FO|55371,65.0,1755.0,55371,65.0,5.0,INDEX,INDEX,NIFTY 16500 PE 29 JUN 27,16500.0,1.0,,,NSE_INDEX|Nifty 50,NSE_INDEX|Nifty 50,,,,,,,,,,
0.0,NSE_FO,NIFTY,NSE,1814293799000.0,CE,NIFTY,NIFTY,NSE_FO|55376,65.0,1755.0,55376,65.0,5.0,INDEX,INDEX,NIFTY 25500 CE 29 JUN 27,25500.0,1.0,,,NSE_INDEX|Nifty 50,NSE_INDEX|Nifty 50,,,,,,,,,,
0.0,NSE_FO,NIFTY,NSE,1814293799000.0,PE,NIFTY,NIFTY,NSE_FO|55377,65.0,1755.0,55377,65.0,5.0,INDEX,INDEX,NIFTY 25500 PE 29 JUN 27,25500.0,1.0,,,NSE_INDEX|Nifty 50,NSE_INDEX|Nifty 50,,,,,,,,,,
0.0,NSE_FO,NIFTY,NSE,1814293799000.0,CE,NIFTY,NIFTY,NSE_FO|55374,65.0,1755.0,55374,65.0,5.0,INDEX,INDEX,NIFTY 22500 CE 29 JUN 27,22500.0,1.0,,,NSE_INDEX|Nifty 50,NSE_INDEX|Nifty 50,,,,,,,,,,
0.0,NSE_FO,NIFTY,NSE,1814293799000.0,PE,NIFTY,NIFTY,NSE_FO|55375,65.0,1755.0,55375,65.0,5.0,INDEX,INDEX,NIFTY 22500 PE 29 JUN 27,22500.0,1.0,,,NSE_INDEX|Nifty 50,NSE_INDEX|Nifty 50,,,,,,,,,,
0.0,NSE_FO,NIFTY,NSE,1814293799000.0,CE,NIFTY,NIFTY,NSE_FO|55368,65.0,1755.0,55368,65.0,5.0,INDEX,INDEX,NIFTY 16500 CE 29 JUN 27,16500.0,1.0,,,NSE_INDEX|Nifty 50,NSE_INDEX|Nifty 50,,,,,,,,,,
0.0,NSE_FO,NIFTY,NSE,1798568999000.0,CE,NIFTY,NIFTY,NSE_FO|55332,65.0,1755.0,55332,65.0,5.0,INDEX,INDEX,NIFTY 31500 CE 29 DEC 26,31500.0,1.0,,,NSE_INDEX|Nifty 50,NSE_INDEX|Nifty 50,,,,,,,,,,
0.0,NSE_FO,NIFTY,NSE,1798568999000.0,PE,NIFTY,NIFTY,NSE_FO|55333,65.0,1755.0,55333,65.0,5.0,INDEX,INDEX,NIFTY 31500 PE 29 DEC 26,31500.0,1.0,,,NSE_INDEX|Nifty 50,NSE_INDEX|Nifty 50,,,,,,,,,,
0.0,NSE_FO,NIFTY,NSE,1798568999000.0,CE,NIFTY,NIFTY,NSE_FO|55330,65.0,1755.0,55330,65.0,5.0,INDEX,INDEX,NIFTY 28500 CE 29 DEC 26,28500.0,1.0,,,NSE_INDEX|Nifty 50,NSE_INDEX|Nifty 50,,,,,,,,,,
0.0,NSE_FO,NIFTY,NSE,1798568999000.0,PE,NIFTY,NIFTY,NSE_FO|55331,65.0,1755.0,55331,65.0,5.0,INDEX,INDEX,NIFTY 28500 PE 29 DEC 26,28500.0,1.0,,,NSE_INDEX|Nifty 50,NSE_INDEX|Nifty 50,,,,,,,,,,
0.0,NSE_FO,NIFTY,NSE,1798568999000.0,PE,NIFTY,NIFTY,NSE_FO|55325,65.0,1755.0,55325,65.0,5.0,INDEX,INDEX,NIFTY 19500 PE 29 DEC 26,19500.0,1.0,,,NSE_INDEX|Nifty 50,NSE_INDEX|Nifty 50,,,,,,,,,,
0.0,NSE_FO,NIFTY,NSE,1798568999000.0,CE,NIFTY,NIFTY,NSE_FO|55326,65.0,1755.0,55326,65.0,5.0,INDEX,INDEX,NIFTY 22500 CE 29 DEC 26,22500.0,1.0,,,NSE_INDEX|Nifty 50,NSE_INDEX|Nifty 50,,,,,,,,,,
0.0,NSE_FO,NIFTY,NSE,1798568999000.0,PE,NIFTY,NIFTY,NSE_FO|55323,65.0,1755.0,55323,65.0,5.0,INDEX,INDEX,NIFTY 16500 PE 29 DEC 26,16500.0,1.0,,,NSE_INDEX|Nifty 50,NSE_INDEX|Nifty 50,,,,,,,,,,
0.0,NSE_FO,NIFTY,NSE,1798568999000.0,CE,NIFTY,NIFTY,NSE_FO|55324,65.0,1755.0,55324,65.0,5.0,INDEX,INDEX,NIFTY 19500 CE 29 DEC 26,19500.0,1.0,,,NSE_INDEX|Nifty 50,NSE_INDEX|Nifty 50,,,,,,,,,,
0.0,NSE_FO,NIFTY,NSE,1798568999000.0,PE,NIFTY,NIFTY,NSE_FO|55329,65.0,1755.0,55329,65.0,5.0,INDEX,INDEX,NIFTY 25500 PE 29 DEC 26,25500.0,1.0,,,NSE_INDEX|Nifty 50,NSE_INDEX|Nifty 50,,,,,,,,,,
0.0,NSE_FO,NIFTY,NSE,1798568999000.0,PE,NIFTY,NIFTY,NSE_FO|55327,65.0,1755.0,55327,65.0,5.0,INDEX,INDEX,NIFTY 22500 PE 29 DEC 26,22500.0,1.0,,,NSE_INDEX|Nifty 50,NSE_INDEX|Nifty 50,,,,,,,,,,
0.0,NSE_FO,NIFTY,NSE,1798568999000.0,CE,NIFTY,NIFTY,NSE_FO|55328,65.0,1755.0,55328,65.0,5.0,INDEX,INDEX,NIFTY 25500 CE 29 DEC 26,25500.0,1.0,,,NSE_INDEX|Nifty 50,NSE_INDEX|Nifty 50,,,,,,,,,,
0.0,NSE_FO,NIFTY,NSE,1798568999000.0,CE,NIFTY,NIFTY,NSE_FO|55322,65.0,1755.0,55322,65.0,5.0,INDEX,INDEX,NIFTY 16500 CE 29 DEC 26,16500.0,1.0,,,NSE_INDEX|Nifty 50,NSE_INDEX|Nifty 50,,,,,,,,,,
0.0,NSE_FO,NIFTY,NSE,1814293799000.0,CE,NIFTY,NIFTY,NSE_FO|55380,65.0,1755.0,55380,65.0,5.0,INDEX,INDEX,NIFTY 31500 CE 29 JUN 27,31500.0,1.0,,,NSE_INDEX|Nifty 50,NSE_INDEX|Nifty 50,,,,,,,,,,
0.0,NSE_FO,NIFTY,NSE,1814293799000.0,CE,NIFTY,NIFTY,NSE_FO|55384,65.0,1755.0,55384,65.0,5.0,INDEX,INDEX,NIFTY 34500 CE 29 JUN 27,34500.0,1.0,,,NSE_INDEX|Nifty 50,NSE_INDEX|Nifty 50,,,,,,,,,,
0.0,NSE_FO,NIFTY,NSE,1814293799000.0,PE,NIFTY,NIFTY,NSE_FO|55381,65.0,1755.0,55381,65.0,5.0,INDEX,INDEX,NIFTY 31500 PE 29 JUN 27,31500.0,1.0,,,NSE_INDEX|Nifty 50,NSE_INDEX|Nifty 50,,,,,,,,,,
0.0,NSE_FO,NIFTY,NSE,1814293799000.0,PE,NIFTY,NIFTY,NSE_FO|55385,65.0,1755.0,55385,65.0,5.0,INDEX,INDEX,NIFTY 34500 PE 29 JUN 27,34500.0,1.0,,,NSE_INDEX|Nifty 50,NSE_INDEX|Nifty 50,,,,,,,,,,
0.0,NSE_FO,NIFTY,NSE,1814293799000.0,CE,NIFTY,NIFTY,NSE_FO|55378,65.0,1755.0,55378,65.0,5.0,INDEX,INDEX,NIFTY 28500 CE 29 JUN 27,28500.0,1.0,,,NSE_INDEX|Nifty 50,NSE_INDEX|Nifty 50,,,,,,,,,,
0.0,NSE_FO,NIFTY,NSE,1814293799000.0,PE,NIFTY,NIFTY,NSE_FO|55379,65.0,1755.0,55379,65.0,5.0,INDEX,INDEX,NIFTY 28500 PE 29 JUN 27,28500.0,1.0,,,NSE_INDEX|Nifty 50,NSE_INDEX|Nifty 50,,,,,,,,,,
0.0,NSE_FO,NIFTY,NSE,1782844199000.0,CE,NIFTY,NIFTY,NSE_FO|55224,65.0,1755.0,55224,65.0,5.0,INDEX,INDEX,NIFTY 34500 CE 30 JUN 26,34500.0,1.0,,,NSE_INDEX|Nifty 50,NSE_INDEX|Nifty 50,,,,,,,,,,
0.0,NSE_FO,NIFTY,NSE,1782844199000.0,PE,NIFTY,NIFTY,NSE_FO|55225,65.0,1755.0,55225,65.0,5.0,INDEX,INDEX,NIFTY 34500 PE 30 JUN 26,34500.0,1.0,,,NSE_INDEX|Nifty 50,NSE_INDEX|Nifty 50,,,,,,,,,,
0.0,NSE_FO,NIFTY,NSE,1782844199000.0,CE,NIFTY,NIFTY,NSE_FO|55220,65.0,1755.0,55220,65.0,5.0,INDEX,INDEX,NIFTY 31500 CE 30 JUN 26,31500.0,1.0,,,NSE_INDEX|Nifty 50,NSE_INDEX|Nifty 50,,,,,,,,,,
0.0,NSE_FO,NIFTY,NSE,1782844199000.0,PE,NIFTY,NIFTY,NSE_FO|55221,65.0,1755.0,55221,65.0,5.0,INDEX,INDEX,NIFTY 31500 PE 30 JUN 26,31500.0,1.0,,,NSE_INDEX|Nifty 50,NSE_INDEX|Nifty 50,,,,,,,,,,
0.0,NSE_FO,NIFTY,NSE,1806431399000.0,CE,NIFTY,NIFTY,NSE_FO|80270,65.0,1755.0,80270,65.0,5.0,INDEX,INDEX,NIFTY 22500 CE 30 MAR 27,22500.0,1.0,,,NSE_INDEX|Nifty 50,NSE_INDEX|Nifty 50,,,,,,,,,,
0.0,NSE_FO,NIFTY,NSE,1806431399000.0,CE,NIFTY,NIFTY,NSE_FO|80268,65.0,1755.0,80268,65.0,5.0,INDEX,INDEX,NIFTY 21000 CE 30 MAR 27,21000.0,1.0,,,NSE_INDEX|Nifty 50,NSE_INDEX|Nifty 50,,,,,,,,,,
0.0,NSE_FO,NIFTY,NSE,1806431399000.0,PE,NIFTY,NIFTY,NSE_FO|80269,65.0,1755.0,80269,65.0,5.0,INDEX,INDEX,NIFTY 21000 PE 30 MAR 27,21000.0,1.0,,,NSE_INDEX|Nifty 50,NSE_INDEX|Nifty 50,,,,,,,,,,
0.0,NSE_FO,NIFTY,NSE,1806431399000.0,PE,NIFTY,NIFTY,NSE_FO|80267,65.0,1755.0,80267,65.0,5.0,INDEX,INDEX,NIFTY 19500 PE 30 MAR 27,19500.0,1.0,,,NSE_INDEX|Nifty 50,NSE_INDEX|Nifty 50,,,,,,,,,,
0.0,NSE_FO,NIFTY,NSE,1806431399000.0,PE,NIFTY,NIFTY,NSE_FO|80273,65.0,1755.0,80273,65.0,5.0,INDEX,INDEX,NIFTY 24000 PE 30 MAR 27,24000.0,1.0,,,NSE_INDEX|Nifty 50,NSE_INDEX|Nifty 50,,,,,,,,,,
0.0,NSE_FO,NIFTY,NSE,1806431399000.0,CE,NIFTY,NIFTY,NSE_FO|80274,65.0,1755.0,80274,65.0,5.0,INDEX,INDEX,NIFTY 25500 CE 30 MAR 27,25500.0,1.0,,,NSE_INDEX|Nifty 50,NSE_INDEX|Nifty 50,,,,,,,,,,
0.0,NSE_FO,NIFTY,NSE,1806431399000.0,PE,NIFTY,NIFTY,NSE_FO|80271,65.0,1755.0,80271,65.0,5.0,INDEX,INDEX,NIFTY 22500 PE 30 MAR 27,22500.0,1.0,,,NSE_INDEX|Nifty 50,NSE_INDEX|Nifty 50,,,,,,,,,,
0.0,NSE_FO,NIFTY,NSE,1806431399000.0,CE,NIFTY,NIFTY,NSE_FO|80272,65.0,1755.0,80272,65.0,5.0,INDEX,INDEX,NIFTY 24000 CE 30 MAR 27,24000.0,1.0,,,NSE_INDEX|Nifty 50,NSE_INDEX|Nifty 50,,,,,,,,,,
0.0,NSE_FO,NIFTY,NSE,1806431399000.0,PE,NIFTY,NIFTY,NSE_FO|80277,65.0,1755.0,80277,65.0,5.0,INDEX,INDEX,NIFTY 27000 PE 30 MAR 27,27000.0,1.0,,,NSE_INDEX|Nifty 50,NSE_INDEX|Nifty 50,,,,,,,,,,
0.0,NSE_FO,NIFTY,NSE,1806431399000.0,CE,NIFTY,NIFTY,NSE_FO|80278,65.0,1755.0,80278,65.0,5.0,INDEX,INDEX,NIFTY 28500 CE 30 MAR 27,28500.0,1.0,,,NSE_INDEX|Nifty 50,NSE_INDEX|Nifty 50,,,,,,,,,,
0.0,NSE_FO,NIFTY,NSE,1806431399000.0,PE,NIFTY,NIFTY,NSE_FO|80275,65.0,1755.0,80275,65.0,5.0,INDEX,INDEX,NIFTY 25500 PE 30 MAR 27,25500.0,1.0,,,NSE_INDEX|Nifty 50,NSE_INDEX|Nifty 50,,,,,,,,,,
0.0,NSE_FO,NIFTY,NSE,1806431399000.0,CE,NIFTY,NIFTY,NSE_FO|80276,65.0,1755.0,80276,65.0,5.0,INDEX,INDEX,NIFTY 27000 CE 30 MAR 27,27000.0,1.0,,,NSE_INDEX|Nifty 50,NSE_INDEX|Nifty 50,,,,,,,,,,
0.0,NSE_FO,NIFTY,NSE,1806431399000.0,PE,NIFTY,NIFTY,NSE_FO|80248,65.0,1755.0,80248,65.0,5.0,INDEX,INDEX,NIFTY 18000 PE 30 MAR 27,18000.0,1.0,,,NSE_INDEX|Nifty 50,NSE_INDEX|Nifty 50,,,,,,,,,,
0.0,NSE_FO,NIFTY,NSE,1806431399000.0,CE,NIFTY,NIFTY,NSE_FO|80249,65.0,1755.0,80249,65.0,5.0,INDEX,INDEX,NIFTY 19500 CE 30 MAR 27,19500.0,1.0,,,NSE_INDEX|Nifty 50,NSE_INDEX|Nifty 50,,,,,,,,,,
0.0,NSE_FO,NIFTY,NSE,1790706599000.0,PE,NIFTY,NIFTY,NSE_FO|55291,65.0,1755.0,55291,65.0,5.0,INDEX,INDEX,NIFTY 31500 PE 29 SEP 26,31500.0,1.0,,,NSE_INDEX|Nifty 50,NSE_INDEX|Nifty 50,,,,,,,,,,
0.0,NSE_FO,NIFTY,NSE,1790706599000.0,CE,NIFTY,NIFTY,NSE_FO|55292,65.0,1755.0,55292,65.0,5.0,INDEX,INDEX,NIFTY 34500 CE 29 SEP 26,34500.0,1.0,,,NSE_INDEX|Nifty 50,NSE_INDEX|Nifty 50,,,,,,,,,,
0.0,NSE_FO,NIFTY,NSE,1790706599000.0,CE,NIFTY,NIFTY,NSE_FO|55290,65.0,1755.0,55290,65.0,5.0,INDEX,INDEX,NIFTY 31500 CE 29 SEP 26,31500.0,1.0,,,NSE_INDEX|Nifty 50,NSE_INDEX|Nifty 50,,,,,,,,,,
0.0,NSE_FO,NIFTY,NSE,1790706599000.0,PE,NIFTY,NIFTY,NSE_FO|55293,65.0,1755.0,55293,65.0,5.0,INDEX,INDEX,NIFTY 34500 PE 29 SEP 26,34500.0,1.0,,,NSE_INDEX|Nifty 50,NSE_INDEX|Nifty 50,,,,,,,,,,
0.0,NSE_FO,NIFTY,NSE,1790706599000.0,CE,NIFTY,NIFTY,NSE_FO|55280,65.0,1755.0,55280,65.0,5.0,INDEX,INDEX,NIFTY 16500 CE 29 SEP 26,16500.0,1.0,,,NSE_INDEX|Nifty 50,NSE_INDEX|Nifty 50,,,,,,,,,,
0.0,NSE_FO,NIFTY,NSE,1790706599000.0,PE,NIFTY,NIFTY,NSE_FO|55281,65.0,1755.0,55281,65.0,5.0,INDEX,INDEX,NIFTY 16500 PE 29 SEP 26,16500.0,1.0,,,NSE_INDEX|Nifty 50,NSE_INDEX|Nifty 50,,,,,,,,,,
0.0,NSE_FO,NIFTY,NSE,1790706599000.0,CE,NIFTY,NIFTY,NSE_FO|55284,65.0,1755.0,55284,65.0,5.0,INDEX,INDEX,NIFTY 22500 CE 29 SEP 26,22500.0,1.0,,,NSE_INDEX|Nifty 50,NSE_INDEX|Nifty 50,,,,,,,,,,
0.0,NSE_FO,NIFTY,NSE,1790706599000.0,PE,NIFTY,NIFTY,NSE_FO|55285,65.0,1755.0,55285,65.0,5.0,INDEX,INDEX,NIFTY 22500 PE 29 SEP 26,22500.0,1.0,,,NSE_INDEX|Nifty 50,NSE_INDEX|Nifty 50,,,,,,,,,,
0.0,NSE_FO,NIFTY,NSE,1790706599000.0,CE,NIFTY,NIFTY,NSE_FO|55282,65.0,1755.0,55282,65.0,5.0,INDEX,INDEX,NIFTY 19500 CE 29 SEP 26,19500.0,1.0,,,NSE_INDEX|Nifty 50,NSE_INDEX|Nifty 50,,,,,,,,,,
0.0,NSE_FO,NIFTY,NSE,1790706599000.0,PE,NIFTY,NIFTY,NSE_FO|55283,65.0,1755.0,55283,65.0,5.0,INDEX,INDEX,NIFTY 19500 PE 29 SEP 26,19500.0,1.0,,,NSE_INDEX|Nifty 50,NSE_INDEX|Nifty 50,,,,,,,,,,
0.0,NSE_FO,NIFTY,NSE,1790706599000.0,CE,NIFTY,NIFTY,NSE_FO|55288,65.0,1755.0,55288,65.0,5.0,INDEX,INDEX,NIFTY 28500 CE 29 SEP 26,28500.0,1.0,,,NSE_INDEX|Nifty 50,NSE_INDEX|Nifty 50,,,,,,,,,,
0.0,NSE_FO,NIFTY,NSE,1790706599000.0,PE,NIFTY,NIFTY,NSE_FO|55289,65.0,1755.0,55289,65.0,5.0,INDEX,INDEX,NIFTY 28500 PE 29 SEP 26,28500.0,1.0,,,NSE_INDEX|Nifty 50,NSE_INDEX|Nifty 50,,,,,,,,,,
0.0,NSE_FO,NIFTY,NSE,1790706599000.0,CE,NIFTY,NIFTY,NSE_FO|55286,65.0,1755.0,55286,65.0,5.0,INDEX,INDEX,NIFTY 25500 CE 29 SEP 26,25500.0,1.0,,,NSE_INDEX|Nifty 50,NSE_INDEX|Nifty 50,,,,,,,,,,
0.0,NSE_FO,NIFTY,NSE,1790706599000.0,PE,NIFTY,NIFTY,NSE_FO|55287,65.0,1755.0,55287,65.0,5.0,INDEX,INDEX,NIFTY 25500 PE 29 SEP 26,25500.0,1.0,,,NSE_INDEX|Nifty 50,NSE_INDEX|Nifty 50,,,,,,,,,,
0.0,NSE_FO,NIFTY,NSE,1782844199000.0,CE,NIFTY,NIFTY,NSE_FO|55190,65.0,1755.0,55190,65.0,5.0,INDEX,INDEX,NIFTY 28500 CE 30 JUN 26,28500.0,1.0,,,NSE_INDEX|Nifty 50,NSE_INDEX|Nifty 50,,,,,,,,,,
0.0,NSE_FO,NIFTY,NSE,1782844199000.0,PE,NIFTY,NIFTY,NSE_FO|55191,65.0,1755.0,55191,65.0,5.0,INDEX,INDEX,NIFTY 28500 PE 30 JUN 26,28500.0,1.0,,,NSE_INDEX|Nifty 50,NSE_INDEX|Nifty 50,,,,,,,,,,
0.0,NSE_FO,NIFTY,NSE,1782844199000.0,CE,NIFTY,NIFTY,NSE_FO|55181,65.0,1755.0,55181,65.0,5.0,INDEX,INDEX,NIFTY 16500 CE 30 JUN 26,16500.0,1.0,,,NSE_INDEX|Nifty 50,NSE_INDEX|Nifty 50,,,,,,,,,,
0.0,NSE_FO,NIFTY,NSE,1782844199000.0,PE,NIFTY,NIFTY,NSE_FO|55182,65.0,1755.0,55182,65.0,5.0,INDEX,INDEX,NIFTY 16500 PE 30 JUN 26,16500.0,1.0,,,NSE_INDEX|Nifty 50,NSE_INDEX|Nifty 50,,,,,,,,,,
0.0,NSE_FO,NIFTY,NSE,1782844199000.0,CE,NIFTY,NIFTY,NSE_FO|55185,65.0,1755.0,55185,65.0,5.0,INDEX,INDEX,NIFTY 22500 CE 30 JUN 26,22500.0,1.0,,,NSE_INDEX|Nifty 50,NSE_INDEX|Nifty 50,,,,,,,,,,
0.0,NSE_FO,NIFTY,NSE,1782844199000.0,PE,NIFTY,NIFTY,NSE_FO|55186,65.0,1755.0,55186,65.0,5.0,INDEX,INDEX,NIFTY 22500 PE 30 JUN 26,22500.0,1.0,,,NSE_INDEX|Nifty 50,NSE_INDEX|Nifty 50,,,,,,,,,,
0.0,NSE_FO,NIFTY,NSE,1782844199000.0,CE,NIFTY,NIFTY,NSE_FO|55183,65.0,1755.0,55183,65.0,5.0,INDEX,INDEX,NIFTY 19500 CE 30 JUN 26,19500.0,1.0,,,NSE_INDEX|Nifty 50,NSE_INDEX|Nifty 50,,,,,,,,,,
0.0,NSE_FO,NIFTY,NSE,1782844199000.0,PE,NIFTY,NIFTY,NSE_FO|55184,65.0,1755.0,55184,65.0,5.0,INDEX,INDEX,NIFTY 19500 PE 30 JUN 26,19500.0,1.0,,,NSE_INDEX|Nifty 50,NSE_INDEX|Nifty 50,,,,,,,,,,
0.0,NSE_FO,NIFTY,NSE,1782844199000.0,PE,NIFTY,NIFTY,NSE_FO|55189,65.0,1755.0,55189,65.0,5.0,INDEX,INDEX,NIFTY 25500 PE 30 JUN 26,25500.0,1.0,,,NSE_INDEX|Nifty 50,NSE_INDEX|Nifty 50,,,,,,,,,,
0.0,NSE_FO,NIFTY,NSE,1782844199000.0,CE,NIFTY,NIFTY,NSE_FO|55188,65.0,1755.0,55188,65.0,5.0,INDEX,INDEX,NIFTY 25500 CE 30 JUN 26,25500.0,1.0,,,NSE_INDEX|Nifty 50,NSE_INDEX|Nifty 50,,,,,,,,,,
0.0,NSE_FO,NIFTY,NSE,1806431399000.0,CE,NIFTY,NIFTY,NSE_FO|80192,65.0,1755.0,80192,65.0,5.0,INDEX,INDEX,NIFTY 18000 CE 30 MAR 27,18000.0,1.0,,,NSE_INDEX|Nifty 50,NSE_INDEX|Nifty 50,,,,,,,,,,
0.0,NSE_FO,NIFTY,NSE,1806431399000.0,CE,NIFTY,NIFTY,NSE_FO|80190,65.0,1755.0,80190,65.0,5.0,INDEX,INDEX,NIFTY 16500 CE 30 MAR 27,16500.0,1.0,,,NSE_INDEX|Nifty 50,NSE_INDEX|Nifty 50,,,,,,,,,,
0.0,NSE_FO,NIFTY,NSE,1806431399000.0,PE,NIFTY,NIFTY,NSE_FO|80191,65.0,1755.0,80191,65.0,5.0,INDEX,INDEX,NIFTY 16500 PE 30 MAR 27,16500.0,1.0,,,NSE_INDEX|Nifty 50,NSE_INDEX|Nifty 50,,,,,,,,,,
0.0,NSE_FO,NIFTY,NSE,1806431399000.0,PE,NIFTY,NIFTY,NSE_FO|80189,65.0,1755.0,80189,65.0,5.0,INDEX,INDEX,NIFTY 15000 PE 30 MAR 27,15000.0,1.0,,,NSE_INDEX|Nifty 50,NSE_INDEX|Nifty 50,,,,,,,,,,
0.0,NSE_FO,NIFTY,NSE,1806431399000.0,CE,NIFTY,NIFTY,NSE_FO|80188,65.0,1755.0,80188,65.0,5.0,INDEX,INDEX,NIFTY 15000 CE 30 MAR 27,15000.0,1.0,,,NSE_INDEX|Nifty 50,NSE_INDEX|Nifty 50,,,,,,,,,,
0.0,NSE_FO,NIFTY,NSE,1782844199000.0,PE,NIFTY,NIFTY,NSE_FO|80009,65.0,1755.0,80009,65.0,5.0,INDEX,INDEX,NIFTY 26450 PE 30 JUN 26,26450.0,1.0,,,NSE_INDEX|Nifty 50,NSE_INDEX|Nifty 50,,,,,,,,,,
0.0,NSE_FO,NIFTY,NSE,1782844199000.0,CE,NIFTY,NIFTY,NSE_FO|80010,65.0,1755.0,80010,65.0,5.0,INDEX,INDEX,NIFTY 26500 CE 30 JUN 26,26500.0,1.0,,,NSE_INDEX|Nifty 50,NSE_INDEX|Nifty 50,,,,,,,,,,
0.0,NSE_FO,NIFTY,NSE,1782844199000.0,PE,NIFTY,NIFTY,NSE_FO|80013,65.0,1755.0,80013,65.0,5.0,INDEX,INDEX,NIFTY 26550 PE 30 JUN 26,26550.0,1.0,,,NSE_INDEX|Nifty 50,NSE_INDEX|Nifty 50,,,,,,,,,,
0.0,NSE_FO,NIFTY,NSE,1782844199000.0,PE,NIFTY,NIFTY,NSE_FO|80011,65.0,1755.0,80011,65.0,5.0,INDEX,INDEX,NIFTY 26500 PE 30 JUN 26,26500.0,1.0,,,NSE_INDEX|Nifty 50,NSE_INDEX|Nifty 50,,,,,,,,,,
0.0,NSE_FO,NIFTY,NSE,1782844199000.0,CE,NIFTY,NIFTY,NSE_FO|80012,65.0,1755.0,80012,65.0,5.0,INDEX,INDEX,NIFTY 26550 CE 30 JUN 26,26550.0,1.0,,,NSE_INDEX|Nifty 50,NSE_INDEX|Nifty 50,,,,,,,,,,
0.0,NSE_FO,NIFTY,NSE,1924972199000.0,PE,NIFTY,NIFTY,NSE_FO|55699,65.0,1755.0,55699,65.0,5.0,INDEX,INDEX,NIFTY 18000 PE 31 DEC 30,18000.0,1.0,,,NSE_INDEX|Nifty 50,NSE_INDEX|Nifty 50,,,,,,,,,,
0.0,NSE_FO,NIFTY,NSE,1924972199000.0,PE,NIFTY,NIFTY,NSE_FO|55697,65.0,1755.0,55697,65.0,5.0,INDEX,INDEX,NIFTY 16500 PE 31 DEC 30,16500.0,1.0,,,NSE_INDEX|Nifty 50,NSE_INDEX|Nifty 50,,,,,,,,,,
0.0,NSE_FO,NIFTY,NSE,1924972199000.0,CE,NIFTY,NIFTY,NSE_FO|55698,65.0,1755.0,55698,65.0,5.0,INDEX,INDEX,NIFTY 18000 CE 31 DEC 30,18000.0,1.0,,,NSE_INDEX|Nifty 50,NSE_INDEX|Nifty 50,,,,,,,,,,
0.0,NSE_FO,NIFTY,NSE,1908642599000.0,PE,NIFTY,NIFTY,NSE_FO|55653,65.0,1755.0,55653,65.0,5.0,INDEX,INDEX,NIFTY 34500 PE 25 JUN 30,34500.0,1.0,,,NSE_INDEX|Nifty 50,NSE_INDEX|Nifty 50,,,,,,,,,,
0.0,NSE_FO,NIFTY,NSE,1924972199000.0,PE,NIFTY,NIFTY,NSE_FO|55695,65.0,1755.0,55695,65.0,5.0,INDEX,INDEX,NIFTY 15000 PE 31 DEC 30,15000.0,1.0,,,NSE_INDEX|Nifty 50,NSE_INDEX|Nifty 50,,,,,,,,,,
0.0,NSE_FO,NIFTY,NSE,1924972199000.0,CE,NIFTY,NIFTY,NSE_FO|55696,65.0,1755.0,55696,65.0,5.0,INDEX,INDEX,NIFTY 16500 CE 31 DEC 30,16500.0,1.0,,,NSE_INDEX|Nifty 50,NSE_INDEX|Nifty 50,,,,,,,,,,
0.0,NSE_FO,NIFTY,NSE,1924972199000.0,CE,NIFTY,NIFTY,NSE_FO|55694,65.0,1755.0,55694,65.0,5.0,INDEX,INDEX,NIFTY 15000 CE 31 DEC 30,15000.0,1.0,,,NSE_INDEX|Nifty 50,NSE_INDEX|Nifty 50,,,,,,,,,,
0.0,NSE_FO,NIFTY,NSE,1924972199000.0,CE,NIFTY,NIFTY,NSE_FO|55770,65.0,1755.0,55770,65.0,5.0,INDEX,INDEX,NIFTY 34500 CE 31 DEC 30,34500.0,1.0,,,NSE_INDEX|Nifty 50,NSE_INDEX|Nifty 50,,,,,,,,,,
0.0,NSE_FO,NIFTY,NSE,1924972199000.0,PE,NIFTY,NIFTY,NSE_FO|55771,65.0,1755.0,55771,65.0,5.0,INDEX,INDEX,NIFTY 34500 PE 31 DEC 30,34500.0,1.0,,,NSE_INDEX|Nifty 50,NSE_INDEX|Nifty 50,,,,,,,,,,
0.0,NSE_FO,NIFTY,NSE,1924972199000.0,PE,NIFTY,NIFTY,NSE_FO|55765,65.0,1755.0,55765,65.0,5.0,INDEX,INDEX,NIFTY 31500 PE 31 DEC 30,31500.0,1.0,,,NSE_INDEX|Nifty 50,NSE_INDEX|Nifty 50,,,,,,,,,,
0.0,NSE_FO,NIFTY,NSE,1924972199000.0,CE,NIFTY,NIFTY,NSE_FO|55766,65.0,1755.0,55766,65.0,5.0,INDEX,INDEX,NIFTY 33000 CE 31 DEC 30,33000.0,1.0,,,NSE_INDEX|Nifty 50,NSE_INDEX|Nifty 50,,,,,,,,,,
0.0,NSE_FO,NIFTY,NSE,1924972199000.0,PE,NIFTY,NIFTY,NSE_FO|55763,65.0,1755.0,55763,65.0,5.0,INDEX,INDEX,NIFTY 30000 PE 31 DEC 30,30000.0,1.0,,,NSE_INDEX|Nifty 50,NSE_INDEX|Nifty 50,,,,,,,,,,
0.0,NSE_FO,NIFTY,NSE,1924972199000.0,CE,NIFTY,NIFTY,NSE_FO|55764,65.0,1755.0,55764,65.0,5.0,INDEX,INDEX,NIFTY 31500 CE 31 DEC 30,31500.0,1.0,,,NSE_INDEX|Nifty 50,NSE_INDEX|Nifty 50,,,,,,,,,,
0.0,NSE_FO,NIFTY,NSE,1924972199000.0,PE,NIFTY,NIFTY,NSE_FO|55767,65.0,1755.0,55767,65.0,5.0,INDEX,INDEX,NIFTY 33000 PE 31 DEC 30,33000.0,1.0,,,NSE_INDEX|Nifty 50,NSE_INDEX|Nifty 50,,,,,,,,,,
0.0,NSE_FO,NIFTY,NSE,1924972199000.0,PE,NIFTY,NIFTY,NSE_FO|55761,65.0,1755.0,55761,65.0,5.0,INDEX,INDEX,NIFTY 28500 PE 31 DEC 30,28500.0,1.0,,,NSE_INDEX|Nifty 50,NSE_INDEX|Nifty 50,,,,,,,,,,
0.0,NSE_FO,NIFTY,NSE,1924972199000.0,CE,NIFTY,NIFTY,NSE_FO|55762,65.0,1755.0,55762,65.0,5.0,INDEX,INDEX,NIFTY 30000 CE 31 DEC 30,30000.0,1.0,,,NSE_INDEX|Nifty 50,NSE_INDEX|Nifty 50,,,,,,,,,,
0.0,NSE_FO,NIFTY,NSE,1924972199000.0,CE,NIFTY,NIFTY,NSE_FO|55760,65.0,1755.0,55760,65.0,5.0,INDEX,INDEX,NIFTY 28500 CE 31 DEC 30,28500.0,1.0,,,NSE_INDEX|Nifty 50,NSE_INDEX|Nifty 50,,,,,,,,,,
0.0,NSE_FO,NIFTY,NSE,1924972199000.0,CE,NIFTY,NIFTY,NSE_FO|55754,65.0,1755.0,55754,65.0,5.0,INDEX,INDEX,NIFTY 24000 CE 31 DEC 30,24000.0,1.0,,,NSE_INDEX|Nifty 50,NSE_INDEX|Nifty 50,,,,,,,,,,
0.0,NSE_FO,NIFTY,NSE,1924972199000.0,PE,NIFTY,NIFTY,NSE_FO|55755,65.0,1755.0,55755,65.0,5.0,INDEX,INDEX,NIFTY 24000 PE 31 DEC 30,24000.0,1.0,,,NSE_INDEX|Nifty 50,NSE_INDEX|Nifty 50,,,,,,,,,,
0.0,NSE_FO,NIFTY,NSE,1924972199000.0,CE,NIFTY,NIFTY,NSE_FO|55758,65.0,1755.0,55758,65.0,5.0,INDEX,INDEX,NIFTY 27000 CE 31 DEC 30,27000.0,1.0,,,NSE_INDEX|Nifty 50,NSE_INDEX|Nifty 50,,,,,,,,,,
0.0,NSE_FO,NIFTY,NSE,1924972199000.0,PE,NIFTY,NIFTY,NSE_FO|55759,65.0,1755.0,55759,65.0,5.0,INDEX,INDEX,NIFTY 27000 PE 31 DEC 30,27000.0,1.0,,,NSE_INDEX|Nifty 50,NSE_INDEX|Nifty 50,,,,,,,,,,
0.0,NSE_FO,NIFTY,NSE,1924972199000.0,CE,NIFTY,NIFTY,NSE_FO|55756,65.0,1755.0,55756,65.0,5.0,INDEX,INDEX,NIFTY 25500 CE 31 DEC 30,25500.0,1.0,,,NSE_INDEX|Nifty 50,NSE_INDEX|Nifty 50,,,,,,,,,,
0.0,NSE_FO,NIFTY,NSE,1924972199000.0,PE,NIFTY,NIFTY,NSE_FO|55757,65.0,1755.0,55757,65.0,5.0,INDEX,INDEX,NIFTY 25500 PE 31 DEC 30,25500.0,1.0,,,NSE_INDEX|Nifty 50,NSE_INDEX|Nifty 50,,,,,,,,,,
0.0,NSE_FO,NIFTY,NSE,1924972199000.0,CE,NIFTY,NIFTY,NSE_FO|55700,65.0,1755.0,55700,65.0,5.0,INDEX,INDEX,NIFTY 19500 CE 31 DEC 30,19500.0,1.0,,,NSE_INDEX|Nifty 50,NSE_INDEX|Nifty 50,,,,,,,,,,
0.0,NSE_FO,NIFTY,NSE,1924972199000.0,PE,NIFTY,NIFTY,NSE_FO|55703,65.0,1755.0,55703,65.0,5.0,INDEX,INDEX,NIFTY 21000 PE 31 DEC 30,21000.0,1.0,,,NSE_INDEX|Nifty 50,NSE_INDEX|Nifty 50,,,,,,,,,,
0.0,NSE_FO,NIFTY,NSE,1924972199000.0,CE,NIFTY,NIFTY,NSE_FO|55704,65.0,1755.0,55704,65.0,5.0,INDEX,INDEX,NIFTY 22500 CE 31 DEC 30,22500.0,1.0,,,NSE_INDEX|Nifty 50,NSE_INDEX|Nifty 50,,,,,,,,,,
0.0,NSE_FO,NIFTY,NSE,1924972199000.0,PE,NIFTY,NIFTY,NSE_FO|55701,65.0,1755.0,55701,65.0,5.0,INDEX,INDEX,NIFTY 19500 PE 31 DEC 30,19500.0,1.0,,,NSE_INDEX|Nifty 50,NSE_INDEX|Nifty 50,,,,,,,,,,
0.0,NSE_FO,NIFTY,NSE,1924972199000.0,CE,NIFTY,NIFTY,NSE_FO|55702,65.0,1755.0,55702,65.0,5.0,INDEX,INDEX,NIFTY 21000 CE 31 DEC 30,21000.0,1.0,,,NSE_INDEX|Nifty 50,NSE_INDEX|Nifty 50,,,,,,,,,,
0.0,NSE_FO,NIFTY,NSE,1924972199000.0,PE,NIFTY,NIFTY,NSE_FO|55705,65.0,1755.0,55705,65.0,5.0,INDEX,INDEX,NIFTY 22500 PE 31 DEC 30,22500.0,1.0,,,NSE_INDEX|Nifty 50,NSE_INDEX|Nifty 50,,,,,,,,,,
0.0,NSE_FO,NIFTY,NSE,1892831399000.0,CE,NIFTY,NIFTY,NSE_FO|55598,65.0,1755.0,55598,65.0,5.0,INDEX,INDEX,NIFTY 16500 CE 24 DEC 29,16500.0,1.0,,,NSE_INDEX|Nifty 50,NSE_INDEX|Nifty 50,,,,,,,,,,
0.0,NSE_FO,NIFTY,NSE,1892831399000.0,PE,NIFTY,NIFTY,NSE_FO|55599,65.0,1755.0,55599,65.0,5.0,INDEX,INDEX,NIFTY 16500 PE 24 DEC 29,16500.0,1.0,,,NSE_INDEX|Nifty 50,NSE_INDEX|Nifty 50,,,,,,,,,,
0.0,NSE_FO,NIFTY,NSE,1877192999000.0,PE,NIFTY,NIFTY,NSE_FO|55567,65.0,1755.0,55567,65.0,5.0,INDEX,INDEX,NIFTY 31500 PE 26 JUN 29,31500.0,1.0,,,NSE_INDEX|Nifty 50,NSE_INDEX|Nifty 50,,,,,,,,,,
0.0,NSE_FO,NIFTY,NSE,1877192999000.0,CE,NIFTY,NIFTY,NSE_FO|55568,65.0,1755.0,55568,65.0,5.0,INDEX,INDEX,NIFTY 34500 CE 26 JUN 29,34500.0,1.0,,,NSE_INDEX|Nifty 50,NSE_INDEX|Nifty 50,,,,,,,,,,
0.0,NSE_FO,NIFTY,NSE,1877192999000.0,PE,NIFTY,NIFTY,NSE_FO|55565,65.0,1755.0,55565,65.0,5.0,INDEX,INDEX,NIFTY 28500 PE 26 JUN 29,28500.0,1.0,,,NSE_INDEX|Nifty 50,NSE_INDEX|Nifty 50,,,,,,,,,,
0.0,NSE_FO,NIFTY,NSE,1877192999000.0,CE,NIFTY,NIFTY,NSE_FO|55566,65.0,1755.0,55566,65.0,5.0,INDEX,INDEX,NIFTY 31500 CE 26 JUN 29,31500.0,1.0,,,NSE_INDEX|Nifty 50,NSE_INDEX|Nifty 50,,,,,,,,,,
0.0,NSE_FO,NIFTY,NSE,1877192999000.0,PE,NIFTY,NIFTY,NSE_FO|55569,65.0,1755.0,55569,65.0,5.0,INDEX,INDEX,NIFTY 34500 PE 26 JUN 29,34500.0,1.0,,,NSE_INDEX|Nifty 50,NSE_INDEX|Nifty 50,,,,,,,,,,
0.0,NSE_FO,NIFTY,NSE,1877192999000.0,CE,NIFTY,NIFTY,NSE_FO|55560,65.0,1755.0,55560,65.0,5.0,INDEX,INDEX,NIFTY 22500 CE 26 JUN 29,22500.0,1.0,,,NSE_INDEX|Nifty 50,NSE_INDEX|Nifty 50,,,,,,,,,,
0.0,NSE_FO,NIFTY,NSE,1877192999000.0,PE,NIFTY,NIFTY,NSE_FO|55563,65.0,1755.0,55563,65.0,5.0,INDEX,INDEX,NIFTY 25500 PE 26 JUN 29,25500.0,1.0,,,NSE_INDEX|Nifty 50,NSE_INDEX|Nifty 50,,,,,,,,,,
0.0,NSE_FO,NIFTY,NSE,1877192999000.0,CE,NIFTY,NIFTY,NSE_FO|55564,65.0,1755.0,55564,65.0,5.0,INDEX,INDEX,NIFTY 28500 CE 26 JUN 29,28500.0,1.0,,,NSE_INDEX|Nifty 50,NSE_INDEX|Nifty 50,,,,,,,,,,
0.0,NSE_FO,NIFTY,NSE,1877192999000.0,PE,NIFTY,NIFTY,NSE_FO|55561,65.0,1755.0,55561,65.0,5.0,INDEX,INDEX,NIFTY 22500 PE 26 JUN 29,22500.0,1.0,,,NSE_INDEX|Nifty 50,NSE_INDEX|Nifty 50,,,,,,,,,,
0.0,NSE_FO,NIFTY,NSE,1877192999000.0,CE,NIFTY,NIFTY,NSE_FO|55562,65.0,1755.0,55562,65.0,5.0,INDEX,INDEX,NIFTY 25500 CE 26 JUN 29,25500.0,1.0,,,NSE_INDEX|Nifty 50,NSE_INDEX|Nifty 50,,,,,,,,,,
0.0,NSE_FO,NIFTY,NSE,1877192999000.0,CE,NIFTY,NIFTY,NSE_FO|55556,65.0,1755.0,55556,65.0,5.0,INDEX,INDEX,NIFTY 16500 CE 26 JUN 29,16500.0,1.0,,,NSE_INDEX|Nifty 50,NSE_INDEX|Nifty 50,,,,,,,,,,
0.0,NSE_FO,NIFTY,NSE,1877192999000.0,PE,NIFTY,NIFTY,NSE_FO|55557,65.0,1755.0,55557,65.0,5.0,INDEX,INDEX,NIFTY 16500 PE 26 JUN 29,16500.0,1.0,,,NSE_INDEX|Nifty 50,NSE_INDEX|Nifty 50,,,,,,,,,,
0.0,NSE_FO,NIFTY,NSE,1877192999000.0,CE,NIFTY,NIFTY,NSE_FO|55558,65.0,1755.0,55558,65.0,5.0,INDEX,INDEX,NIFTY 19500 CE 26 JUN 29,19500.0,1.0,,,NSE_INDEX|Nifty 50,NSE_INDEX|Nifty 50,,,,,,,,,,
0.0,NSE_FO,NIFTY,NSE,1877192999000.0,PE,NIFTY,NIFTY,NSE_FO|55559,65.0,1755.0,55559,65.0,5.0,INDEX,INDEX,NIFTY 19500 PE 26 JUN 29,19500.0,1.0,,,NSE_INDEX|Nifty 50,NSE_INDEX|Nifty 50,,,,,,,,,,
0.0,NSE_FO,NIFTY,NSE,1892831399000.0,PE,NIFTY,NIFTY,NSE_FO|55611,65.0,1755.0,55611,65.0,5.0,INDEX,INDEX,NIFTY 34500 PE 24 DEC 29,34500.0,1.0,,,NSE_INDEX|Nifty 50,NSE_INDEX|Nifty 50,,,,,,,,,,
0.0,NSE_FO,NIFTY,NSE,1892831399000.0,CE,NIFTY,NIFTY,NSE_FO|55610,65.0,1755.0,55610,65.0,5.0,INDEX,INDEX,NIFTY 34500 CE 24 DEC 29,34500.0,1.0,,,NSE_INDEX|Nifty 50,NSE_INDEX|Nifty 50,,,,,,,,,,
0.0,NSE_FO,NIFTY,NSE,1908642599000.0,PE,NIFTY,NIFTY,NSE_FO|55651,65.0,1755.0,55651,65.0,5.0,INDEX,INDEX,NIFTY 31500 PE 25 JUN 30,31500.0,1.0,,,NSE_INDEX|Nifty 50,NSE_INDEX|Nifty 50,,,,,,,,,,
0.0,NSE_FO,NIFTY,NSE,1908642599000.0,CE,NIFTY,NIFTY,NSE_FO|55652,65.0,1755.0,55652,65.0,5.0,INDEX,INDEX,NIFTY 34500 CE 25 JUN 30,34500.0,1.0,,,NSE_INDEX|Nifty 50,NSE_INDEX|Nifty 50,,,,,,,,,,
0.0,NSE_FO,NIFTY,NSE,1908642599000.0,CE,NIFTY,NIFTY,NSE_FO|55650,65.0,1755.0,55650,65.0,5.0,INDEX,INDEX,NIFTY 31500 CE 25 JUN 30,31500.0,1.0,,,NSE_INDEX|Nifty 50,NSE_INDEX|Nifty 50,,,,,,,,,,
0.0,NSE_FO,NIFTY,NSE,1908642599000.0,CE,NIFTY,NIFTY,NSE_FO|55644,65.0,1755.0,55644,65.0,5.0,INDEX,INDEX,NIFTY 22500 CE 25 JUN 30,22500.0,1.0,,,NSE_INDEX|Nifty 50,NSE_INDEX|Nifty 50,,,,,,,,,,
0.0,NSE_FO,NIFTY,NSE,1908642599000.0,PE,NIFTY,NIFTY,NSE_FO|55645,65.0,1755.0,55645,65.0,5.0,INDEX,INDEX,NIFTY 22500 PE 25 JUN 30,22500.0,1.0,,,NSE_INDEX|Nifty 50,NSE_INDEX|Nifty 50,,,,,,,,,,
0.0,NSE_FO,NIFTY,NSE,1908642599000.0,CE,NIFTY,NIFTY,NSE_FO|55642,65.0,1755.0,55642,65.0,5.0,INDEX,INDEX,NIFTY 19500 CE 25 JUN 30,19500.0,1.0,,,NSE_INDEX|Nifty 50,NSE_INDEX|Nifty 50,,,,,,,,,,
0.0,NSE_FO,NIFTY,NSE,1908642599000.0,PE,NIFTY,NIFTY,NSE_FO|55643,65.0,1755.0,55643,65.0,5.0,INDEX,INDEX,NIFTY 19500 PE 25 JUN 30,19500.0,1.0,,,NSE_INDEX|Nifty 50,NSE_INDEX|Nifty 50,,,,,,,,,,
0.0,NSE_FO,NIFTY,NSE,1908642599000.0,CE,NIFTY,NIFTY,NSE_FO|55648,65.0,1755.0,55648,65.0,5.0,INDEX,INDEX,NIFTY 28500 CE 25 JUN 30,28500.0,1.0,,,NSE_INDEX|Nifty 50,NSE_INDEX|Nifty 50,,,,,,,,,,
0.0,NSE_FO,NIFTY,NSE,1908642599000.0,PE,NIFTY,NIFTY,NSE_FO|55649,65.0,1755.0,55649,65.0,5.0,INDEX,INDEX,NIFTY 28500 PE 25 JUN 30,28500.0,1.0,,,NSE_INDEX|Nifty 50,NSE_INDEX|Nifty 50,,,,,,,,,,
0.0,NSE_FO,NIFTY,NSE,1908642599000.0,CE,NIFTY,NIFTY,NSE_FO|55646,65.0,1755.0,55646,65.0,5.0,INDEX,INDEX,NIFTY 25500 CE 25 JUN 30,25500.0,1.0,,,NSE_INDEX|Nifty 50,NSE_INDEX|Nifty 50,,,,,,,,,,
0.0,NSE_FO,NIFTY,NSE,1908642599000.0,PE,NIFTY,NIFTY,NSE_FO|55647,65.0,1755.0,55647,65.0,5.0,INDEX,INDEX,NIFTY 25500 PE 25 JUN 30,25500.0,1.0,,,NSE_INDEX|Nifty 50,NSE_INDEX|Nifty 50,,,,,,,,,,
0.0,NSE_FO,NIFTY,NSE,1908642599000.0,CE,NIFTY,NIFTY,NSE_FO|55640,65.0,1755.0,55640,65.0,5.0,INDEX,INDEX,NIFTY 16500 CE 25 JUN 30,16500.0,1.0,,,NSE_INDEX|Nifty 50,NSE_INDEX|Nifty 50,,,,,,,,,,
0.0,NSE_FO,NIFTY,NSE,1908642599000.0,PE,NIFTY,NIFTY,NSE_FO|55641,65.0,1755.0,55641,65.0,5.0,INDEX,INDEX,NIFTY 16500 PE 25 JUN 30,16500.0,1.0,,,NSE_INDEX|Nifty 50,NSE_INDEX|Nifty 50,,,,,,,,,,
0.0,NSE_FO,NIFTY,NSE,1892831399000.0,CE,NIFTY,NIFTY,NSE_FO|55600,65.0,1755.0,55600,65.0,5.0,INDEX,INDEX,NIFTY 19500 CE 24 DEC 29,19500.0,1.0,,,NSE_INDEX|Nifty 50,NSE_INDEX|Nifty 50,,,,,,,,,,
0.0,NSE_FO,NIFTY,NSE,1892831399000.0,PE,NIFTY,NIFTY,NSE_FO|55601,65.0,1755.0,55601,65.0,5.0,INDEX,INDEX,NIFTY 19500 PE 24 DEC 29,19500.0,1.0,,,NSE_INDEX|Nifty 50,NSE_INDEX|Nifty 50,,,,,,,,,,
0.0,NSE_FO,NIFTY,NSE,1892831399000.0,CE,NIFTY,NIFTY,NSE_FO|55604,65.0,1755.0,55604,65.0,5.0,INDEX,INDEX,NIFTY 25500 CE 24 DEC 29,25500.0,1.0,,,NSE_INDEX|Nifty 50,NSE_INDEX|Nifty 50,,,,,,,,,,
0.0,NSE_FO,NIFTY,NSE,1892831399000.0,PE,NIFTY,NIFTY,NSE_FO|55605,65.0,1755.0,55605,65.0,5.0,INDEX,INDEX,NIFTY 25500 PE 24 DEC 29,25500.0,1.0,,,NSE_INDEX|Nifty 50,NSE_INDEX|Nifty 50,,,,,,,,,,
0.0,NSE_FO,NIFTY,NSE,1892831399000.0,CE,NIFTY,NIFTY,NSE_FO|55602,65.0,1755.0,55602,65.0,5.0,INDEX,INDEX,NIFTY 22500 CE 24 DEC 29,22500.0,1.0,,,NSE_INDEX|Nifty 50,NSE_INDEX|Nifty 50,,,,,,,,,,
0.0,NSE_FO,NIFTY,NSE,1892831399000.0,PE,NIFTY,NIFTY,NSE_FO|55603,65.0,1755.0,55603,65.0,5.0,INDEX,INDEX,NIFTY 22500 PE 24 DEC 29,22500.0,1.0,,,NSE_INDEX|Nifty 50,NSE_INDEX|Nifty 50,,,,,,,,,,
0.0,NSE_FO,NIFTY,NSE,1892831399000.0,CE,NIFTY,NIFTY,NSE_FO|55608,65.0,1755.0,55608,65.0,5.0,INDEX,INDEX,NIFTY 31500 CE 24 DEC 29,31500.0,1.0,,,NSE_INDEX|Nifty 50,NSE_INDEX|Nifty 50,,,,,,,,,,
0.0,NSE_FO,NIFTY,NSE,1892831399000.0,PE,NIFTY,NIFTY,NSE_FO|55609,65.0,1755.0,55609,65.0,5.0,INDEX,INDEX,NIFTY 31500 PE 24 DEC 29,31500.0,1.0,,,NSE_INDEX|Nifty 50,NSE_INDEX|Nifty 50,,,,,,,,,,
0.0,NSE_FO,NIFTY,NSE,1892831399000.0,CE,NIFTY,NIFTY,NSE_FO|55606,65.0,1755.0,55606,65.0,5.0,INDEX,INDEX,NIFTY 28500 CE 24 DEC 29,28500.0,1.0,,,NSE_INDEX|Nifty 50,NSE_INDEX|Nifty 50,,,,,,,,,,
0.0,NSE_FO,NIFTY,NSE,1892831399000.0,PE,NIFTY,NIFTY,NSE_FO|55607,65.0,1755.0,55607,65.0,5.0,INDEX,INDEX,NIFTY 28500 PE 24 DEC 29,28500.0,1.0,,,NSE_INDEX|Nifty 50,NSE_INDEX|Nifty 50,,,,,,,,,,
0.0,NSE_FO,NIFTY,NSE,1845743399000.0,PE,NIFTY,NIFTY,NSE_FO|55471,65.0,1755.0,55471,65.0,5.0,INDEX,INDEX,NIFTY 19500 PE 27 JUN 28,19500.0,1.0,,,NSE_INDEX|Nifty 50,NSE_INDEX|Nifty 50,,,,,,,,,,
0.0,NSE_FO,NIFTY,NSE,1845743399000.0,CE,NIFTY,NIFTY,NSE_FO|55472,65.0,1755.0,55472,65.0,5.0,INDEX,INDEX,NIFTY 22500 CE 27 JUN 28,22500.0,1.0,,,NSE_INDEX|Nifty 50,NSE_INDEX|Nifty 50,,,,,,,,,,
0.0,NSE_FO,NIFTY,NSE,1845743399000.0,CE,NIFTY,NIFTY,NSE_FO|55470,65.0,1755.0,55470,65.0,5.0,INDEX,INDEX,NIFTY 19500 CE 27 JUN 28,19500.0,1.0,,,NSE_INDEX|Nifty 50,NSE_INDEX|Nifty 50,,,,,,,,,,
0.0,NSE_FO,NIFTY,NSE,1845743399000.0,PE,NIFTY,NIFTY,NSE_FO|55475,65.0,1755.0,55475,65.0,5.0,INDEX,INDEX,NIFTY 22500 PE 27 JUN 28,22500.0,1.0,,,NSE_INDEX|Nifty 50,NSE_INDEX|Nifty 50,,,,,,,,,,
0.0,NSE_FO,NIFTY,NSE,1845743399000.0,CE,NIFTY,NIFTY,NSE_FO|55476,65.0,1755.0,55476,65.0,5.0,INDEX,INDEX,NIFTY 25500 CE 27 JUN 28,25500.0,1.0,,,NSE_INDEX|Nifty 50,NSE_INDEX|Nifty 50,,,,,,,,,,
0.0,NSE_FO,NIFTY,NSE,1845743399000.0,CE,NIFTY,NIFTY,NSE_FO|55468,65.0,1755.0,55468,65.0,5.0,INDEX,INDEX,NIFTY 16500 CE 27 JUN 28,16500.0,1.0,,,NSE_INDEX|Nifty 50,NSE_INDEX|Nifty 50,,,,,,,,,,
0.0,NSE_FO,NIFTY,NSE,1845743399000.0,PE,NIFTY,NIFTY,NSE_FO|55469,65.0,1755.0,55469,65.0,5.0,INDEX,INDEX,NIFTY 16500 PE 27 JUN 28,16500.0,1.0,,,NSE_INDEX|Nifty 50,NSE_INDEX|Nifty 50,,,,,,,,,,
0.0,NSE_FO,NIFTY,NSE,1845743399000.0,CE,NIFTY,NIFTY,NSE_FO|55482,65.0,1755.0,55482,65.0,5.0,INDEX,INDEX,NIFTY 34500 CE 27 JUN 28,34500.0,1.0,,,NSE_INDEX|Nifty 50,NSE_INDEX|Nifty 50,,,,,,,,,,
0.0,NSE_FO,NIFTY,NSE,1845743399000.0,PE,NIFTY,NIFTY,NSE_FO|55483,65.0,1755.0,55483,65.0,5.0,INDEX,INDEX,NIFTY 34500 PE 27 JUN 28,34500.0,1.0,,,NSE_INDEX|Nifty 50,NSE_INDEX|Nifty 50,,,,,,,,,,
0.0,NSE_FO,NIFTY,NSE,1845743399000.0,CE,NIFTY,NIFTY,NSE_FO|55480,65.0,1755.0,55480,65.0,5.0,INDEX,INDEX,NIFTY 31500 CE 27 JUN 28,31500.0,1.0,,,NSE_INDEX|Nifty 50,NSE_INDEX|Nifty 50,,,,,,,,,,
0.0,NSE_FO,NIFTY,NSE,1845743399000.0,PE,NIFTY,NIFTY,NSE_FO|55481,65.0,1755.0,55481,65.0,5.0,INDEX,INDEX,NIFTY 31500 PE 27 JUN 28,31500.0,1.0,,,NSE_INDEX|Nifty 50,NSE_INDEX|Nifty 50,,,,,,,,,,
0.0,NSE_FO,NIFTY,NSE,1845743399000.0,PE,NIFTY,NIFTY,NSE_FO|55479,65.0,1755.0,55479,65.0,5.0,INDEX,INDEX,NIFTY 28500 PE 27 JUN 28,28500.0,1.0,,,NSE_INDEX|Nifty 50,NSE_INDEX|Nifty 50,,,,,,,,,,
0.0,NSE_FO,NIFTY,NSE,1845743399000.0,PE,NIFTY,NIFTY,NSE_FO|55477,65.0,1755.0,55477,65.0,5.0,INDEX,INDEX,NIFTY 25500 PE 27 JUN 28,25500.0,1.0,,,NSE_INDEX|Nifty 50,NSE_INDEX|Nifty 50,,,,,,,,,,
0.0,NSE_FO,NIFTY,NSE,1845743399000.0,CE,NIFTY,NIFTY,NSE_FO|55478,65.0,1755.0,55478,65.0,5.0,INDEX,INDEX,NIFTY 28500 CE 27 JUN 28,28500.0,1.0,,,NSE_INDEX|Nifty 50,NSE_INDEX|Nifty 50,,,,,,,,,,
0.0,NSE_FO,NIFTY,NSE,1830018599000.0,PE,NIFTY,NIFTY,NSE_FO|55431,65.0,1755.0,55431,65.0,5.0,INDEX,INDEX,NIFTY 31500 PE 28 DEC 27,31500.0,1.0,,,NSE_INDEX|Nifty 50,NSE_INDEX|Nifty 50,,,,,,,,,,
0.0,NSE_FO,NIFTY,NSE,1830018599000.0,CE,NIFTY,NIFTY,NSE_FO|55430,65.0,1755.0,55430,65.0,5.0,INDEX,INDEX,NIFTY 31500 CE 28 DEC 27,31500.0,1.0,,,NSE_INDEX|Nifty 50,NSE_INDEX|Nifty 50,,,,,,,,,,
0.0,NSE_FO,NIFTY,NSE,1830018599000.0,CE,NIFTY,NIFTY,NSE_FO|55424,65.0,1755.0,55424,65.0,5.0,INDEX,INDEX,NIFTY 22500 CE 28 DEC 27,22500.0,1.0,,,NSE_INDEX|Nifty 50,NSE_INDEX|Nifty 50,,,,,,,,,,
0.0,NSE_FO,NIFTY,NSE,1830018599000.0,PE,NIFTY,NIFTY,NSE_FO|55425,65.0,1755.0,55425,65.0,5.0,INDEX,INDEX,NIFTY 22500 PE 28 DEC 27,22500.0,1.0,,,NSE_INDEX|Nifty 50,NSE_INDEX|Nifty 50,,,,,,,,,,
0.0,NSE_FO,NIFTY,NSE,1830018599000.0,CE,NIFTY,NIFTY,NSE_FO|55422,65.0,1755.0,55422,65.0,5.0,INDEX,INDEX,NIFTY 19500 CE 28 DEC 27,19500.0,1.0,,,NSE_INDEX|Nifty 50,NSE_INDEX|Nifty 50,,,,,,,,,,
0.0,NSE_FO,NIFTY,NSE,1830018599000.0,PE,NIFTY,NIFTY,NSE_FO|55423,65.0,1755.0,55423,65.0,5.0,INDEX,INDEX,NIFTY 19500 PE 28 DEC 27,19500.0,1.0,,,NSE_INDEX|Nifty 50,NSE_INDEX|Nifty 50,,,,,,,,,,
0.0,NSE_FO,NIFTY,NSE,1830018599000.0,CE,NIFTY,NIFTY,NSE_FO|55428,65.0,1755.0,55428,65.0,5.0,INDEX,INDEX,NIFTY 28500 CE 28 DEC 27,28500.0,1.0,,,NSE_INDEX|Nifty 50,NSE_INDEX|Nifty 50,,,,,,,,,,
0.0,NSE_FO,NIFTY,NSE,1830018599000.0,PE,NIFTY,NIFTY,NSE_FO|55429,65.0,1755.0,55429,65.0,5.0,INDEX,INDEX,NIFTY 28500 PE 28 DEC 27,28500.0,1.0,,,NSE_INDEX|Nifty 50,NSE_INDEX|Nifty 50,,,,,,,,,,
0.0,NSE_FO,NIFTY,NSE,1830018599000.0,CE,NIFTY,NIFTY,NSE_FO|55426,65.0,1755.0,55426,65.0,5.0,INDEX,INDEX,NIFTY 25500 CE 28 DEC 27,25500.0,1.0,,,NSE_INDEX|Nifty 50,NSE_INDEX|Nifty 50,,,,,,,,,,
0.0,NSE_FO,NIFTY,NSE,1830018599000.0,PE,NIFTY,NIFTY,NSE_FO|55427,65.0,1755.0,55427,65.0,5.0,INDEX,INDEX,NIFTY 25500 PE 28 DEC 27,25500.0,1.0,,,NSE_INDEX|Nifty 50,NSE_INDEX|Nifty 50,,,,,,,,,,
0.0,NSE_FO,NIFTY,NSE,1830018599000.0,PE,NIFTY,NIFTY,NSE_FO|55421,65.0,1755.0,55421,65.0,5.0,INDEX,INDEX,NIFTY 16500 PE 28 DEC 27,16500.0,1.0,,,NSE_INDEX|Nifty 50,NSE_INDEX|Nifty 50,,,,,,,,,,
0.0,NSE_FO,NIFTY,NSE,1830018599000.0,CE,NIFTY,NIFTY,NSE_FO|55418,65.0,1755.0,55418,65.0,5.0,INDEX,INDEX,NIFTY 16500 CE 28 DEC 27,16500.0,1.0,,,NSE_INDEX|Nifty 50,NSE_INDEX|Nifty 50,,,,,,,,,,
0.0,NSE_FO,NIFTY,NSE,1830018599000.0,PE,NIFTY,NIFTY,NSE_FO|55439,65.0,1755.0,55439,65.0,5.0,INDEX,INDEX,NIFTY 34500 PE 28 DEC 27,34500.0,1.0,,,NSE_INDEX|Nifty 50,NSE_INDEX|Nifty 50,,,,,,,,,,
0.0,NSE_FO,NIFTY,NSE,1830018599000.0,CE,NIFTY,NIFTY,NSE_FO|55438,65.0,1755.0,55438,65.0,5.0,INDEX,INDEX,NIFTY 34500 CE 28 DEC 27,34500.0,1.0,,,NSE_INDEX|Nifty 50,NSE_INDEX|Nifty 50,,,,,,,,,,
0.0,NSE_FO,NIFTY,NSE,1861468199000.0,PE,NIFTY,NIFTY,NSE_FO|55523,65.0,1755.0,55523,65.0,5.0,INDEX,INDEX,NIFTY 25500 PE 26 DEC 28,25500.0,1.0,,,NSE_INDEX|Nifty 50,NSE_INDEX|Nifty 50,,,,,,,,,,
0.0,NSE_FO,NIFTY,NSE,1861468199000.0,CE,NIFTY,NIFTY,NSE_FO|55524,65.0,1755.0,55524,65.0,5.0,INDEX,INDEX,NIFTY 28500 CE 26 DEC 28,28500.0,1.0,,,NSE_INDEX|Nifty 50,NSE_INDEX|Nifty 50,,,,,,,,,,
0.0,NSE_FO,NIFTY,NSE,1861468199000.0,PE,NIFTY,NIFTY,NSE_FO|55521,65.0,1755.0,55521,65.0,5.0,INDEX,INDEX,NIFTY 22500 PE 26 DEC 28,22500.0,1.0,,,NSE_INDEX|Nifty 50,NSE_INDEX|Nifty 50,,,,,,,,,,
0.0,NSE_FO,NIFTY,NSE,1861468199000.0,CE,NIFTY,NIFTY,NSE_FO|55522,65.0,1755.0,55522,65.0,5.0,INDEX,INDEX,NIFTY 25500 CE 26 DEC 28,25500.0,1.0,,,NSE_INDEX|Nifty 50,NSE_INDEX|Nifty 50,,,,,,,,,,
0.0,NSE_FO,NIFTY,NSE,1861468199000.0,PE,NIFTY,NIFTY,NSE_FO|55527,65.0,1755.0,55527,65.0,5.0,INDEX,INDEX,NIFTY 31500 PE 26 DEC 28,31500.0,1.0,,,NSE_INDEX|Nifty 50,NSE_INDEX|Nifty 50,,,,,,,,,,
0.0,NSE_FO,NIFTY,NSE,1861468199000.0,CE,NIFTY,NIFTY,NSE_FO|55528,65.0,1755.0,55528,65.0,5.0,INDEX,INDEX,NIFTY 34500 CE 26 DEC 28,34500.0,1.0,,,NSE_INDEX|Nifty 50,NSE_INDEX|Nifty 50,,,,,,,,,,
0.0,NSE_FO,NIFTY,NSE,1861468199000.0,PE,NIFTY,NIFTY,NSE_FO|55525,65.0,1755.0,55525,65.0,5.0,INDEX,INDEX,NIFTY 28500 PE 26 DEC 28,28500.0,1.0,,,NSE_INDEX|Nifty 50,NSE_INDEX|Nifty 50,,,,,,,,,,
0.0,NSE_FO,NIFTY,NSE,1861468199000.0,CE,NIFTY,NIFTY,NSE_FO|55526,65.0,1755.0,55526,65.0,5.0,INDEX,INDEX,NIFTY 31500 CE 26 DEC 28,31500.0,1.0,,,NSE_INDEX|Nifty 50,NSE_INDEX|Nifty 50,,,,,,,,,,
0.0,NSE_FO,NIFTY,NSE,1861468199000.0,PE,NIFTY,NIFTY,NSE_FO|55529,65.0,1755.0,55529,65.0,5.0,INDEX,INDEX,NIFTY 34500 PE 26 DEC 28,34500.0,1.0,,,NSE_INDEX|Nifty 50,NSE_INDEX|Nifty 50,,,,,,,,,,
0.0,NSE_FO,NIFTY,NSE,1861468199000.0,CE,NIFTY,NIFTY,NSE_FO|55520,65.0,1755.0,55520,65.0,5.0,INDEX,INDEX,NIFTY 22500 CE 26 DEC 28,22500.0,1.0,,,NSE_INDEX|Nifty 50,NSE_INDEX|Nifty 50,,,,,,,,,,
0.0,NSE_FO,NIFTY,NSE,1861468199000.0,CE,NIFTY,NIFTY,NSE_FO|55516,65.0,1755.0,55516,65.0,5.0,INDEX,INDEX,NIFTY 16500 CE 26 DEC 28,16500.0,1.0,,,NSE_INDEX|Nifty 50,NSE_INDEX|Nifty 50,,,,,,,,,,
0.0,NSE_FO,NIFTY,NSE,1861468199000.0,PE,NIFTY,NIFTY,NSE_FO|55517,65.0,1755.0,55517,65.0,5.0,INDEX,INDEX,NIFTY 16500 PE 26 DEC 28,16500.0,1.0,,,NSE_INDEX|Nifty 50,NSE_INDEX|Nifty 50,,,,,,,,,,
0.0,NSE_FO,NIFTY,NSE,1861468199000.0,CE,NIFTY,NIFTY,NSE_FO|55518,65.0,1755.0,55518,65.0,5.0,INDEX,INDEX,NIFTY 19500 CE 26 DEC 28,19500.0,1.0,,,NSE_INDEX|Nifty 50,NSE_INDEX|Nifty 50,,,,,,,,,,
0.0,NSE_FO,NIFTY,NSE,1861468199000.0,PE,NIFTY,NIFTY,NSE_FO|55519,65.0,1755.0,55519,65.0,5.0,INDEX,INDEX,NIFTY 19500 PE 26 DEC 28,19500.0,1.0,,,NSE_INDEX|Nifty 50,NSE_INDEX|Nifty 50,,,,,,,,,,
0.0,NSE_FO,NIFTY,NSE,1877192999000.0,CE,NIFTY,NIFTY,NSE_FO|89642,65.0,1755.0,89642,65.0,5.0,INDEX,INDEX,NIFTY 30000 CE 26 JUN 29,30000.0,1.0,,,NSE_INDEX|Nifty 50,NSE_INDEX|Nifty 50,,,,,,,,,,
0.0,NSE_FO,NIFTY,NSE,1877192999000.0,CE,NIFTY,NIFTY,NSE_FO|89636,65.0,1755.0,89636,65.0,5.0,INDEX,INDEX,NIFTY 27000 CE 26 JUN 29,27000.0,1.0,,,NSE_INDEX|Nifty 50,NSE_INDEX|Nifty 50,,,,,,,,,,
0.0,NSE_FO,NIFTY,NSE,1877192999000.0,PE,NIFTY,NIFTY,NSE_FO|89637,65.0,1755.0,89637,65.0,5.0,INDEX,INDEX,NIFTY 27000 PE 26 JUN 29,27000.0,1.0,,,NSE_INDEX|Nifty 50,NSE_INDEX|Nifty 50,,,,,,,,,,
0.0,NSE_FO,NIFTY,NSE,1877192999000.0,PE,NIFTY,NIFTY,NSE_FO|89635,65.0,1755.0,89635,65.0,5.0,INDEX,INDEX,NIFTY 26000 PE 26 JUN 29,26000.0,1.0,,,NSE_INDEX|Nifty 50,NSE_INDEX|Nifty 50,,,,,,,,,,
0.0,NSE_FO,NIFTY,NSE,1877192999000.0,PE,NIFTY,NIFTY,NSE_FO|89649,65.0,1755.0,89649,65.0,5.0,INDEX,INDEX,NIFTY 33000 PE 26 JUN 29,33000.0,1.0,,,NSE_INDEX|Nifty 50,NSE_INDEX|Nifty 50,,,,,,,,,,
0.0,NSE_FO,NIFTY,NSE,1877192999000.0,CE,NIFTY,NIFTY,NSE_FO|89648,65.0,1755.0,89648,65.0,5.0,INDEX,INDEX,NIFTY 33000 CE 26 JUN 29,33000.0,1.0,,,NSE_INDEX|Nifty 50,NSE_INDEX|Nifty 50,,,,,,,,,,
0.0,NSE_FO,NIFTY,NSE,1877192999000.0,PE,NIFTY,NIFTY,NSE_FO|89643,65.0,1755.0,89643,65.0,5.0,INDEX,INDEX,NIFTY 30000 PE 26 JUN 29,30000.0,1.0,,,NSE_INDEX|Nifty 50,NSE_INDEX|Nifty 50,,,,,,,,,,
0.0,NSE_FO,NIFTY,NSE,1877192999000.0,CE,NIFTY,NIFTY,NSE_FO|89612,65.0,1755.0,89612,65.0,5.0,INDEX,INDEX,NIFTY 18000 CE 26 JUN 29,18000.0,1.0,,,NSE_INDEX|Nifty 50,NSE_INDEX|Nifty 50,,,,,,,,,,
0.0,NSE_FO,NIFTY,NSE,1877192999000.0,PE,NIFTY,NIFTY,NSE_FO|89613,65.0,1755.0,89613,65.0,5.0,INDEX,INDEX,NIFTY 18000 PE 26 JUN 29,18000.0,1.0,,,NSE_INDEX|Nifty 50,NSE_INDEX|Nifty 50,,,,,,,,,,
0.0,NSE_FO,NIFTY,NSE,1877192999000.0,CE,NIFTY,NIFTY,NSE_FO|89630,65.0,1755.0,89630,65.0,5.0,INDEX,INDEX,NIFTY 24000 CE 26 JUN 29,24000.0,1.0,,,NSE_INDEX|Nifty 50,NSE_INDEX|Nifty 50,,,,,,,,,,
0.0,NSE_FO,NIFTY,NSE,1877192999000.0,PE,NIFTY,NIFTY,NSE_FO|89631,65.0,1755.0,89631,65.0,5.0,INDEX,INDEX,NIFTY 24000 PE 26 JUN 29,24000.0,1.0,,,NSE_INDEX|Nifty 50,NSE_INDEX|Nifty 50,,,,,,,,,,
0.0,NSE_FO,NIFTY,NSE,1877192999000.0,PE,NIFTY,NIFTY,NSE_FO|89625,65.0,1755.0,89625,65.0,5.0,INDEX,INDEX,NIFTY 21000 PE 26 JUN 29,21000.0,1.0,,,NSE_INDEX|Nifty 50,NSE_INDEX|Nifty 50,,,,,,,,,,
0.0,NSE_FO,NIFTY,NSE,1877192999000.0,CE,NIFTY,NIFTY,NSE_FO|89624,65.0,1755.0,89624,65.0,5.0,INDEX,INDEX,NIFTY 21000 CE 26 JUN 29,21000.0,1.0,,,NSE_INDEX|Nifty 50,NSE_INDEX|Nifty 50,,,,,,,,,,
0.0,NSE_FO,NIFTY,NSE,1877192999000.0,PE,NIFTY,NIFTY,NSE_FO|89607,65.0,1755.0,89607,65.0,5.0,INDEX,INDEX,NIFTY 15000 PE 26 JUN 29,15000.0,1.0,,,NSE_INDEX|Nifty 50,NSE_INDEX|Nifty 50,,,,,,,,,,
0.0,NSE_FO,NIFTY,NSE,1877192999000.0,CE,NIFTY,NIFTY,NSE_FO|89606,65.0,1755.0,89606,65.0,5.0,INDEX,INDEX,NIFTY 15000 CE 26 JUN 29,15000.0,1.0,,,NSE_INDEX|Nifty 50,NSE_INDEX|Nifty 50,,,,,,,,,,
0.0,NSE_FO,NIFTY,NSE,1892831399000.0,PE,NIFTY,NIFTY,NSE_FO|61660,65.0,1755.0,61660,65.0,5.0,INDEX,INDEX,NIFTY 21000 PE 24 DEC 29,21000.0,1.0,,,NSE_INDEX|Nifty 50,NSE_INDEX|Nifty 50,,,,,,,,,,
0.0,NSE_FO,NIFTY,NSE,1892831399000.0,CE,NIFTY,NIFTY,NSE_FO|61659,65.0,1755.0,61659,65.0,5.0,INDEX,INDEX,NIFTY 21000 CE 24 DEC 29,21000.0,1.0,,,NSE_INDEX|Nifty 50,NSE_INDEX|Nifty 50,,,,,,,,,,
0.0,NSE_FO,NIFTY,NSE,1892831399000.0,PE,NIFTY,NIFTY,NSE_FO|61391,65.0,1755.0,61391,65.0,5.0,INDEX,INDEX,NIFTY 18000 PE 24 DEC 29,18000.0,1.0,,,NSE_INDEX|Nifty 50,NSE_INDEX|Nifty 50,,,,,,,,,,
0.0,NSE_FO,NIFTY,NSE,1892831399000.0,CE,NIFTY,NIFTY,NSE_FO|61390,65.0,1755.0,61390,65.0,5.0,INDEX,INDEX,NIFTY 18000 CE 24 DEC 29,18000.0,1.0,,,NSE_INDEX|Nifty 50,NSE_INDEX|Nifty 50,,,,,,,,,,
0.0,NSE_FO,NIFTY,NSE,1892831399000.0,PE,NIFTY,NIFTY,NSE_FO|61375,65.0,1755.0,61375,65.0,5.0,INDEX,INDEX,NIFTY 15000 PE 24 DEC 29,15000.0,1.0,,,NSE_INDEX|Nifty 50,NSE_INDEX|Nifty 50,,,,,,,,,,
0.0,NSE_FO,NIFTY,NSE,1892831399000.0,CE,NIFTY,NIFTY,NSE_FO|61374,65.0,1755.0,61374,65.0,5.0,INDEX,INDEX,NIFTY 15000 CE 24 DEC 29,15000.0,1.0,,,NSE_INDEX|Nifty 50,NSE_INDEX|Nifty 50,,,,,,,,,,
0.0,NSE_FO,NIFTY,NSE,1892831399000.0,PE,NIFTY,NIFTY,NSE_FO|61933,65.0,1755.0,61933,65.0,5.0,INDEX,INDEX,NIFTY 30000 PE 24 DEC 29,30000.0,1.0,,,NSE_INDEX|Nifty 50,NSE_INDEX|Nifty 50,,,,,,,,,,
0.0,NSE_FO,NIFTY,NSE,1892831399000.0,CE,NIFTY,NIFTY,NSE_FO|61932,65.0,1755.0,61932,65.0,5.0,INDEX,INDEX,NIFTY 30000 CE 24 DEC 29,30000.0,1.0,,,NSE_INDEX|Nifty 50,NSE_INDEX|Nifty 50,,,,,,,,,,
0.0,NSE_FO,NIFTY,NSE,1892831399000.0,CE,NIFTY,NIFTY,NSE_FO|61748,65.0,1755.0,61748,65.0,5.0,INDEX,INDEX,NIFTY 24000 CE 24 DEC 29,24000.0,1.0,,,NSE_INDEX|Nifty 50,NSE_INDEX|Nifty 50,,,,,,,,,,
0.0,NSE_FO,NIFTY,NSE,1892831399000.0,PE,NIFTY,NIFTY,NSE_FO|61749,65.0,1755.0,61749,65.0,5.0,INDEX,INDEX,NIFTY 24000 PE 24 DEC 29,24000.0,1.0,,,NSE_INDEX|Nifty 50,NSE_INDEX|Nifty 50,,,,,,,,,,
0.0,NSE_FO,NIFTY,NSE,1892831399000.0,PE,NIFTY,NIFTY,NSE_FO|61747,65.0,1755.0,61747,65.0,5.0,INDEX,INDEX,NIFTY 23000 PE 24 DEC 29,23000.0,1.0,,,NSE_INDEX|Nifty 50,NSE_INDEX|Nifty 50,,,,,,,,,,
0.0,NSE_FO,NIFTY,NSE,1892831399000.0,PE,NIFTY,NIFTY,NSE_FO|61779,65.0,1755.0,61779,65.0,5.0,INDEX,INDEX,NIFTY 26000 PE 24 DEC 29,26000.0,1.0,,,NSE_INDEX|Nifty 50,NSE_INDEX|Nifty 50,,,,,,,,,,
0.0,NSE_FO,NIFTY,NSE,1892831399000.0,PE,NIFTY,NIFTY,NSE_FO|61773,65.0,1755.0,61773,65.0,5.0,INDEX,INDEX,NIFTY 25000 PE 24 DEC 29,25000.0,1.0,,,NSE_INDEX|Nifty 50,NSE_INDEX|Nifty 50,,,,,,,,,,
0.0,NSE_FO,NIFTY,NSE,1892831399000.0,PE,NIFTY,NIFTY,NSE_FO|61795,65.0,1755.0,61795,65.0,5.0,INDEX,INDEX,NIFTY 27000 PE 24 DEC 29,27000.0,1.0,,,NSE_INDEX|Nifty 50,NSE_INDEX|Nifty 50,,,,,,,,,,
0.0,NSE_FO,NIFTY,NSE,1892831399000.0,CE,NIFTY,NIFTY,NSE_FO|61794,65.0,1755.0,61794,65.0,5.0,INDEX,INDEX,NIFTY 27000 CE 24 DEC 29,27000.0,1.0,,,NSE_INDEX|Nifty 50,NSE_INDEX|Nifty 50,,,,,,,,,,
1.0,NSE_FO,NIFTY,NSE,1782239399000.0,PE,NIFTY,NIFTY,NSE_FO|56223,65.0,1755.0,56223,65.0,5.0,INDEX,INDEX,NIFTY 22100 PE 23 JUN 26,22100.0,1.0,,,NSE_INDEX|Nifty 50,NSE_INDEX|Nifty 50,,,,,,,,,,
1.0,NSE_FO,NIFTY,NSE,1782239399000.0,CE,NIFTY,NIFTY,NSE_FO|56222,65.0,1755.0,56222,65.0,5.0,INDEX,INDEX,NIFTY 22100 CE 23 JUN 26,22100.0,1.0,,,NSE_INDEX|Nifty 50,NSE_INDEX|Nifty 50,,,,,,,,,,
1.0,NSE_FO,NIFTY,NSE,1782239399000.0,CE,NIFTY,NIFTY,NSE_FO|56216,65.0,1755.0,56216,65.0,5.0,INDEX,INDEX,NIFTY 22000 CE 23 JUN 26,22000.0,1.0,,,NSE_INDEX|Nifty 50,NSE_INDEX|Nifty 50,,,,,,,,,,
1.0,NSE_FO,NIFTY,NSE,1782239399000.0,PE,NIFTY,NIFTY,NSE_FO|56217,65.0,1755.0,56217,65.0,5.0,INDEX,INDEX,NIFTY 22000 PE 23 JUN 26,22000.0,1.0,,,NSE_INDEX|Nifty 50,NSE_INDEX|Nifty 50,,,,,,,,,,
1.0,NSE_FO,NIFTY,NSE,1782239399000.0,CE,NIFTY,NIFTY,NSE_FO|56214,65.0,1755.0,56214,65.0,5.0,INDEX,INDEX,NIFTY 21950 CE 23 JUN 26,21950.0,1.0,,,NSE_INDEX|Nifty 50,NSE_INDEX|Nifty 50,,,,,,,,,,
1.0,NSE_FO,NIFTY,NSE,1782239399000.0,PE,NIFTY,NIFTY,NSE_FO|56215,65.0,1755.0,56215,65.0,5.0,INDEX,INDEX,NIFTY 21950 PE 23 JUN 26,21950.0,1.0,,,NSE_INDEX|Nifty 50,NSE_INDEX|Nifty 50,,,,,,,,,,
1.0,NSE_FO,NIFTY,NSE,1782239399000.0,CE,NIFTY,NIFTY,NSE_FO|56218,65.0,1755.0,56218,65.0,5.0,INDEX,INDEX,NIFTY 22050 CE 23 JUN 26,22050.0,1.0,,,NSE_INDEX|Nifty 50,NSE_INDEX|Nifty 50,,,,,,,,,,
1.0,NSE_FO,NIFTY,NSE,1782239399000.0,PE,NIFTY,NIFTY,NSE_FO|56219,65.0,1755.0,56219,65.0,5.0,INDEX,INDEX,NIFTY 22050 PE 23 JUN 26,22050.0,1.0,,,NSE_INDEX|Nifty 50,NSE_INDEX|Nifty 50,,,,,,,,,,
1.0,NSE_FO,NIFTY,NSE,1782239399000.0,CE,NIFTY,NIFTY,NSE_FO|56212,65.0,1755.0,56212,65.0,5.0,INDEX,INDEX,NIFTY 21900 CE 23 JUN 26,21900.0,1.0,,,NSE_INDEX|Nifty 50,NSE_INDEX|Nifty 50,,,,,,,,,,
1.0,NSE_FO,NIFTY,NSE,1782239399000.0,PE,NIFTY,NIFTY,NSE_FO|56213,65.0,1755.0,56213,65.0,5.0,INDEX,INDEX,NIFTY 21900 PE 23 JUN 26,21900.0,1.0,,,NSE_INDEX|Nifty 50,NSE_INDEX|Nifty 50,,,,,,,,,,
1.0,NSE_FO,NIFTY,NSE,1782239399000.0,CE,NIFTY,NIFTY,NSE_FO|56210,65.0,1755.0,56210,65.0,5.0,INDEX,INDEX,NIFTY 21850 CE 23 JUN 26,21850.0,1.0,,,NSE_INDEX|Nifty 50,NSE_INDEX|Nifty 50,,,,,,,,,,
1.0,NSE_FO,NIFTY,NSE,1782239399000.0,PE,NIFTY,NIFTY,NSE_FO|56211,65.0,1755.0,56211,65.0,5.0,INDEX,INDEX,NIFTY 21850 PE 23 JUN 26,21850.0,1.0,,,NSE_INDEX|Nifty 50,NSE_INDEX|Nifty 50,,,,,,,,,,
1.0,NSE_FO,NIFTY,NSE,1782239399000.0,PE,NIFTY,NIFTY,NSE_FO|56281,65.0,1755.0,56281,65.0,5.0,INDEX,INDEX,NIFTY 23100 PE 23 JUN 26,23100.0,1.0,,,NSE_INDEX|Nifty 50,NSE_INDEX|Nifty 50,,,,,,,,,,
1.0,NSE_FO,NIFTY,NSE,1782239399000.0,CE,NIFTY,NIFTY,NSE_FO|56280,65.0,1755.0,56280,65.0,5.0,INDEX,INDEX,NIFTY 23100 CE 23 JUN 26,23100.0,1.0,,,NSE_INDEX|Nifty 50,NSE_INDEX|Nifty 50,,,,,,,,,,
1.0,NSE_FO,NIFTY,NSE,1782239399000.0,CE,NIFTY,NIFTY,NSE_FO|56283,65.0,1755.0,56283,65.0,5.0,INDEX,INDEX,NIFTY 23150 CE 23 JUN 26,23150.0,1.0,,,NSE_INDEX|Nifty 50,NSE_INDEX|Nifty 50,,,,,,,,,,
1.0,NSE_FO,NIFTY,NSE,1782239399000.0,CE,NIFTY,NIFTY,NSE_FO|56270,65.0,1755.0,56270,65.0,5.0,INDEX,INDEX,NIFTY 22850 CE 23 JUN 26,22850.0,1.0,,,NSE_INDEX|Nifty 50,NSE_INDEX|Nifty 50,,,,,,,,,,
1.0,NSE_FO,NIFTY,NSE,1782239399000.0,PE,NIFTY,NIFTY,NSE_FO|56271,65.0,1755.0,56271,65.0,5.0,INDEX,INDEX,NIFTY 22850 PE 23 JUN 26,22850.0,1.0,,,NSE_INDEX|Nifty 50,NSE_INDEX|Nifty 50,,,,,,,,,,
1.0,NSE_FO,NIFTY,NSE,1782239399000.0,CE,NIFTY,NIFTY,NSE_FO|56274,65.0,1755.0,56274,65.0,5.0,INDEX,INDEX,NIFTY 22950 CE 23 JUN 26,22950.0,1.0,,,NSE_INDEX|Nifty 50,NSE_INDEX|Nifty 50,,,,,,,,,,
1.0,NSE_FO,NIFTY,NSE,1782239399000.0,PE,NIFTY,NIFTY,NSE_FO|56275,65.0,1755.0,56275,65.0,5.0,INDEX,INDEX,NIFTY 22950 PE 23 JUN 26,22950.0,1.0,,,NSE_INDEX|Nifty 50,NSE_INDEX|Nifty 50,,,,,,,,,,
1.0,NSE_FO,NIFTY,NSE,1782239399000.0,CE,NIFTY,NIFTY,NSE_FO|56272,65.0,1755.0,56272,65.0,5.0,INDEX,INDEX,NIFTY 22900 CE 23 JUN 26,22900.0,1.0,,,NSE_INDEX|Nifty 50,NSE_INDEX|Nifty 50,,,,,,,,,,
1.0,NSE_FO,NIFTY,NSE,1782239399000.0,PE,NIFTY,NIFTY,NSE_FO|56273,65.0,1755.0,56273,65.0,5.0,INDEX,INDEX,NIFTY 22900 PE 23 JUN 26,22900.0,1.0,,,NSE_INDEX|Nifty 50,NSE_INDEX|Nifty 50,,,,,,,,,,
1.0,NSE_FO,NIFTY,NSE,1782239399000.0,CE,NIFTY,NIFTY,NSE_FO|56278,65.0,1755.0,56278,65.0,5.0,INDEX,INDEX,NIFTY 23050 CE 23 JUN 26,23050.0,1.0,,,NSE_INDEX|Nifty 50,NSE_INDEX|Nifty 50,,,,,,,,,,
1.0,NSE_FO,NIFTY,NSE,1782239399000.0,PE,NIFTY,NIFTY,NSE_FO|56279,65.0,1755.0,56279,65.0,5.0,INDEX,INDEX,NIFTY 23050 PE 23 JUN 26,23050.0,1.0,,,NSE_INDEX|Nifty 50,NSE_INDEX|Nifty 50,,,,,,,,,,
1.0,NSE_FO,NIFTY,NSE,1782239399000.0,CE,NIFTY,NIFTY,NSE_FO|56276,65.0,1755.0,56276,65.0,5.0,INDEX,INDEX,NIFTY 23000 CE 23 JUN 26,23000.0,1.0,,,NSE_INDEX|Nifty 50,NSE_INDEX|Nifty 50,,,,,,,,,,
1.0,NSE_FO,NIFTY,NSE,1782239399000.0,PE,NIFTY,NIFTY,NSE_FO|56277,65.0,1755.0,56277,65.0,5.0,INDEX,INDEX,NIFTY 23000 PE 23 JUN 26,23000.0,1.0,,,NSE_INDEX|Nifty 50,NSE_INDEX|Nifty 50,,,,,,,,,,
1.0,NSE_FO,NIFTY,NSE,1782239399000.0,PE,NIFTY,NIFTY,NSE_FO|56269,65.0,1755.0,56269,65.0,5.0,INDEX,INDEX,NIFTY 22800 PE 23 JUN 26,22800.0,1.0,,,NSE_INDEX|Nifty 50,NSE_INDEX|Nifty 50,,,,,,,,,,
1.0,NSE_FO,NIFTY,NSE,1782239399000.0,PE,NIFTY,NIFTY,NSE_FO|56293,65.0,1755.0,56293,65.0,5.0,INDEX,INDEX,NIFTY 23150 PE 23 JUN 26,23150.0,1.0,,,NSE_INDEX|Nifty 50,NSE_INDEX|Nifty 50,,,,,,,,,,
1.0,NSE_FO,NIFTY,NSE,1782239399000.0,CE,NIFTY,NIFTY,NSE_FO|56296,65.0,1755.0,56296,65.0,5.0,INDEX,INDEX,NIFTY 23250 CE 23 JUN 26,23250.0,1.0,,,NSE_INDEX|Nifty 50,NSE_INDEX|Nifty 50,,,,,,,,,,
1.0,NSE_FO,NIFTY,NSE,1782239399000.0,PE,NIFTY,NIFTY,NSE_FO|56297,65.0,1755.0,56297,65.0,5.0,INDEX,INDEX,NIFTY 23250 PE 23 JUN 26,23250.0,1.0,,,NSE_INDEX|Nifty 50,NSE_INDEX|Nifty 50,,,,,,,,,,
1.0,NSE_FO,NIFTY,NSE,1782239399000.0,CE,NIFTY,NIFTY,NSE_FO|56294,65.0,1755.0,56294,65.0,5.0,INDEX,INDEX,NIFTY 23200 CE 23 JUN 26,23200.0,1.0,,,NSE_INDEX|Nifty 50,NSE_INDEX|Nifty 50,,,,,,,,,,
1.0,NSE_FO,NIFTY,NSE,1782239399000.0,PE,NIFTY,NIFTY,NSE_FO|56295,65.0,1755.0,56295,65.0,5.0,INDEX,INDEX,NIFTY 23200 PE 23 JUN 26,23200.0,1.0,,,NSE_INDEX|Nifty 50,NSE_INDEX|Nifty 50,,,,,,,,,,
1.0,NSE_FO,NIFTY,NSE,1782239399000.0,CE,NIFTY,NIFTY,NSE_FO|56298,65.0,1755.0,56298,65.0,5.0,INDEX,INDEX,NIFTY 23300 CE 23 JUN 26,23300.0,1.0,,,NSE_INDEX|Nifty 50,NSE_INDEX|Nifty 50,,,,,,,,,,
1.0,NSE_FO,NIFTY,NSE,1782239399000.0,PE,NIFTY,NIFTY,NSE_FO|56241,65.0,1755.0,56241,65.0,5.0,INDEX,INDEX,NIFTY 22300 PE 23 JUN 26,22300.0,1.0,,,NSE_INDEX|Nifty 50,NSE_INDEX|Nifty 50,,,,,,,,,,
1.0,NSE_FO,NIFTY,NSE,1782239399000.0,CE,NIFTY,NIFTY,NSE_FO|56242,65.0,1755.0,56242,65.0,5.0,INDEX,INDEX,NIFTY 22350 CE 23 JUN 26,22350.0,1.0,,,NSE_INDEX|Nifty 50,NSE_INDEX|Nifty 50,,,,,,,,,,
1.0,NSE_FO,NIFTY,NSE,1782239399000.0,CE,NIFTY,NIFTY,NSE_FO|56240,65.0,1755.0,56240,65.0,5.0,INDEX,INDEX,NIFTY 22300 CE 23 JUN 26,22300.0,1.0,,,NSE_INDEX|Nifty 50,NSE_INDEX|Nifty 50,,,,,,,,,,
1.0,NSE_FO,NIFTY,NSE,1782239399000.0,PE,NIFTY,NIFTY,NSE_FO|56245,65.0,1755.0,56245,65.0,5.0,INDEX,INDEX,NIFTY 22400 PE 23 JUN 26,22400.0,1.0,,,NSE_INDEX|Nifty 50,NSE_INDEX|Nifty 50,,,,,,,,,,
1.0,NSE_FO,NIFTY,NSE,1782239399000.0,CE,NIFTY,NIFTY,NSE_FO|56246,65.0,1755.0,56246,65.0,5.0,INDEX,INDEX,NIFTY 22450 CE 23 JUN 26,22450.0,1.0,,,NSE_INDEX|Nifty 50,NSE_INDEX|Nifty 50,,,,,,,,,,
1.0,NSE_FO,NIFTY,NSE,1782239399000.0,PE,NIFTY,NIFTY,NSE_FO|56243,65.0,1755.0,56243,65.0,5.0,INDEX,INDEX,NIFTY 22350 PE 23 JUN 26,22350.0,1.0,,,NSE_INDEX|Nifty 50,NSE_INDEX|Nifty 50,,,,,,,,,,
1.0,NSE_FO,NIFTY,NSE,1782239399000.0,CE,NIFTY,NIFTY,NSE_FO|56244,65.0,1755.0,56244,65.0,5.0,INDEX,INDEX,NIFTY 22400 CE 23 JUN 26,22400.0,1.0,,,NSE_INDEX|Nifty 50,NSE_INDEX|Nifty 50,,,,,,,,,,
1.0,NSE_FO,NIFTY,NSE,1782239399000.0,CE,NIFTY,NIFTY,NSE_FO|56238,65.0,1755.0,56238,65.0,5.0,INDEX,INDEX,NIFTY 22250 CE 23 JUN 26,22250.0,1.0,,,NSE_INDEX|Nifty 50,NSE_INDEX|Nifty 50,,,,,,,,,,
1.0,NSE_FO,NIFTY,NSE,1782239399000.0,PE,NIFTY,NIFTY,NSE_FO|56239,65.0,1755.0,56239,65.0,5.0,INDEX,INDEX,NIFTY 22250 PE 23 JUN 26,22250.0,1.0,,,NSE_INDEX|Nifty 50,NSE_INDEX|Nifty 50,,,,,,,,,,
1.0,NSE_FO,NIFTY,NSE,1782239399000.0,CE,NIFTY,NIFTY,NSE_FO|56230,65.0,1755.0,56230,65.0,5.0,INDEX,INDEX,NIFTY 22150 CE 23 JUN 26,22150.0,1.0,,,NSE_INDEX|Nifty 50,NSE_INDEX|Nifty 50,,,,,,,,,,
1.0,NSE_FO,NIFTY,NSE,1782239399000.0,PE,NIFTY,NIFTY,NSE_FO|56231,65.0,1755.0,56231,65.0,5.0,INDEX,INDEX,NIFTY 22150 PE 23 JUN 26,22150.0,1.0,,,NSE_INDEX|Nifty 50,NSE_INDEX|Nifty 50,,,,,,,,,,
1.0,NSE_FO,NIFTY,NSE,1782239399000.0,CE,NIFTY,NIFTY,NSE_FO|56232,65.0,1755.0,56232,65.0,5.0,INDEX,INDEX,NIFTY 22200 CE 23 JUN 26,22200.0,1.0,,,NSE_INDEX|Nifty 50,NSE_INDEX|Nifty 50,,,,,,,,,,
1.0,NSE_FO,NIFTY,NSE,1782239399000.0,PE,NIFTY,NIFTY,NSE_FO|56233,65.0,1755.0,56233,65.0,5.0,INDEX,INDEX,NIFTY 22200 PE 23 JUN 26,22200.0,1.0,,,NSE_INDEX|Nifty 50,NSE_INDEX|Nifty 50,,,,,,,,,,
1.0,NSE_FO,NIFTY,NSE,1782239399000.0,PE,NIFTY,NIFTY,NSE_FO|56263,65.0,1755.0,56263,65.0,5.0,INDEX,INDEX,NIFTY 22650 PE 23 JUN 26,22650.0,1.0,,,NSE_INDEX|Nifty 50,NSE_INDEX|Nifty 50,,,,,,,,,,
1.0,NSE_FO,NIFTY,NSE,1782239399000.0,CE,NIFTY,NIFTY,NSE_FO|56264,65.0,1755.0,56264,65.0,5.0,INDEX,INDEX,NIFTY 22700 CE 23 JUN 26,22700.0,1.0,,,NSE_INDEX|Nifty 50,NSE_INDEX|Nifty 50,,,,,,,,,,
1.0,NSE_FO,NIFTY,NSE,1782239399000.0,PE,NIFTY,NIFTY,NSE_FO|56261,65.0,1755.0,56261,65.0,5.0,INDEX,INDEX,NIFTY 22600 PE 23 JUN 26,22600.0,1.0,,,NSE_INDEX|Nifty 50,NSE_INDEX|Nifty 50,,,,,,,,,,
1.0,NSE_FO,NIFTY,NSE,1782239399000.0,CE,NIFTY,NIFTY,NSE_FO|56262,65.0,1755.0,56262,65.0,5.0,INDEX,INDEX,NIFTY 22650 CE 23 JUN 26,22650.0,1.0,,,NSE_INDEX|Nifty 50,NSE_INDEX|Nifty 50,,,,,,,,,,
1.0,NSE_FO,NIFTY,NSE,1782239399000.0,PE,NIFTY,NIFTY,NSE_FO|56267,65.0,1755.0,56267,65.0,5.0,INDEX,INDEX,NIFTY 22750 PE 23 JUN 26,22750.0,1.0,,,NSE_INDEX|Nifty 50,NSE_INDEX|Nifty 50,,,,,,,,,,
1.0,NSE_FO,NIFTY,NSE,1782239399000.0,CE,NIFTY,NIFTY,NSE_FO|56268,65.0,1755.0,56268,65.0,5.0,INDEX,INDEX,NIFTY 22800 CE 23 JUN 26,22800.0,1.0,,,NSE_INDEX|Nifty 50,NSE_INDEX|Nifty 50,,,,,,,,,,
1.0,NSE_FO,NIFTY,NSE,1782239399000.0,PE,NIFTY,NIFTY,NSE_FO|56265,65.0,1755.0,56265,65.0,5.0,INDEX,INDEX,NIFTY 22700 PE 23 JUN 26,22700.0,1.0,,,NSE_INDEX|Nifty 50,NSE_INDEX|Nifty 50,,,,,,,,,,
1.0,NSE_FO,NIFTY,NSE,1782239399000.0,CE,NIFTY,NIFTY,NSE_FO|56266,65.0,1755.0,56266,65.0,5.0,INDEX,INDEX,NIFTY 22750 CE 23 JUN 26,22750.0,1.0,,,NSE_INDEX|Nifty 50,NSE_INDEX|Nifty 50,,,,,,,,,,
1.0,NSE_FO,NIFTY,NSE,1782239399000.0,CE,NIFTY,NIFTY,NSE_FO|56252,65.0,1755.0,56252,65.0,5.0,INDEX,INDEX,NIFTY 22550 CE 23 JUN 26,22550.0,1.0,,,NSE_INDEX|Nifty 50,NSE_INDEX|Nifty 50,,,,,,,,,,
1.0,NSE_FO,NIFTY,NSE,1782239399000.0,PE,NIFTY,NIFTY,NSE_FO|56253,65.0,1755.0,56253,65.0,5.0,INDEX,INDEX,NIFTY 22550 PE 23 JUN 26,22550.0,1.0,,,NSE_INDEX|Nifty 50,NSE_INDEX|Nifty 50,,,,,,,,,,
1.0,NSE_FO,NIFTY,NSE,1782239399000.0,PE,NIFTY,NIFTY,NSE_FO|56251,65.0,1755.0,56251,65.0,5.0,INDEX,INDEX,NIFTY 22500 PE 23 JUN 26,22500.0,1.0,,,NSE_INDEX|Nifty 50,NSE_INDEX|Nifty 50,,,,,,,,,,
1.0,NSE_FO,NIFTY,NSE,1782239399000.0,CE,NIFTY,NIFTY,NSE_FO|56254,65.0,1755.0,56254,65.0,5.0,INDEX,INDEX,NIFTY 22600 CE 23 JUN 26,22600.0,1.0,,,NSE_INDEX|Nifty 50,NSE_INDEX|Nifty 50,,,,,,,,,,
1.0,NSE_FO,NIFTY,NSE,1782239399000.0,PE,NIFTY,NIFTY,NSE_FO|56247,65.0,1755.0,56247,65.0,5.0,INDEX,INDEX,NIFTY 22450 PE 23 JUN 26,22450.0,1.0,,,NSE_INDEX|Nifty 50,NSE_INDEX|Nifty 50,,,,,,,,,,
1.0,NSE_FO,NIFTY,NSE,1782239399000.0,CE,NIFTY,NIFTY,NSE_FO|56248,65.0,1755.0,56248,65.0,5.0,INDEX,INDEX,NIFTY 22500 CE 23 JUN 26,22500.0,1.0,,,NSE_INDEX|Nifty 50,NSE_INDEX|Nifty 50,,,,,,,,,,
1.0,NSE_FO,NIFTY,NSE,1782239399000.0,PE,NIFTY,NIFTY,NSE_FO|56443,65.0,1755.0,56443,65.0,5.0,INDEX,INDEX,NIFTY 25200 PE 23 JUN 26,25200.0,1.0,,,NSE_INDEX|Nifty 50,NSE_INDEX|Nifty 50,,,,,,,,,,
1.0,NSE_FO,NIFTY,NSE,1782239399000.0,CE,NIFTY,NIFTY,NSE_FO|56444,65.0,1755.0,56444,65.0,5.0,INDEX,INDEX,NIFTY 25250 CE 23 JUN 26,25250.0,1.0,,,NSE_INDEX|Nifty 50,NSE_INDEX|Nifty 50,,,,,,,,,,
1.0,NSE_FO,NIFTY,NSE,1782239399000.0,CE,NIFTY,NIFTY,NSE_FO|56442,65.0,1755.0,56442,65.0,5.0,INDEX,INDEX,NIFTY 25200 CE 23 JUN 26,25200.0,1.0,,,NSE_INDEX|Nifty 50,NSE_INDEX|Nifty 50,,,,,,,,,,
1.0,NSE_FO,NIFTY,NSE,1782239399000.0,CE,NIFTY,NIFTY,NSE_FO|56436,65.0,1755.0,56436,65.0,5.0,INDEX,INDEX,NIFTY 25100 CE 23 JUN 26,25100.0,1.0,,,NSE_INDEX|Nifty 50,NSE_INDEX|Nifty 50,,,,,,,,,,
1.0,NSE_FO,NIFTY,NSE,1782239399000.0,PE,NIFTY,NIFTY,NSE_FO|56437,65.0,1755.0,56437,65.0,5.0,INDEX,INDEX,NIFTY 25100 PE 23 JUN 26,25100.0,1.0,,,NSE_INDEX|Nifty 50,NSE_INDEX|Nifty 50,,,,,,,,,,
1.0,NSE_FO,NIFTY,NSE,1782239399000.0,CE,NIFTY,NIFTY,NSE_FO|56434,65.0,1755.0,56434,65.0,5.0,INDEX,INDEX,NIFTY 25050 CE 23 JUN 26,25050.0,1.0,,,NSE_INDEX|Nifty 50,NSE_INDEX|Nifty 50,,,,,,,,,,
1.0,NSE_FO,NIFTY,NSE,1782239399000.0,PE,NIFTY,NIFTY,NSE_FO|56435,65.0,1755.0,56435,65.0,5.0,INDEX,INDEX,NIFTY 25050 PE 23 JUN 26,25050.0,1.0,,,NSE_INDEX|Nifty 50,NSE_INDEX|Nifty 50,,,,,,,,,,
1.0,NSE_FO,NIFTY,NSE,1782239399000.0,CE,NIFTY,NIFTY,NSE_FO|56438,65.0,1755.0,56438,65.0,5.0,INDEX,INDEX,NIFTY 25150 CE 23 JUN 26,25150.0,1.0,,,NSE_INDEX|Nifty 50,NSE_INDEX|Nifty 50,,,,,,,,,,
1.0,NSE_FO,NIFTY,NSE,1782239399000.0,PE,NIFTY,NIFTY,NSE_FO|56439,65.0,1755.0,56439,65.0,5.0,INDEX,INDEX,NIFTY 25150 PE 23 JUN 26,25150.0,1.0,,,NSE_INDEX|Nifty 50,NSE_INDEX|Nifty 50,,,,,,,,,,
1.0,NSE_FO,NIFTY,NSE,1782239399000.0,CE,NIFTY,NIFTY,NSE_FO|56432,65.0,1755.0,56432,65.0,5.0,INDEX,INDEX,NIFTY 25000 CE 23 JUN 26,25000.0,1.0,,,NSE_INDEX|Nifty 50,NSE_INDEX|Nifty 50,,,,,,,,,,
1.0,NSE_FO,NIFTY,NSE,1782239399000.0,PE,NIFTY,NIFTY,NSE_FO|56433,65.0,1755.0,56433,65.0,5.0,INDEX,INDEX,NIFTY 25000 PE 23 JUN 26,25000.0,1.0,,,NSE_INDEX|Nifty 50,NSE_INDEX|Nifty 50,,,,,,,,,,
1.0,NSE_FO,NIFTY,NSE,1782239399000.0,CE,NIFTY,NIFTY,NSE_FO|56430,65.0,1755.0,56430,65.0,5.0,INDEX,INDEX,NIFTY 24950 CE 23 JUN 26,24950.0,1.0,,,NSE_INDEX|Nifty 50,NSE_INDEX|Nifty 50,,,,,,,,,,
1.0,NSE_FO,NIFTY,NSE,1782239399000.0,PE,NIFTY,NIFTY,NSE_FO|56431,65.0,1755.0,56431,65.0,5.0,INDEX,INDEX,NIFTY 24950 PE 23 JUN 26,24950.0,1.0,,,NSE_INDEX|Nifty 50,NSE_INDEX|Nifty 50,,,,,,,,,,
1.0,NSE_FO,NIFTY,NSE,1782239399000.0,PE,NIFTY,NIFTY,NSE_FO|56425,65.0,1755.0,56425,65.0,5.0,INDEX,INDEX,NIFTY 24800 PE 23 JUN 26,24800.0,1.0,,,NSE_INDEX|Nifty 50,NSE_INDEX|Nifty 50,,,,,,,,,,
1.0,NSE_FO,NIFTY,NSE,1782239399000.0,CE,NIFTY,NIFTY,NSE_FO|56426,65.0,1755.0,56426,65.0,5.0,INDEX,INDEX,NIFTY 24850 CE 23 JUN 26,24850.0,1.0,,,NSE_INDEX|Nifty 50,NSE_INDEX|Nifty 50,,,,,,,,,,
1.0,NSE_FO,NIFTY,NSE,1782239399000.0,CE,NIFTY,NIFTY,NSE_FO|56424,65.0,1755.0,56424,65.0,5.0,INDEX,INDEX,NIFTY 24800 CE 23 JUN 26,24800.0,1.0,,,NSE_INDEX|Nifty 50,NSE_INDEX|Nifty 50,,,,,,,,,,
1.0,NSE_FO,NIFTY,NSE,1782239399000.0,PE,NIFTY,NIFTY,NSE_FO|56429,65.0,1755.0,56429,65.0,5.0,INDEX,INDEX,NIFTY 24900 PE 23 JUN 26,24900.0,1.0,,,NSE_INDEX|Nifty 50,NSE_INDEX|Nifty 50,,,,,,,,,,
1.0,NSE_FO,NIFTY,NSE,1782239399000.0,PE,NIFTY,NIFTY,NSE_FO|56427,65.0,1755.0,56427,65.0,5.0,INDEX,INDEX,NIFTY 24850 PE 23 JUN 26,24850.0,1.0,,,NSE_INDEX|Nifty 50,NSE_INDEX|Nifty 50,,,,,,,,,,
1.0,NSE_FO,NIFTY,NSE,1782239399000.0,CE,NIFTY,NIFTY,NSE_FO|56428,65.0,1755.0,56428,65.0,5.0,INDEX,INDEX,NIFTY 24900 CE 23 JUN 26,24900.0,1.0,,,NSE_INDEX|Nifty 50,NSE_INDEX|Nifty 50,,,,,,,,,,
1.0,NSE_FO,NIFTY,NSE,1782239399000.0,CE,NIFTY,NIFTY,NSE_FO|56458,65.0,1755.0,56458,65.0,5.0,INDEX,INDEX,NIFTY 25450 CE 23 JUN 26,25450.0,1.0,,,NSE_INDEX|Nifty 50,NSE_INDEX|Nifty 50,,,,,,,,,,
1.0,NSE_FO,NIFTY,NSE,1782239399000.0,PE,NIFTY,NIFTY,NSE_FO|56459,65.0,1755.0,56459,65.0,5.0,INDEX,INDEX,NIFTY 25450 PE 23 JUN 26,25450.0,1.0,,,NSE_INDEX|Nifty 50,NSE_INDEX|Nifty 50,,,,,,,,,,
1.0,NSE_FO,NIFTY,NSE,1782239399000.0,CE,NIFTY,NIFTY,NSE_FO|56450,65.0,1755.0,56450,65.0,5.0,INDEX,INDEX,NIFTY 25400 CE 23 JUN 26,25400.0,1.0,,,NSE_INDEX|Nifty 50,NSE_INDEX|Nifty 50,,,,,,,,,,
1.0,NSE_FO,NIFTY,NSE,1782239399000.0,PE,NIFTY,NIFTY,NSE_FO|56451,65.0,1755.0,56451,65.0,5.0,INDEX,INDEX,NIFTY 25400 PE 23 JUN 26,25400.0,1.0,,,NSE_INDEX|Nifty 50,NSE_INDEX|Nifty 50,,,,,,,,,,
1.0,NSE_FO,NIFTY,NSE,1782239399000.0,PE,NIFTY,NIFTY,NSE_FO|56447,65.0,1755.0,56447,65.0,5.0,INDEX,INDEX,NIFTY 25300 PE 23 JUN 26,25300.0,1.0,,,NSE_INDEX|Nifty 50,NSE_INDEX|Nifty 50,,,,,,,,,,
1.0,NSE_FO,NIFTY,NSE,1782239399000.0,CE,NIFTY,NIFTY,NSE_FO|56448,65.0,1755.0,56448,65.0,5.0,INDEX,INDEX,NIFTY 25350 CE 23 JUN 26,25350.0,1.0,,,NSE_INDEX|Nifty 50,NSE_INDEX|Nifty 50,,,,,,,,,,
1.0,NSE_FO,NIFTY,NSE,1782239399000.0,PE,NIFTY,NIFTY,NSE_FO|56445,65.0,1755.0,56445,65.0,5.0,INDEX,INDEX,NIFTY 25250 PE 23 JUN 26,25250.0,1.0,,,NSE_INDEX|Nifty 50,NSE_INDEX|Nifty 50,,,,,,,,,,
1.0,NSE_FO,NIFTY,NSE,1782239399000.0,CE,NIFTY,NIFTY,NSE_FO|56446,65.0,1755.0,56446,65.0,5.0,INDEX,INDEX,NIFTY 25300 CE 23 JUN 26,25300.0,1.0,,,NSE_INDEX|Nifty 50,NSE_INDEX|Nifty 50,,,,,,,,,,
1.0,NSE_FO,NIFTY,NSE,1782239399000.0,PE,NIFTY,NIFTY,NSE_FO|56449,65.0,1755.0,56449,65.0,5.0,INDEX,INDEX,NIFTY 25350 PE 23 JUN 26,25350.0,1.0,,,NSE_INDEX|Nifty 50,NSE_INDEX|Nifty 50,,,,,,,,,,
1.0,NSE_FO,NIFTY,NSE,1782239399000.0,PE,NIFTY,NIFTY,NSE_FO|56421,65.0,1755.0,56421,65.0,5.0,INDEX,INDEX,NIFTY 24750 PE 23 JUN 26,24750.0,1.0,,,NSE_INDEX|Nifty 50,NSE_INDEX|Nifty 50,,,,,,,,,,
1.0,NSE_FO,NIFTY,NSE,1782239399000.0,CE,NIFTY,NIFTY,NSE_FO|56420,65.0,1755.0,56420,65.0,5.0,INDEX,INDEX,NIFTY 24750 CE 23 JUN 26,24750.0,1.0,,,NSE_INDEX|Nifty 50,NSE_INDEX|Nifty 50,,,,,,,,,,
1.0,NSE_FO,NIFTY,NSE,1782239399000.0,CE,NIFTY,NIFTY,NSE_FO|56418,65.0,1755.0,56418,65.0,5.0,INDEX,INDEX,NIFTY 24700 CE 23 JUN 26,24700.0,1.0,,,NSE_INDEX|Nifty 50,NSE_INDEX|Nifty 50,,,,,,,,,,
1.0,NSE_FO,NIFTY,NSE,1782239399000.0,PE,NIFTY,NIFTY,NSE_FO|56419,65.0,1755.0,56419,65.0,5.0,INDEX,INDEX,NIFTY 24700 PE 23 JUN 26,24700.0,1.0,,,NSE_INDEX|Nifty 50,NSE_INDEX|Nifty 50,,,,,,,,,,
1.0,NSE_FO,NIFTY,NSE,1782239399000.0,PE,NIFTY,NIFTY,NSE_FO|56403,65.0,1755.0,56403,65.0,5.0,INDEX,INDEX,NIFTY 24550 PE 23 JUN 26,24550.0,1.0,,,NSE_INDEX|Nifty 50,NSE_INDEX|Nifty 50,,,,,,,,,,
1.0,NSE_FO,NIFTY,NSE,1782239399000.0,CE,NIFTY,NIFTY,NSE_FO|56404,65.0,1755.0,56404,65.0,5.0,INDEX,INDEX,NIFTY 24600 CE 23 JUN 26,24600.0,1.0,,,NSE_INDEX|Nifty 50,NSE_INDEX|Nifty 50,,,,,,,,,,
1.0,NSE_FO,NIFTY,NSE,1782239399000.0,CE,NIFTY,NIFTY,NSE_FO|56402,65.0,1755.0,56402,65.0,5.0,INDEX,INDEX,NIFTY 24550 CE 23 JUN 26,24550.0,1.0,,,NSE_INDEX|Nifty 50,NSE_INDEX|Nifty 50,,,,,,,,,,
1.0,NSE_FO,NIFTY,NSE,1782239399000.0,PE,NIFTY,NIFTY,NSE_FO|56407,65.0,1755.0,56407,65.0,5.0,INDEX,INDEX,NIFTY 24650 PE 23 JUN 26,24650.0,1.0,,,NSE_INDEX|Nifty 50,NSE_INDEX|Nifty 50,,,,,,,,,,
1.0,NSE_FO,NIFTY,NSE,1782239399000.0,PE,NIFTY,NIFTY,NSE_FO|56405,65.0,1755.0,56405,65.0,5.0,INDEX,INDEX,NIFTY 24600 PE 23 JUN 26,24600.0,1.0,,,NSE_INDEX|Nifty 50,NSE_INDEX|Nifty 50,,,,,,,,,,
1.0,NSE_FO,NIFTY,NSE,1782239399000.0,CE,NIFTY,NIFTY,NSE_FO|56406,65.0,1755.0,56406,65.0,5.0,INDEX,INDEX,NIFTY 24650 CE 23 JUN 26,24650.0,1.0,,,NSE_INDEX|Nifty 50,NSE_INDEX|Nifty 50,,,,,,,,,,
1.0,NSE_FO,NIFTY,NSE,1782239399000.0,CE,NIFTY,NIFTY,NSE_FO|56320,65.0,1755.0,56320,65.0,5.0,INDEX,INDEX,NIFTY 23500 CE 23 JUN 26,23500.0,1.0,,,NSE_INDEX|Nifty 50,NSE_INDEX|Nifty 50,,,,,,,,,,
1.0,NSE_FO,NIFTY,NSE,1782239399000.0,PE,NIFTY,NIFTY,NSE_FO|56321,65.0,1755.0,56321,65.0,5.0,INDEX,INDEX,NIFTY 23500 PE 23 JUN 26,23500.0,1.0,,,NSE_INDEX|Nifty 50,NSE_INDEX|Nifty 50,,,,,,,,,,
1.0,NSE_FO,NIFTY,NSE,1782239399000.0,PE,NIFTY,NIFTY,NSE_FO|56319,65.0,1755.0,56319,65.0,5.0,INDEX,INDEX,NIFTY 23450 PE 23 JUN 26,23450.0,1.0,,,NSE_INDEX|Nifty 50,NSE_INDEX|Nifty 50,,,,,,,,,,
1.0,NSE_FO,NIFTY,NSE,1782239399000.0,CE,NIFTY,NIFTY,NSE_FO|56318,65.0,1755.0,56318,65.0,5.0,INDEX,INDEX,NIFTY 23450 CE 23 JUN 26,23450.0,1.0,,,NSE_INDEX|Nifty 50,NSE_INDEX|Nifty 50,,,,,,,,,,
1.0,NSE_FO,NIFTY,NSE,1782239399000.0,PE,NIFTY,NIFTY,NSE_FO|56304,65.0,1755.0,56304,65.0,5.0,INDEX,INDEX,NIFTY 23400 PE 23 JUN 26,23400.0,1.0,,,NSE_INDEX|Nifty 50,NSE_INDEX|Nifty 50,,,,,,,,,,
1.0,NSE_FO,NIFTY,NSE,1782239399000.0,PE,NIFTY,NIFTY,NSE_FO|56302,65.0,1755.0,56302,65.0,5.0,INDEX,INDEX,NIFTY 23350 PE 23 JUN 26,23350.0,1.0,,,NSE_INDEX|Nifty 50,NSE_INDEX|Nifty 50,,,,,,,,,,
1.0,NSE_FO,NIFTY,NSE,1782239399000.0,CE,NIFTY,NIFTY,NSE_FO|56303,65.0,1755.0,56303,65.0,5.0,INDEX,INDEX,NIFTY 23400 CE 23 JUN 26,23400.0,1.0,,,NSE_INDEX|Nifty 50,NSE_INDEX|Nifty 50,,,,,,,,,,
1.0,NSE_FO,NIFTY,NSE,1782239399000.0,PE,NIFTY,NIFTY,NSE_FO|56337,65.0,1755.0,56337,65.0,5.0,INDEX,INDEX,NIFTY 23700 PE 23 JUN 26,23700.0,1.0,,,NSE_INDEX|Nifty 50,NSE_INDEX|Nifty 50,,,,,,,,,,
1.0,NSE_FO,NIFTY,NSE,1782239399000.0,PE,NIFTY,NIFTY,NSE_FO|56335,65.0,1755.0,56335,65.0,5.0,INDEX,INDEX,NIFTY 23650 PE 23 JUN 26,23650.0,1.0,,,NSE_INDEX|Nifty 50,NSE_INDEX|Nifty 50,,,,,,,,,,
1.0,NSE_FO,NIFTY,NSE,1782239399000.0,CE,NIFTY,NIFTY,NSE_FO|56336,65.0,1755.0,56336,65.0,5.0,INDEX,INDEX,NIFTY 23700 CE 23 JUN 26,23700.0,1.0,,,NSE_INDEX|Nifty 50,NSE_INDEX|Nifty 50,,,,,,,,,,
1.0,NSE_FO,NIFTY,NSE,1782239399000.0,PE,NIFTY,NIFTY,NSE_FO|56333,65.0,1755.0,56333,65.0,5.0,INDEX,INDEX,NIFTY 23600 PE 23 JUN 26,23600.0,1.0,,,NSE_INDEX|Nifty 50,NSE_INDEX|Nifty 50,,,,,,,,,,
1.0,NSE_FO,NIFTY,NSE,1782239399000.0,CE,NIFTY,NIFTY,NSE_FO|56334,65.0,1755.0,56334,65.0,5.0,INDEX,INDEX,NIFTY 23650 CE 23 JUN 26,23650.0,1.0,,,NSE_INDEX|Nifty 50,NSE_INDEX|Nifty 50,,,,,,,,,,
1.0,NSE_FO,NIFTY,NSE,1782239399000.0,CE,NIFTY,NIFTY,NSE_FO|56332,65.0,1755.0,56332,65.0,5.0,INDEX,INDEX,NIFTY 23600 CE 23 JUN 26,23600.0,1.0,,,NSE_INDEX|Nifty 50,NSE_INDEX|Nifty 50,,,,,,,,,,
1.0,NSE_FO,NIFTY,NSE,1782239399000.0,CE,NIFTY,NIFTY,NSE_FO|56326,65.0,1755.0,56326,65.0,5.0,INDEX,INDEX,NIFTY 23550 CE 23 JUN 26,23550.0,1.0,,,NSE_INDEX|Nifty 50,NSE_INDEX|Nifty 50,,,,,,,,,,
1.0,NSE_FO,NIFTY,NSE,1782239399000.0,PE,NIFTY,NIFTY,NSE_FO|56327,65.0,1755.0,56327,65.0,5.0,INDEX,INDEX,NIFTY 23550 PE 23 JUN 26,23550.0,1.0,,,NSE_INDEX|Nifty 50,NSE_INDEX|Nifty 50,,,,,,,,,,
1.0,NSE_FO,NIFTY,NSE,1782239399000.0,PE,NIFTY,NIFTY,NSE_FO|56300,65.0,1755.0,56300,65.0,5.0,INDEX,INDEX,NIFTY 23300 PE 23 JUN 26,23300.0,1.0,,,NSE_INDEX|Nifty 50,NSE_INDEX|Nifty 50,,,,,,,,,,
1.0,NSE_FO,NIFTY,NSE,1782239399000.0,CE,NIFTY,NIFTY,NSE_FO|56301,65.0,1755.0,56301,65.0,5.0,INDEX,INDEX,NIFTY 23350 CE 23 JUN 26,23350.0,1.0,,,NSE_INDEX|Nifty 50,NSE_INDEX|Nifty 50,,,,,,,,,,
1.0,NSE_FO,NIFTY,NSE,1782239399000.0,PE,NIFTY,NIFTY,NSE_FO|56391,65.0,1755.0,56391,65.0,5.0,INDEX,INDEX,NIFTY 24400 PE 23 JUN 26,24400.0,1.0,,,NSE_INDEX|Nifty 50,NSE_INDEX|Nifty 50,,,,,,,,,,
1.0,NSE_FO,NIFTY,NSE,1782239399000.0,CE,NIFTY,NIFTY,NSE_FO|56392,65.0,1755.0,56392,65.0,5.0,INDEX,INDEX,NIFTY 24450 CE 23 JUN 26,24450.0,1.0,,,NSE_INDEX|Nifty 50,NSE_INDEX|Nifty 50,,,,,,,,,,
1.0,NSE_FO,NIFTY,NSE,1782239399000.0,CE,NIFTY,NIFTY,NSE_FO|56390,65.0,1755.0,56390,65.0,5.0,INDEX,INDEX,NIFTY 24400 CE 23 JUN 26,24400.0,1.0,,,NSE_INDEX|Nifty 50,NSE_INDEX|Nifty 50,,,,,,,,,,
1.0,NSE_FO,NIFTY,NSE,1782239399000.0,CE,NIFTY,NIFTY,NSE_FO|56396,65.0,1755.0,56396,65.0,5.0,INDEX,INDEX,NIFTY 24500 CE 23 JUN 26,24500.0,1.0,,,NSE_INDEX|Nifty 50,NSE_INDEX|Nifty 50,,,,,,,,,,
1.0,NSE_FO,NIFTY,NSE,1782239399000.0,PE,NIFTY,NIFTY,NSE_FO|56393,65.0,1755.0,56393,65.0,5.0,INDEX,INDEX,NIFTY 24450 PE 23 JUN 26,24450.0,1.0,,,NSE_INDEX|Nifty 50,NSE_INDEX|Nifty 50,,,,,,,,,,
1.0,NSE_FO,NIFTY,NSE,1782239399000.0,PE,NIFTY,NIFTY,NSE_FO|56397,65.0,1755.0,56397,65.0,5.0,INDEX,INDEX,NIFTY 24500 PE 23 JUN 26,24500.0,1.0,,,NSE_INDEX|Nifty 50,NSE_INDEX|Nifty 50,,,,,,,,,,
1.0,NSE_FO,NIFTY,NSE,1782239399000.0,PE,NIFTY,NIFTY,NSE_FO|56359,65.0,1755.0,56359,65.0,5.0,INDEX,INDEX,NIFTY 23900 PE 23 JUN 26,23900.0,1.0,,,NSE_INDEX|Nifty 50,NSE_INDEX|Nifty 50,,,,,,,,,,
1.0,NSE_FO,NIFTY,NSE,1782239399000.0,PE,NIFTY,NIFTY,NSE_FO|56357,65.0,1755.0,56357,65.0,5.0,INDEX,INDEX,NIFTY 23850 PE 23 JUN 26,23850.0,1.0,,,NSE_INDEX|Nifty 50,NSE_INDEX|Nifty 50,,,,,,,,,,
1.0,NSE_FO,NIFTY,NSE,1782239399000.0,CE,NIFTY,NIFTY,NSE_FO|56358,65.0,1755.0,56358,65.0,5.0,INDEX,INDEX,NIFTY 23900 CE 23 JUN 26,23900.0,1.0,,,NSE_INDEX|Nifty 50,NSE_INDEX|Nifty 50,,,,,,,,,,
1.0,NSE_FO,NIFTY,NSE,1782239399000.0,PE,NIFTY,NIFTY,NSE_FO|56355,65.0,1755.0,56355,65.0,5.0,INDEX,INDEX,NIFTY 23800 PE 23 JUN 26,23800.0,1.0,,,NSE_INDEX|Nifty 50,NSE_INDEX|Nifty 50,,,,,,,,,,
1.0,NSE_FO,NIFTY,NSE,1782239399000.0,CE,NIFTY,NIFTY,NSE_FO|56356,65.0,1755.0,56356,65.0,5.0,INDEX,INDEX,NIFTY 23850 CE 23 JUN 26,23850.0,1.0,,,NSE_INDEX|Nifty 50,NSE_INDEX|Nifty 50,,,,,,,,,,
1.0,NSE_FO,NIFTY,NSE,1782239399000.0,CE,NIFTY,NIFTY,NSE_FO|56354,65.0,1755.0,56354,65.0,5.0,INDEX,INDEX,NIFTY 23800 CE 23 JUN 26,23800.0,1.0,,,NSE_INDEX|Nifty 50,NSE_INDEX|Nifty 50,,,,,,,,,,
1.0,NSE_FO,NIFTY,NSE,1782239399000.0,CE,NIFTY,NIFTY,NSE_FO|56348,65.0,1755.0,56348,65.0,5.0,INDEX,INDEX,NIFTY 23750 CE 23 JUN 26,23750.0,1.0,,,NSE_INDEX|Nifty 50,NSE_INDEX|Nifty 50,,,,,,,,,,
1.0,NSE_FO,NIFTY,NSE,1782239399000.0,PE,NIFTY,NIFTY,NSE_FO|56349,65.0,1755.0,56349,65.0,5.0,INDEX,INDEX,NIFTY 23750 PE 23 JUN 26,23750.0,1.0,,,NSE_INDEX|Nifty 50,NSE_INDEX|Nifty 50,,,,,,,,,,
1.0,NSE_FO,NIFTY,NSE,1782239399000.0,CE,NIFTY,NIFTY,NSE_FO|56380,65.0,1755.0,56380,65.0,5.0,INDEX,INDEX,NIFTY 24150 CE 23 JUN 26,24150.0,1.0,,,NSE_INDEX|Nifty 50,NSE_INDEX|Nifty 50,,,,,,,,,,
1.0,NSE_FO,NIFTY,NSE,1782239399000.0,PE,NIFTY,NIFTY,NSE_FO|56381,65.0,1755.0,56381,65.0,5.0,INDEX,INDEX,NIFTY 24150 PE 23 JUN 26,24150.0,1.0,,,NSE_INDEX|Nifty 50,NSE_INDEX|Nifty 50,,,,,,,,,,
1.0,NSE_FO,NIFTY,NSE,1782239399000.0,CE,NIFTY,NIFTY,NSE_FO|56384,65.0,1755.0,56384,65.0,5.0,INDEX,INDEX,NIFTY 24250 CE 23 JUN 26,24250.0,1.0,,,NSE_INDEX|Nifty 50,NSE_INDEX|Nifty 50,,,,,,,,,,
1.0,NSE_FO,NIFTY,NSE,1782239399000.0,PE,NIFTY,NIFTY,NSE_FO|56385,65.0,1755.0,56385,65.0,5.0,INDEX,INDEX,NIFTY 24250 PE 23 JUN 26,24250.0,1.0,,,NSE_INDEX|Nifty 50,NSE_INDEX|Nifty 50,,,,,,,,,,
1.0,NSE_FO,NIFTY,NSE,1782239399000.0,CE,NIFTY,NIFTY,NSE_FO|56382,65.0,1755.0,56382,65.0,5.0,INDEX,INDEX,NIFTY 24200 CE 23 JUN 26,24200.0,1.0,,,NSE_INDEX|Nifty 50,NSE_INDEX|Nifty 50,,,,,,,,,,
1.0,NSE_FO,NIFTY,NSE,1782239399000.0,PE,NIFTY,NIFTY,NSE_FO|56383,65.0,1755.0,56383,65.0,5.0,INDEX,INDEX,NIFTY 24200 PE 23 JUN 26,24200.0,1.0,,,NSE_INDEX|Nifty 50,NSE_INDEX|Nifty 50,,,,,,,,,,
1.0,NSE_FO,NIFTY,NSE,1782239399000.0,CE,NIFTY,NIFTY,NSE_FO|56388,65.0,1755.0,56388,65.0,5.0,INDEX,INDEX,NIFTY 24350 CE 23 JUN 26,24350.0,1.0,,,NSE_INDEX|Nifty 50,NSE_INDEX|Nifty 50,,,,,,,,,,
1.0,NSE_FO,NIFTY,NSE,1782239399000.0,PE,NIFTY,NIFTY,NSE_FO|56389,65.0,1755.0,56389,65.0,5.0,INDEX,INDEX,NIFTY 24350 PE 23 JUN 26,24350.0,1.0,,,NSE_INDEX|Nifty 50,NSE_INDEX|Nifty 50,,,,,,,,,,
1.0,NSE_FO,NIFTY,NSE,1782239399000.0,CE,NIFTY,NIFTY,NSE_FO|56386,65.0,1755.0,56386,65.0,5.0,INDEX,INDEX,NIFTY 24300 CE 23 JUN 26,24300.0,1.0,,,NSE_INDEX|Nifty 50,NSE_INDEX|Nifty 50,,,,,,,,,,
1.0,NSE_FO,NIFTY,NSE,1782239399000.0,PE,NIFTY,NIFTY,NSE_FO|56387,65.0,1755.0,56387,65.0,5.0,INDEX,INDEX,NIFTY 24300 PE 23 JUN 26,24300.0,1.0,,,NSE_INDEX|Nifty 50,NSE_INDEX|Nifty 50,,,,,,,,,,
1.0,NSE_FO,NIFTY,NSE,1782239399000.0,CE,NIFTY,NIFTY,NSE_FO|56370,65.0,1755.0,56370,65.0,5.0,INDEX,INDEX,NIFTY 23950 CE 23 JUN 26,23950.0,1.0,,,NSE_INDEX|Nifty 50,NSE_INDEX|Nifty 50,,,,,,,,,,
1.0,NSE_FO,NIFTY,NSE,1782239399000.0,PE,NIFTY,NIFTY,NSE_FO|56373,65.0,1755.0,56373,65.0,5.0,INDEX,INDEX,NIFTY 24000 PE 23 JUN 26,24000.0,1.0,,,NSE_INDEX|Nifty 50,NSE_INDEX|Nifty 50,,,,,,,,,,
1.0,NSE_FO,NIFTY,NSE,1782239399000.0,CE,NIFTY,NIFTY,NSE_FO|56374,65.0,1755.0,56374,65.0,5.0,INDEX,INDEX,NIFTY 24050 CE 23 JUN 26,24050.0,1.0,,,NSE_INDEX|Nifty 50,NSE_INDEX|Nifty 50,,,,,,,,,,
1.0,NSE_FO,NIFTY,NSE,1782239399000.0,PE,NIFTY,NIFTY,NSE_FO|56371,65.0,1755.0,56371,65.0,5.0,INDEX,INDEX,NIFTY 23950 PE 23 JUN 26,23950.0,1.0,,,NSE_INDEX|Nifty 50,NSE_INDEX|Nifty 50,,,,,,,,,,
1.0,NSE_FO,NIFTY,NSE,1782239399000.0,CE,NIFTY,NIFTY,NSE_FO|56372,65.0,1755.0,56372,65.0,5.0,INDEX,INDEX,NIFTY 24000 CE 23 JUN 26,24000.0,1.0,,,NSE_INDEX|Nifty 50,NSE_INDEX|Nifty 50,,,,,,,,,,
1.0,NSE_FO,NIFTY,NSE,1782239399000.0,PE,NIFTY,NIFTY,NSE_FO|56377,65.0,1755.0,56377,65.0,5.0,INDEX,INDEX,NIFTY 24100 PE 23 JUN 26,24100.0,1.0,,,NSE_INDEX|Nifty 50,NSE_INDEX|Nifty 50,,,,,,,,,,
1.0,NSE_FO,NIFTY,NSE,1782239399000.0,PE,NIFTY,NIFTY,NSE_FO|56375,65.0,1755.0,56375,65.0,5.0,INDEX,INDEX,NIFTY 24050 PE 23 JUN 26,24050.0,1.0,,,NSE_INDEX|Nifty 50,NSE_INDEX|Nifty 50,,,,,,,,,,
1.0,NSE_FO,NIFTY,NSE,1782239399000.0,CE,NIFTY,NIFTY,NSE_FO|56376,65.0,1755.0,56376,65.0,5.0,INDEX,INDEX,NIFTY 24100 CE 23 JUN 26,24100.0,1.0,,,NSE_INDEX|Nifty 50,NSE_INDEX|Nifty 50,,,,,,,,,,
1.0,NSE_FO,NIFTY,NSE,1781029799000.0,CE,NIFTY,NIFTY,NSE_FO|42466,65.0,1755.0,42466,65.0,5.0,INDEX,INDEX,NIFTY 26100 CE 09 JUN 26,26100.0,1.0,,,NSE_INDEX|Nifty 50,NSE_INDEX|Nifty 50,,,,,,,,,,
1.0,NSE_FO,NIFTY,NSE,1781029799000.0,PE,NIFTY,NIFTY,NSE_FO|42467,65.0,1755.0,42467,65.0,5.0,INDEX,INDEX,NIFTY 26100 PE 09 JUN 26,26100.0,1.0,,,NSE_INDEX|Nifty 50,NSE_INDEX|Nifty 50,,,,,,,,,,
1.0,NSE_FO,NIFTY,NSE,1781029799000.0,CE,NIFTY,NIFTY,NSE_FO|42464,65.0,1755.0,42464,65.0,5.0,INDEX,INDEX,NIFTY 26050 CE 09 JUN 26,26050.0,1.0,,,NSE_INDEX|Nifty 50,NSE_INDEX|Nifty 50,,,,,,,,,,
1.0,NSE_FO,NIFTY,NSE,1781029799000.0,PE,NIFTY,NIFTY,NSE_FO|42465,65.0,1755.0,42465,65.0,5.0,INDEX,INDEX,NIFTY 26050 PE 09 JUN 26,26050.0,1.0,,,NSE_INDEX|Nifty 50,NSE_INDEX|Nifty 50,,,,,,,,,,
1.0,NSE_FO,NIFTY,NSE,1781029799000.0,CE,NIFTY,NIFTY,NSE_FO|42398,65.0,1755.0,42398,65.0,5.0,INDEX,INDEX,NIFTY 25150 CE 09 JUN 26,25150.0,1.0,,,NSE_INDEX|Nifty 50,NSE_INDEX|Nifty 50,,,,,,,,,,
1.0,NSE_FO,NIFTY,NSE,1781029799000.0,PE,NIFTY,NIFTY,NSE_FO|42399,65.0,1755.0,42399,65.0,5.0,INDEX,INDEX,NIFTY 25150 PE 09 JUN 26,25150.0,1.0,,,NSE_INDEX|Nifty 50,NSE_INDEX|Nifty 50,,,,,,,,,,
1.0,NSE_FO,NIFTY,NSE,1781029799000.0,PE,NIFTY,NIFTY,NSE_FO|42390,65.0,1755.0,42390,65.0,5.0,INDEX,INDEX,NIFTY 25050 PE 09 JUN 26,25050.0,1.0,,,NSE_INDEX|Nifty 50,NSE_INDEX|Nifty 50,,,,,,,,,,
1.0,NSE_FO,NIFTY,NSE,1781029799000.0,CE,NIFTY,NIFTY,NSE_FO|42391,65.0,1755.0,42391,65.0,5.0,INDEX,INDEX,NIFTY 25100 CE 09 JUN 26,25100.0,1.0,,,NSE_INDEX|Nifty 50,NSE_INDEX|Nifty 50,,,,,,,,,,
1.0,NSE_FO,NIFTY,NSE,1781029799000.0,PE,NIFTY,NIFTY,NSE_FO|42397,65.0,1755.0,42397,65.0,5.0,INDEX,INDEX,NIFTY 25100 PE 09 JUN 26,25100.0,1.0,,,NSE_INDEX|Nifty 50,NSE_INDEX|Nifty 50,,,,,,,,,,
1.0,NSE_FO,NIFTY,NSE,1781029799000.0,CE,NIFTY,NIFTY,NSE_FO|42356,65.0,1755.0,42356,65.0,5.0,INDEX,INDEX,NIFTY 24450 CE 09 JUN 26,24450.0,1.0,,,NSE_INDEX|Nifty 50,NSE_INDEX|Nifty 50,,,,,,,,,,
1.0,NSE_FO,NIFTY,NSE,1781029799000.0,PE,NIFTY,NIFTY,NSE_FO|42357,65.0,1755.0,42357,65.0,5.0,INDEX,INDEX,NIFTY 24450 PE 09 JUN 26,24450.0,1.0,,,NSE_INDEX|Nifty 50,NSE_INDEX|Nifty 50,,,,,,,,,,
1.0,NSE_FO,NIFTY,NSE,1781029799000.0,PE,NIFTY,NIFTY,NSE_FO|42355,65.0,1755.0,42355,65.0,5.0,INDEX,INDEX,NIFTY 24400 PE 09 JUN 26,24400.0,1.0,,,NSE_INDEX|Nifty 50,NSE_INDEX|Nifty 50,,,,,,,,,,
1.0,NSE_FO,NIFTY,NSE,1781029799000.0,CE,NIFTY,NIFTY,NSE_FO|42358,65.0,1755.0,42358,65.0,5.0,INDEX,INDEX,NIFTY 24500 CE 09 JUN 26,24500.0,1.0,,,NSE_INDEX|Nifty 50,NSE_INDEX|Nifty 50,,,,,,,,,,
1.0,NSE_FO,NIFTY,NSE,1781029799000.0,PE,NIFTY,NIFTY,NSE_FO|42359,65.0,1755.0,42359,65.0,5.0,INDEX,INDEX,NIFTY 24500 PE 09 JUN 26,24500.0,1.0,,,NSE_INDEX|Nifty 50,NSE_INDEX|Nifty 50,,,,,,,,,,
1.0,NSE_FO,NIFTY,NSE,1781029799000.0,CE,NIFTY,NIFTY,NSE_FO|42360,65.0,1755.0,42360,65.0,5.0,INDEX,INDEX,NIFTY 24550 CE 09 JUN 26,24550.0,1.0,,,NSE_INDEX|Nifty 50,NSE_INDEX|Nifty 50,,,,,,,,,,
1.0,NSE_FO,NIFTY,NSE,1781029799000.0,PE,NIFTY,NIFTY,NSE_FO|42363,65.0,1755.0,42363,65.0,5.0,INDEX,INDEX,NIFTY 24600 PE 09 JUN 26,24600.0,1.0,,,NSE_INDEX|Nifty 50,NSE_INDEX|Nifty 50,,,,,,,,,,
1.0,NSE_FO,NIFTY,NSE,1781029799000.0,CE,NIFTY,NIFTY,NSE_FO|42364,65.0,1755.0,42364,65.0,5.0,INDEX,INDEX,NIFTY 24650 CE 09 JUN 26,24650.0,1.0,,,NSE_INDEX|Nifty 50,NSE_INDEX|Nifty 50,,,,,,,,,,
1.0,NSE_FO,NIFTY,NSE,1781029799000.0,PE,NIFTY,NIFTY,NSE_FO|42361,65.0,1755.0,42361,65.0,5.0,INDEX,INDEX,NIFTY 24550 PE 09 JUN 26,24550.0,1.0,,,NSE_INDEX|Nifty 50,NSE_INDEX|Nifty 50,,,,,,,,,,
1.0,NSE_FO,NIFTY,NSE,1781029799000.0,CE,NIFTY,NIFTY,NSE_FO|42362,65.0,1755.0,42362,65.0,5.0,INDEX,INDEX,NIFTY 24600 CE 09 JUN 26,24600.0,1.0,,,NSE_INDEX|Nifty 50,NSE_INDEX|Nifty 50,,,,,,,,,,
1.0,NSE_FO,NIFTY,NSE,1781029799000.0,PE,NIFTY,NIFTY,NSE_FO|42345,65.0,1755.0,42345,65.0,5.0,INDEX,INDEX,NIFTY 24300 PE 09 JUN 26,24300.0,1.0,,,NSE_INDEX|Nifty 50,NSE_INDEX|Nifty 50,,,,,,,,,,
1.0,NSE_FO,NIFTY,NSE,1781029799000.0,CE,NIFTY,NIFTY,NSE_FO|42346,65.0,1755.0,42346,65.0,5.0,INDEX,INDEX,NIFTY 24350 CE 09 JUN 26,24350.0,1.0,,,NSE_INDEX|Nifty 50,NSE_INDEX|Nifty 50,,,,,,,,,,
1.0,NSE_FO,NIFTY,NSE,1781029799000.0,PE,NIFTY,NIFTY,NSE_FO|42343,65.0,1755.0,42343,65.0,5.0,INDEX,INDEX,NIFTY 24250 PE 09 JUN 26,24250.0,1.0,,,NSE_INDEX|Nifty 50,NSE_INDEX|Nifty 50,,,,,,,,,,
1.0,NSE_FO,NIFTY,NSE,1781029799000.0,CE,NIFTY,NIFTY,NSE_FO|42344,65.0,1755.0,42344,65.0,5.0,INDEX,INDEX,NIFTY 24300 CE 09 JUN 26,24300.0,1.0,,,NSE_INDEX|Nifty 50,NSE_INDEX|Nifty 50,,,,,,,,,,
1.0,NSE_FO,NIFTY,NSE,1781029799000.0,PE,NIFTY,NIFTY,NSE_FO|42347,65.0,1755.0,42347,65.0,5.0,INDEX,INDEX,NIFTY 24350 PE 09 JUN 26,24350.0,1.0,,,NSE_INDEX|Nifty 50,NSE_INDEX|Nifty 50,,,,,,,,,,
1.0,NSE_FO,NIFTY,NSE,1781029799000.0,CE,NIFTY,NIFTY,NSE_FO|42348,65.0,1755.0,42348,65.0,5.0,INDEX,INDEX,NIFTY 24400 CE 09 JUN 26,24400.0,1.0,,,NSE_INDEX|Nifty 50,NSE_INDEX|Nifty 50,,,,,,,,,,
1.0,NSE_FO,NIFTY,NSE,1780424999000.0,CE,NIFTY,NIFTY,NSE_FO|56990,65.0,1755.0,56990,65.0,5.0,INDEX,INDEX,NIFTY 22750 CE 02 JUN 26,22750.0,1.0,,,NSE_INDEX|Nifty 50,NSE_INDEX|Nifty 50,,,,,,,,,,
1.0,NSE_FO,NIFTY,NSE,1780424999000.0,PE,NIFTY,NIFTY,NSE_FO|56991,65.0,1755.0,56991,65.0,5.0,INDEX,INDEX,NIFTY 22750 PE 02 JUN 26,22750.0,1.0,,,NSE_INDEX|Nifty 50,NSE_INDEX|Nifty 50,,,,,,,,,,
1.0,NSE_FO,NIFTY,NSE,1780424999000.0,CE,NIFTY,NIFTY,NSE_FO|56986,65.0,1755.0,56986,65.0,5.0,INDEX,INDEX,NIFTY 22650 CE 02 JUN 26,22650.0,1.0,,,NSE_INDEX|Nifty 50,NSE_INDEX|Nifty 50,,,,,,,,,,
1.0,NSE_FO,NIFTY,NSE,1780424999000.0,PE,NIFTY,NIFTY,NSE_FO|56987,65.0,1755.0,56987,65.0,5.0,INDEX,INDEX,NIFTY 22650 PE 02 JUN 26,22650.0,1.0,,,NSE_INDEX|Nifty 50,NSE_INDEX|Nifty 50,,,,,,,,,,
1.0,NSE_FO,NIFTY,NSE,1780424999000.0,CE,NIFTY,NIFTY,NSE_FO|56984,65.0,1755.0,56984,65.0,5.0,INDEX,INDEX,NIFTY 22600 CE 02 JUN 26,22600.0,1.0,,,NSE_INDEX|Nifty 50,NSE_INDEX|Nifty 50,,,,,,,,,,
1.0,NSE_FO,NIFTY,NSE,1780424999000.0,PE,NIFTY,NIFTY,NSE_FO|56985,65.0,1755.0,56985,65.0,5.0,INDEX,INDEX,NIFTY 22600 PE 02 JUN 26,22600.0,1.0,,,NSE_INDEX|Nifty 50,NSE_INDEX|Nifty 50,,,,,,,,,,
1.0,NSE_FO,NIFTY,NSE,1780424999000.0,CE,NIFTY,NIFTY,NSE_FO|56988,65.0,1755.0,56988,65.0,5.0,INDEX,INDEX,NIFTY 22700 CE 02 JUN 26,22700.0,1.0,,,NSE_INDEX|Nifty 50,NSE_INDEX|Nifty 50,,,,,,,,,,
1.0,NSE_FO,NIFTY,NSE,1780424999000.0,PE,NIFTY,NIFTY,NSE_FO|56989,65.0,1755.0,56989,65.0,5.0,INDEX,INDEX,NIFTY 22700 PE 02 JUN 26,22700.0,1.0,,,NSE_INDEX|Nifty 50,NSE_INDEX|Nifty 50,,,,,,,,,,
1.0,NSE_FO,NIFTY,NSE,1781029799000.0,CE,NIFTY,NIFTY,NSE_FO|42378,65.0,1755.0,42378,65.0,5.0,INDEX,INDEX,NIFTY 24950 CE 09 JUN 26,24950.0,1.0,,,NSE_INDEX|Nifty 50,NSE_INDEX|Nifty 50,,,,,,,,,,
1.0,NSE_FO,NIFTY,NSE,1781029799000.0,CE,NIFTY,NIFTY,NSE_FO|42376,65.0,1755.0,42376,65.0,5.0,INDEX,INDEX,NIFTY 24900 CE 09 JUN 26,24900.0,1.0,,,NSE_INDEX|Nifty 50,NSE_INDEX|Nifty 50,,,,,,,,,,
1.0,NSE_FO,NIFTY,NSE,1781029799000.0,PE,NIFTY,NIFTY,NSE_FO|42377,65.0,1755.0,42377,65.0,5.0,INDEX,INDEX,NIFTY 24900 PE 09 JUN 26,24900.0,1.0,,,NSE_INDEX|Nifty 50,NSE_INDEX|Nifty 50,,,,,,,,,,
1.0,NSE_FO,NIFTY,NSE,1781029799000.0,CE,NIFTY,NIFTY,NSE_FO|42381,65.0,1755.0,42381,65.0,5.0,INDEX,INDEX,NIFTY 25000 CE 09 JUN 26,25000.0,1.0,,,NSE_INDEX|Nifty 50,NSE_INDEX|Nifty 50,,,,,,,,,,
1.0,NSE_FO,NIFTY,NSE,1781029799000.0,PE,NIFTY,NIFTY,NSE_FO|42382,65.0,1755.0,42382,65.0,5.0,INDEX,INDEX,NIFTY 25000 PE 09 JUN 26,25000.0,1.0,,,NSE_INDEX|Nifty 50,NSE_INDEX|Nifty 50,,,,,,,,,,
1.0,NSE_FO,NIFTY,NSE,1781029799000.0,PE,NIFTY,NIFTY,NSE_FO|42380,65.0,1755.0,42380,65.0,5.0,INDEX,INDEX,NIFTY 24950 PE 09 JUN 26,24950.0,1.0,,,NSE_INDEX|Nifty 50,NSE_INDEX|Nifty 50,,,,,,,,,,
1.0,NSE_FO,NIFTY,NSE,1781029799000.0,CE,NIFTY,NIFTY,NSE_FO|42383,65.0,1755.0,42383,65.0,5.0,INDEX,INDEX,NIFTY 25050 CE 09 JUN 26,25050.0,1.0,,,NSE_INDEX|Nifty 50,NSE_INDEX|Nifty 50,,,,,,,,,,
1.0,NSE_FO,NIFTY,NSE,1781029799000.0,PE,NIFTY,NIFTY,NSE_FO|42367,65.0,1755.0,42367,65.0,5.0,INDEX,INDEX,NIFTY 24700 PE 09 JUN 26,24700.0,1.0,,,NSE_INDEX|Nifty 50,NSE_INDEX|Nifty 50,,,,,,,,,,
1.0,NSE_FO,NIFTY,NSE,1781029799000.0,CE,NIFTY,NIFTY,NSE_FO|42368,65.0,1755.0,42368,65.0,5.0,INDEX,INDEX,NIFTY 24750 CE 09 JUN 26,24750.0,1.0,,,NSE_INDEX|Nifty 50,NSE_INDEX|Nifty 50,,,,,,,,,,
1.0,NSE_FO,NIFTY,NSE,1781029799000.0,PE,NIFTY,NIFTY,NSE_FO|42365,65.0,1755.0,42365,65.0,5.0,INDEX,INDEX,NIFTY 24650 PE 09 JUN 26,24650.0,1.0,,,NSE_INDEX|Nifty 50,NSE_INDEX|Nifty 50,,,,,,,,,,
1.0,NSE_FO,NIFTY,NSE,1781029799000.0,CE,NIFTY,NIFTY,NSE_FO|42366,65.0,1755.0,42366,65.0,5.0,INDEX,INDEX,NIFTY 24700 CE 09 JUN 26,24700.0,1.0,,,NSE_INDEX|Nifty 50,NSE_INDEX|Nifty 50,,,,,,,,,,
1.0,NSE_FO,NIFTY,NSE,1781029799000.0,PE,NIFTY,NIFTY,NSE_FO|42369,65.0,1755.0,42369,65.0,5.0,INDEX,INDEX,NIFTY 24750 PE 09 JUN 26,24750.0,1.0,,,NSE_INDEX|Nifty 50,NSE_INDEX|Nifty 50,,,,,,,,,,
1.0,NSE_FO,NIFTY,NSE,1781029799000.0,CE,NIFTY,NIFTY,NSE_FO|42370,65.0,1755.0,42370,65.0,5.0,INDEX,INDEX,NIFTY 24800 CE 09 JUN 26,24800.0,1.0,,,NSE_INDEX|Nifty 50,NSE_INDEX|Nifty 50,,,,,,,,,,
1.0,NSE_FO,NIFTY,NSE,1781029799000.0,PE,NIFTY,NIFTY,NSE_FO|42371,65.0,1755.0,42371,65.0,5.0,INDEX,INDEX,NIFTY 24800 PE 09 JUN 26,24800.0,1.0,,,NSE_INDEX|Nifty 50,NSE_INDEX|Nifty 50,,,,,,,,,,
1.0,NSE_FO,NIFTY,NSE,1781029799000.0,PE,NIFTY,NIFTY,NSE_FO|42375,65.0,1755.0,42375,65.0,5.0,INDEX,INDEX,NIFTY 24850 PE 09 JUN 26,24850.0,1.0,,,NSE_INDEX|Nifty 50,NSE_INDEX|Nifty 50,,,,,,,,,,
1.0,NSE_FO,NIFTY,NSE,1781029799000.0,CE,NIFTY,NIFTY,NSE_FO|42372,65.0,1755.0,42372,65.0,5.0,INDEX,INDEX,NIFTY 24850 CE 09 JUN 26,24850.0,1.0,,,NSE_INDEX|Nifty 50,NSE_INDEX|Nifty 50,,,,,,,,,,
1.0,NSE_FO,NIFTY,NSE,1781029799000.0,CE,NIFTY,NIFTY,NSE_FO|42431,65.0,1755.0,42431,65.0,5.0,INDEX,INDEX,NIFTY 25700 CE 09 JUN 26,25700.0,1.0,,,NSE_INDEX|Nifty 50,NSE_INDEX|Nifty 50,,,,,,,,,,
1.0,NSE_FO,NIFTY,NSE,1781029799000.0,PE,NIFTY,NIFTY,NSE_FO|42437,65.0,1755.0,42437,65.0,5.0,INDEX,INDEX,NIFTY 25700 PE 09 JUN 26,25700.0,1.0,,,NSE_INDEX|Nifty 50,NSE_INDEX|Nifty 50,,,,,,,,,,
1.0,NSE_FO,NIFTY,NSE,1781029799000.0,CE,NIFTY,NIFTY,NSE_FO|42438,65.0,1755.0,42438,65.0,5.0,INDEX,INDEX,NIFTY 25750 CE 09 JUN 26,25750.0,1.0,,,NSE_INDEX|Nifty 50,NSE_INDEX|Nifty 50,,,,,,,,,,
1.0,NSE_FO,NIFTY,NSE,1781029799000.0,PE,NIFTY,NIFTY,NSE_FO|42441,65.0,1755.0,42441,65.0,5.0,INDEX,INDEX,NIFTY 25750 PE 09 JUN 26,25750.0,1.0,,,NSE_INDEX|Nifty 50,NSE_INDEX|Nifty 50,,,,,,,,,,
1.0,NSE_FO,NIFTY,NSE,1781029799000.0,CE,NIFTY,NIFTY,NSE_FO|42422,65.0,1755.0,42422,65.0,5.0,INDEX,INDEX,NIFTY 25550 CE 09 JUN 26,25550.0,1.0,,,NSE_INDEX|Nifty 50,NSE_INDEX|Nifty 50,,,,,,,,,,
1.0,NSE_FO,NIFTY,NSE,1781029799000.0,PE,NIFTY,NIFTY,NSE_FO|42423,65.0,1755.0,42423,65.0,5.0,INDEX,INDEX,NIFTY 25550 PE 09 JUN 26,25550.0,1.0,,,NSE_INDEX|Nifty 50,NSE_INDEX|Nifty 50,,,,,,,,,,
1.0,NSE_FO,NIFTY,NSE,1781029799000.0,CE,NIFTY,NIFTY,NSE_FO|42420,65.0,1755.0,42420,65.0,5.0,INDEX,INDEX,NIFTY 25500 CE 09 JUN 26,25500.0,1.0,,,NSE_INDEX|Nifty 50,NSE_INDEX|Nifty 50,,,,,,,,,,
1.0,NSE_FO,NIFTY,NSE,1781029799000.0,PE,NIFTY,NIFTY,NSE_FO|42421,65.0,1755.0,42421,65.0,5.0,INDEX,INDEX,NIFTY 25500 PE 09 JUN 26,25500.0,1.0,,,NSE_INDEX|Nifty 50,NSE_INDEX|Nifty 50,,,,,,,,,,
1.0,NSE_FO,NIFTY,NSE,1781029799000.0,CE,NIFTY,NIFTY,NSE_FO|42424,65.0,1755.0,42424,65.0,5.0,INDEX,INDEX,NIFTY 25600 CE 09 JUN 26,25600.0,1.0,,,NSE_INDEX|Nifty 50,NSE_INDEX|Nifty 50,,,,,,,,,,
1.0,NSE_FO,NIFTY,NSE,1781029799000.0,PE,NIFTY,NIFTY,NSE_FO|42425,65.0,1755.0,42425,65.0,5.0,INDEX,INDEX,NIFTY 25600 PE 09 JUN 26,25600.0,1.0,,,NSE_INDEX|Nifty 50,NSE_INDEX|Nifty 50,,,,,,,,,,
1.0,NSE_FO,NIFTY,NSE,1781029799000.0,CE,NIFTY,NIFTY,NSE_FO|42429,65.0,1755.0,42429,65.0,5.0,INDEX,INDEX,NIFTY 25650 CE 09 JUN 26,25650.0,1.0,,,NSE_INDEX|Nifty 50,NSE_INDEX|Nifty 50,,,,,,,,,,
1.0,NSE_FO,NIFTY,NSE,1781029799000.0,PE,NIFTY,NIFTY,NSE_FO|42430,65.0,1755.0,42430,65.0,5.0,INDEX,INDEX,NIFTY 25650 PE 09 JUN 26,25650.0,1.0,,,NSE_INDEX|Nifty 50,NSE_INDEX|Nifty 50,,,,,,,,,,
1.0,NSE_FO,NIFTY,NSE,1781029799000.0,CE,NIFTY,NIFTY,NSE_FO|42462,65.0,1755.0,42462,65.0,5.0,INDEX,INDEX,NIFTY 26000 CE 09 JUN 26,26000.0,1.0,,,NSE_INDEX|Nifty 50,NSE_INDEX|Nifty 50,,,,,,,,,,
1.0,NSE_FO,NIFTY,NSE,1781029799000.0,PE,NIFTY,NIFTY,NSE_FO|42463,65.0,1755.0,42463,65.0,5.0,INDEX,INDEX,NIFTY 26000 PE 09 JUN 26,26000.0,1.0,,,NSE_INDEX|Nifty 50,NSE_INDEX|Nifty 50,,,,,,,,,,
1.0,NSE_FO,NIFTY,NSE,1781029799000.0,PE,NIFTY,NIFTY,NSE_FO|42461,65.0,1755.0,42461,65.0,5.0,INDEX,INDEX,NIFTY 25950 PE 09 JUN 26,25950.0,1.0,,,NSE_INDEX|Nifty 50,NSE_INDEX|Nifty 50,,,,,,,,,,
1.0,NSE_FO,NIFTY,NSE,1781029799000.0,CE,NIFTY,NIFTY,NSE_FO|42444,65.0,1755.0,42444,65.0,5.0,INDEX,INDEX,NIFTY 25850 CE 09 JUN 26,25850.0,1.0,,,NSE_INDEX|Nifty 50,NSE_INDEX|Nifty 50,,,,,,,,,,
1.0,NSE_FO,NIFTY,NSE,1781029799000.0,CE,NIFTY,NIFTY,NSE_FO|42442,65.0,1755.0,42442,65.0,5.0,INDEX,INDEX,NIFTY 25800 CE 09 JUN 26,25800.0,1.0,,,NSE_INDEX|Nifty 50,NSE_INDEX|Nifty 50,,,,,,,,,,
1.0,NSE_FO,NIFTY,NSE,1781029799000.0,PE,NIFTY,NIFTY,NSE_FO|42443,65.0,1755.0,42443,65.0,5.0,INDEX,INDEX,NIFTY 25800 PE 09 JUN 26,25800.0,1.0,,,NSE_INDEX|Nifty 50,NSE_INDEX|Nifty 50,,,,,,,,,,
1.0,NSE_FO,NIFTY,NSE,1781029799000.0,PE,NIFTY,NIFTY,NSE_FO|42449,65.0,1755.0,42449,65.0,5.0,INDEX,INDEX,NIFTY 25900 PE 09 JUN 26,25900.0,1.0,,,NSE_INDEX|Nifty 50,NSE_INDEX|Nifty 50,,,,,,,,,,
1.0,NSE_FO,NIFTY,NSE,1781029799000.0,PE,NIFTY,NIFTY,NSE_FO|42446,65.0,1755.0,42446,65.0,5.0,INDEX,INDEX,NIFTY 25850 PE 09 JUN 26,25850.0,1.0,,,NSE_INDEX|Nifty 50,NSE_INDEX|Nifty 50,,,,,,,,,,
1.0,NSE_FO,NIFTY,NSE,1781029799000.0,CE,NIFTY,NIFTY,NSE_FO|42447,65.0,1755.0,42447,65.0,5.0,INDEX,INDEX,NIFTY 25900 CE 09 JUN 26,25900.0,1.0,,,NSE_INDEX|Nifty 50,NSE_INDEX|Nifty 50,,,,,,,,,,
1.0,NSE_FO,NIFTY,NSE,1781029799000.0,CE,NIFTY,NIFTY,NSE_FO|42450,65.0,1755.0,42450,65.0,5.0,INDEX,INDEX,NIFTY 25950 CE 09 JUN 26,25950.0,1.0,,,NSE_INDEX|Nifty 50,NSE_INDEX|Nifty 50,,,,,,,,,,
1.0,NSE_FO,NIFTY,NSE,1781029799000.0,CE,NIFTY,NIFTY,NSE_FO|42411,65.0,1755.0,42411,65.0,5.0,INDEX,INDEX,NIFTY 25400 CE 09 JUN 26,25400.0,1.0,,,NSE_INDEX|Nifty 50,NSE_INDEX|Nifty 50,,,,,,,,,,
1.0,NSE_FO,NIFTY,NSE,1781029799000.0,PE,NIFTY,NIFTY,NSE_FO|42410,65.0,1755.0,42410,65.0,5.0,INDEX,INDEX,NIFTY 25350 PE 09 JUN 26,25350.0,1.0,,,NSE_INDEX|Nifty 50,NSE_INDEX|Nifty 50,,,,,,,,,,
1.0,NSE_FO,NIFTY,NSE,1781029799000.0,PE,NIFTY,NIFTY,NSE_FO|42415,65.0,1755.0,42415,65.0,5.0,INDEX,INDEX,NIFTY 25400 PE 09 JUN 26,25400.0,1.0,,,NSE_INDEX|Nifty 50,NSE_INDEX|Nifty 50,,,,,,,,,,
1.0,NSE_FO,NIFTY,NSE,1781029799000.0,CE,NIFTY,NIFTY,NSE_FO|42416,65.0,1755.0,42416,65.0,5.0,INDEX,INDEX,NIFTY 25450 CE 09 JUN 26,25450.0,1.0,,,NSE_INDEX|Nifty 50,NSE_INDEX|Nifty 50,,,,,,,,,,
1.0,NSE_FO,NIFTY,NSE,1781029799000.0,PE,NIFTY,NIFTY,NSE_FO|42419,65.0,1755.0,42419,65.0,5.0,INDEX,INDEX,NIFTY 25450 PE 09 JUN 26,25450.0,1.0,,,NSE_INDEX|Nifty 50,NSE_INDEX|Nifty 50,,,,,,,,,,
1.0,NSE_FO,NIFTY,NSE,1781029799000.0,CE,NIFTY,NIFTY,NSE_FO|42400,65.0,1755.0,42400,65.0,5.0,INDEX,INDEX,NIFTY 25200 CE 09 JUN 26,25200.0,1.0,,,NSE_INDEX|Nifty 50,NSE_INDEX|Nifty 50,,,,,,,,,,
1.0,NSE_FO,NIFTY,NSE,1781029799000.0,CE,NIFTY,NIFTY,NSE_FO|42405,65.0,1755.0,42405,65.0,5.0,INDEX,INDEX,NIFTY 25250 CE 09 JUN 26,25250.0,1.0,,,NSE_INDEX|Nifty 50,NSE_INDEX|Nifty 50,,,,,,,,,,
1.0,NSE_FO,NIFTY,NSE,1781029799000.0,PE,NIFTY,NIFTY,NSE_FO|42402,65.0,1755.0,42402,65.0,5.0,INDEX,INDEX,NIFTY 25200 PE 09 JUN 26,25200.0,1.0,,,NSE_INDEX|Nifty 50,NSE_INDEX|Nifty 50,,,,,,,,,,
1.0,NSE_FO,NIFTY,NSE,1781029799000.0,PE,NIFTY,NIFTY,NSE_FO|42408,65.0,1755.0,42408,65.0,5.0,INDEX,INDEX,NIFTY 25300 PE 09 JUN 26,25300.0,1.0,,,NSE_INDEX|Nifty 50,NSE_INDEX|Nifty 50,,,,,,,,,,
1.0,NSE_FO,NIFTY,NSE,1781029799000.0,CE,NIFTY,NIFTY,NSE_FO|42409,65.0,1755.0,42409,65.0,5.0,INDEX,INDEX,NIFTY 25350 CE 09 JUN 26,25350.0,1.0,,,NSE_INDEX|Nifty 50,NSE_INDEX|Nifty 50,,,,,,,,,,
1.0,NSE_FO,NIFTY,NSE,1781029799000.0,PE,NIFTY,NIFTY,NSE_FO|42406,65.0,1755.0,42406,65.0,5.0,INDEX,INDEX,NIFTY 25250 PE 09 JUN 26,25250.0,1.0,,,NSE_INDEX|Nifty 50,NSE_INDEX|Nifty 50,,,,,,,,,,
1.0,NSE_FO,NIFTY,NSE,1781029799000.0,CE,NIFTY,NIFTY,NSE_FO|42407,65.0,1755.0,42407,65.0,5.0,INDEX,INDEX,NIFTY 25300 CE 09 JUN 26,25300.0,1.0,,,NSE_INDEX|Nifty 50,NSE_INDEX|Nifty 50,,,,,,,,,,
1.0,NSE_FO,NIFTY,NSE,1781029799000.0,PE,NIFTY,NIFTY,NSE_FO|42279,65.0,1755.0,42279,65.0,5.0,INDEX,INDEX,NIFTY 23150 PE 09 JUN 26,23150.0,1.0,,,NSE_INDEX|Nifty 50,NSE_INDEX|Nifty 50,,,,,,,,,,
1.0,NSE_FO,NIFTY,NSE,1781029799000.0,CE,NIFTY,NIFTY,NSE_FO|42278,65.0,1755.0,42278,65.0,5.0,INDEX,INDEX,NIFTY 23150 CE 09 JUN 26,23150.0,1.0,,,NSE_INDEX|Nifty 50,NSE_INDEX|Nifty 50,,,,,,,,,,
1.0,NSE_FO,NIFTY,NSE,1781029799000.0,CE,NIFTY,NIFTY,NSE_FO|42286,65.0,1755.0,42286,65.0,5.0,INDEX,INDEX,NIFTY 23250 CE 09 JUN 26,23250.0,1.0,,,NSE_INDEX|Nifty 50,NSE_INDEX|Nifty 50,,,,,,,,,,
1.0,NSE_FO,NIFTY,NSE,1781029799000.0,PE,NIFTY,NIFTY,NSE_FO|42287,65.0,1755.0,42287,65.0,5.0,INDEX,INDEX,NIFTY 23250 PE 09 JUN 26,23250.0,1.0,,,NSE_INDEX|Nifty 50,NSE_INDEX|Nifty 50,,,,,,,,,,
1.0,NSE_FO,NIFTY,NSE,1781029799000.0,CE,NIFTY,NIFTY,NSE_FO|42284,65.0,1755.0,42284,65.0,5.0,INDEX,INDEX,NIFTY 23200 CE 09 JUN 26,23200.0,1.0,,,NSE_INDEX|Nifty 50,NSE_INDEX|Nifty 50,,,,,,,,,,
1.0,NSE_FO,NIFTY,NSE,1781029799000.0,PE,NIFTY,NIFTY,NSE_FO|42285,65.0,1755.0,42285,65.0,5.0,INDEX,INDEX,NIFTY 23200 PE 09 JUN 26,23200.0,1.0,,,NSE_INDEX|Nifty 50,NSE_INDEX|Nifty 50,,,,,,,,,,
1.0,NSE_FO,NIFTY,NSE,1781029799000.0,CE,NIFTY,NIFTY,NSE_FO|42268,65.0,1755.0,42268,65.0,5.0,INDEX,INDEX,NIFTY 23000 CE 09 JUN 26,23000.0,1.0,,,NSE_INDEX|Nifty 50,NSE_INDEX|Nifty 50,,,,,,,,,,
1.0,NSE_FO,NIFTY,NSE,1781029799000.0,PE,NIFTY,NIFTY,NSE_FO|42269,65.0,1755.0,42269,65.0,5.0,INDEX,INDEX,NIFTY 23000 PE 09 JUN 26,23000.0,1.0,,,NSE_INDEX|Nifty 50,NSE_INDEX|Nifty 50,,,,,,,,,,
1.0,NSE_FO,NIFTY,NSE,1781029799000.0,CE,NIFTY,NIFTY,NSE_FO|42266,65.0,1755.0,42266,65.0,5.0,INDEX,INDEX,NIFTY 22950 CE 09 JUN 26,22950.0,1.0,,,NSE_INDEX|Nifty 50,NSE_INDEX|Nifty 50,,,,,,,,,,
1.0,NSE_FO,NIFTY,NSE,1781029799000.0,PE,NIFTY,NIFTY,NSE_FO|42267,65.0,1755.0,42267,65.0,5.0,INDEX,INDEX,NIFTY 22950 PE 09 JUN 26,22950.0,1.0,,,NSE_INDEX|Nifty 50,NSE_INDEX|Nifty 50,,,,,,,,,,
1.0,NSE_FO,NIFTY,NSE,1781029799000.0,PE,NIFTY,NIFTY,NSE_FO|42271,65.0,1755.0,42271,65.0,5.0,INDEX,INDEX,NIFTY 23050 PE 09 JUN 26,23050.0,1.0,,,NSE_INDEX|Nifty 50,NSE_INDEX|Nifty 50,,,,,,,,,,
1.0,NSE_FO,NIFTY,NSE,1781029799000.0,CE,NIFTY,NIFTY,NSE_FO|42272,65.0,1755.0,42272,65.0,5.0,INDEX,INDEX,NIFTY 23100 CE 09 JUN 26,23100.0,1.0,,,NSE_INDEX|Nifty 50,NSE_INDEX|Nifty 50,,,,,,,,,,
1.0,NSE_FO,NIFTY,NSE,1781029799000.0,CE,NIFTY,NIFTY,NSE_FO|42270,65.0,1755.0,42270,65.0,5.0,INDEX,INDEX,NIFTY 23050 CE 09 JUN 26,23050.0,1.0,,,NSE_INDEX|Nifty 50,NSE_INDEX|Nifty 50,,,,,,,,,,
1.0,NSE_FO,NIFTY,NSE,1781029799000.0,PE,NIFTY,NIFTY,NSE_FO|42273,65.0,1755.0,42273,65.0,5.0,INDEX,INDEX,NIFTY 23100 PE 09 JUN 26,23100.0,1.0,,,NSE_INDEX|Nifty 50,NSE_INDEX|Nifty 50,,,,,,,,,,
1.0,NSE_FO,NIFTY,NSE,1781029799000.0,PE,NIFTY,NIFTY,NSE_FO|42299,65.0,1755.0,42299,65.0,5.0,INDEX,INDEX,NIFTY 23450 PE 09 JUN 26,23450.0,1.0,,,NSE_INDEX|Nifty 50,NSE_INDEX|Nifty 50,,,,,,,,,,
1.0,NSE_FO,NIFTY,NSE,1781029799000.0,CE,NIFTY,NIFTY,NSE_FO|42288,65.0,1755.0,42288,65.0,5.0,INDEX,INDEX,NIFTY 23300 CE 09 JUN 26,23300.0,1.0,,,NSE_INDEX|Nifty 50,NSE_INDEX|Nifty 50,,,,,,,,,,
1.0,NSE_FO,NIFTY,NSE,1781029799000.0,PE,NIFTY,NIFTY,NSE_FO|42289,65.0,1755.0,42289,65.0,5.0,INDEX,INDEX,NIFTY 23300 PE 09 JUN 26,23300.0,1.0,,,NSE_INDEX|Nifty 50,NSE_INDEX|Nifty 50,,,,,,,,,,
1.0,NSE_FO,NIFTY,NSE,1781029799000.0,CE,NIFTY,NIFTY,NSE_FO|42290,65.0,1755.0,42290,65.0,5.0,INDEX,INDEX,NIFTY 23350 CE 09 JUN 26,23350.0,1.0,,,NSE_INDEX|Nifty 50,NSE_INDEX|Nifty 50,,,,,,,,,,
1.0,NSE_FO,NIFTY,NSE,1781029799000.0,PE,NIFTY,NIFTY,NSE_FO|42293,65.0,1755.0,42293,65.0,5.0,INDEX,INDEX,NIFTY 23350 PE 09 JUN 26,23350.0,1.0,,,NSE_INDEX|Nifty 50,NSE_INDEX|Nifty 50,,,,,,,,,,
1.0,NSE_FO,NIFTY,NSE,1781029799000.0,CE,NIFTY,NIFTY,NSE_FO|42297,65.0,1755.0,42297,65.0,5.0,INDEX,INDEX,NIFTY 23450 CE 09 JUN 26,23450.0,1.0,,,NSE_INDEX|Nifty 50,NSE_INDEX|Nifty 50,,,,,,,,,,
1.0,NSE_FO,NIFTY,NSE,1781029799000.0,CE,NIFTY,NIFTY,NSE_FO|42295,65.0,1755.0,42295,65.0,5.0,INDEX,INDEX,NIFTY 23400 CE 09 JUN 26,23400.0,1.0,,,NSE_INDEX|Nifty 50,NSE_INDEX|Nifty 50,,,,,,,,,,
1.0,NSE_FO,NIFTY,NSE,1781029799000.0,PE,NIFTY,NIFTY,NSE_FO|42296,65.0,1755.0,42296,65.0,5.0,INDEX,INDEX,NIFTY 23400 PE 09 JUN 26,23400.0,1.0,,,NSE_INDEX|Nifty 50,NSE_INDEX|Nifty 50,,,,,,,,,,
1.0,NSE_FO,NIFTY,NSE,1781029799000.0,PE,NIFTY,NIFTY,NSE_FO|42239,65.0,1755.0,42239,65.0,5.0,INDEX,INDEX,NIFTY 22300 PE 09 JUN 26,22300.0,1.0,,,NSE_INDEX|Nifty 50,NSE_INDEX|Nifty 50,,,,,,,,,,
1.0,NSE_FO,NIFTY,NSE,1781029799000.0,CE,NIFTY,NIFTY,NSE_FO|42238,65.0,1755.0,42238,65.0,5.0,INDEX,INDEX,NIFTY 22300 CE 09 JUN 26,22300.0,1.0,,,NSE_INDEX|Nifty 50,NSE_INDEX|Nifty 50,,,,,,,,,,
1.0,NSE_FO,NIFTY,NSE,1781029799000.0,CE,NIFTY,NIFTY,NSE_FO|42240,65.0,1755.0,42240,65.0,5.0,INDEX,INDEX,NIFTY 22350 CE 09 JUN 26,22350.0,1.0,,,NSE_INDEX|Nifty 50,NSE_INDEX|Nifty 50,,,,,,,,,,
1.0,NSE_FO,NIFTY,NSE,1781029799000.0,PE,NIFTY,NIFTY,NSE_FO|42241,65.0,1755.0,42241,65.0,5.0,INDEX,INDEX,NIFTY 22350 PE 09 JUN 26,22350.0,1.0,,,NSE_INDEX|Nifty 50,NSE_INDEX|Nifty 50,,,,,,,,,,
1.0,NSE_FO,NIFTY,NSE,1781029799000.0,CE,NIFTY,NIFTY,NSE_FO|42224,65.0,1755.0,42224,65.0,5.0,INDEX,INDEX,NIFTY 22150 CE 09 JUN 26,22150.0,1.0,,,NSE_INDEX|Nifty 50,NSE_INDEX|Nifty 50,,,,,,,,,,
1.0,NSE_FO,NIFTY,NSE,1781029799000.0,PE,NIFTY,NIFTY,NSE_FO|42225,65.0,1755.0,42225,65.0,5.0,INDEX,INDEX,NIFTY 22150 PE 09 JUN 26,22150.0,1.0,,,NSE_INDEX|Nifty 50,NSE_INDEX|Nifty 50,,,,,,,,,,
1.0,NSE_FO,NIFTY,NSE,1781029799000.0,CE,NIFTY,NIFTY,NSE_FO|42222,65.0,1755.0,42222,65.0,5.0,INDEX,INDEX,NIFTY 22100 CE 09 JUN 26,22100.0,1.0,,,NSE_INDEX|Nifty 50,NSE_INDEX|Nifty 50,,,,,,,,,,
1.0,NSE_FO,NIFTY,NSE,1781029799000.0,PE,NIFTY,NIFTY,NSE_FO|42223,65.0,1755.0,42223,65.0,5.0,INDEX,INDEX,NIFTY 22100 PE 09 JUN 26,22100.0,1.0,,,NSE_INDEX|Nifty 50,NSE_INDEX|Nifty 50,,,,,,,,,,
1.0,NSE_FO,NIFTY,NSE,1781029799000.0,CE,NIFTY,NIFTY,NSE_FO|42228,65.0,1755.0,42228,65.0,5.0,INDEX,INDEX,NIFTY 22250 CE 09 JUN 26,22250.0,1.0,,,NSE_INDEX|Nifty 50,NSE_INDEX|Nifty 50,,,,,,,,,,
1.0,NSE_FO,NIFTY,NSE,1781029799000.0,PE,NIFTY,NIFTY,NSE_FO|42229,65.0,1755.0,42229,65.0,5.0,INDEX,INDEX,NIFTY 22250 PE 09 JUN 26,22250.0,1.0,,,NSE_INDEX|Nifty 50,NSE_INDEX|Nifty 50,,,,,,,,,,
1.0,NSE_FO,NIFTY,NSE,1781029799000.0,CE,NIFTY,NIFTY,NSE_FO|42226,65.0,1755.0,42226,65.0,5.0,INDEX,INDEX,NIFTY 22200 CE 09 JUN 26,22200.0,1.0,,,NSE_INDEX|Nifty 50,NSE_INDEX|Nifty 50,,,,,,,,,,
1.0,NSE_FO,NIFTY,NSE,1781029799000.0,PE,NIFTY,NIFTY,NSE_FO|42227,65.0,1755.0,42227,65.0,5.0,INDEX,INDEX,NIFTY 22200 PE 09 JUN 26,22200.0,1.0,,,NSE_INDEX|Nifty 50,NSE_INDEX|Nifty 50,,,,,,,,,,
1.0,NSE_FO,NIFTY,NSE,1781029799000.0,PE,NIFTY,NIFTY,NSE_FO|42257,65.0,1755.0,42257,65.0,5.0,INDEX,INDEX,NIFTY 22700 PE 09 JUN 26,22700.0,1.0,,,NSE_INDEX|Nifty 50,NSE_INDEX|Nifty 50,,,,,,,,,,
1.0,NSE_FO,NIFTY,NSE,1781029799000.0,CE,NIFTY,NIFTY,NSE_FO|42258,65.0,1755.0,42258,65.0,5.0,INDEX,INDEX,NIFTY 22750 CE 09 JUN 26,22750.0,1.0,,,NSE_INDEX|Nifty 50,NSE_INDEX|Nifty 50,,,,,,,,,,
1.0,NSE_FO,NIFTY,NSE,1781029799000.0,PE,NIFTY,NIFTY,NSE_FO|42255,65.0,1755.0,42255,65.0,5.0,INDEX,INDEX,NIFTY 22650 PE 09 JUN 26,22650.0,1.0,,,NSE_INDEX|Nifty 50,NSE_INDEX|Nifty 50,,,,,,,,,,
1.0,NSE_FO,NIFTY,NSE,1781029799000.0,CE,NIFTY,NIFTY,NSE_FO|42256,65.0,1755.0,42256,65.0,5.0,INDEX,INDEX,NIFTY 22700 CE 09 JUN 26,22700.0,1.0,,,NSE_INDEX|Nifty 50,NSE_INDEX|Nifty 50,,,,,,,,,,
1.0,NSE_FO,NIFTY,NSE,1781029799000.0,PE,NIFTY,NIFTY,NSE_FO|42259,65.0,1755.0,42259,65.0,5.0,INDEX,INDEX,NIFTY 22750 PE 09 JUN 26,22750.0,1.0,,,NSE_INDEX|Nifty 50,NSE_INDEX|Nifty 50,,,,,,,,,,
1.0,NSE_FO,NIFTY,NSE,1781029799000.0,CE,NIFTY,NIFTY,NSE_FO|42260,65.0,1755.0,42260,65.0,5.0,INDEX,INDEX,NIFTY 22800 CE 09 JUN 26,22800.0,1.0,,,NSE_INDEX|Nifty 50,NSE_INDEX|Nifty 50,,,,,,,,,,
1.0,NSE_FO,NIFTY,NSE,1781029799000.0,PE,NIFTY,NIFTY,NSE_FO|42261,65.0,1755.0,42261,65.0,5.0,INDEX,INDEX,NIFTY 22800 PE 09 JUN 26,22800.0,1.0,,,NSE_INDEX|Nifty 50,NSE_INDEX|Nifty 50,,,,,,,,,,
1.0,NSE_FO,NIFTY,NSE,1781029799000.0,CE,NIFTY,NIFTY,NSE_FO|42264,65.0,1755.0,42264,65.0,5.0,INDEX,INDEX,NIFTY 22900 CE 09 JUN 26,22900.0,1.0,,,NSE_INDEX|Nifty 50,NSE_INDEX|Nifty 50,,,,,,,,,,
1.0,NSE_FO,NIFTY,NSE,1781029799000.0,PE,NIFTY,NIFTY,NSE_FO|42265,65.0,1755.0,42265,65.0,5.0,INDEX,INDEX,NIFTY 22900 PE 09 JUN 26,22900.0,1.0,,,NSE_INDEX|Nifty 50,NSE_INDEX|Nifty 50,,,,,,,,,,
1.0,NSE_FO,NIFTY,NSE,1781029799000.0,CE,NIFTY,NIFTY,NSE_FO|42262,65.0,1755.0,42262,65.0,5.0,INDEX,INDEX,NIFTY 22850 CE 09 JUN 26,22850.0,1.0,,,NSE_INDEX|Nifty 50,NSE_INDEX|Nifty 50,,,,,,,,,,
1.0,NSE_FO,NIFTY,NSE,1781029799000.0,PE,NIFTY,NIFTY,NSE_FO|42263,65.0,1755.0,42263,65.0,5.0,INDEX,INDEX,NIFTY 22850 PE 09 JUN 26,22850.0,1.0,,,NSE_INDEX|Nifty 50,NSE_INDEX|Nifty 50,,,,,,,,,,
1.0,NSE_FO,NIFTY,NSE,1781029799000.0,CE,NIFTY,NIFTY,NSE_FO|42246,65.0,1755.0,42246,65.0,5.0,INDEX,INDEX,NIFTY 22450 CE 09 JUN 26,22450.0,1.0,,,NSE_INDEX|Nifty 50,NSE_INDEX|Nifty 50,,,,,,,,,,
1.0,NSE_FO,NIFTY,NSE,1781029799000.0,PE,NIFTY,NIFTY,NSE_FO|42247,65.0,1755.0,42247,65.0,5.0,INDEX,INDEX,NIFTY 22450 PE 09 JUN 26,22450.0,1.0,,,NSE_INDEX|Nifty 50,NSE_INDEX|Nifty 50,,,,,,,,,,
1.0,NSE_FO,NIFTY,NSE,1781029799000.0,CE,NIFTY,NIFTY,NSE_FO|42244,65.0,1755.0,42244,65.0,5.0,INDEX,INDEX,NIFTY 22400 CE 09 JUN 26,22400.0,1.0,,,NSE_INDEX|Nifty 50,NSE_INDEX|Nifty 50,,,,,,,,,,
1.0,NSE_FO,NIFTY,NSE,1781029799000.0,PE,NIFTY,NIFTY,NSE_FO|42245,65.0,1755.0,42245,65.0,5.0,INDEX,INDEX,NIFTY 22400 PE 09 JUN 26,22400.0,1.0,,,NSE_INDEX|Nifty 50,NSE_INDEX|Nifty 50,,,,,,,,,,
1.0,NSE_FO,NIFTY,NSE,1781029799000.0,CE,NIFTY,NIFTY,NSE_FO|42248,65.0,1755.0,42248,65.0,5.0,INDEX,INDEX,NIFTY 22500 CE 09 JUN 26,22500.0,1.0,,,NSE_INDEX|Nifty 50,NSE_INDEX|Nifty 50,,,,,,,,,,
1.0,NSE_FO,NIFTY,NSE,1781029799000.0,PE,NIFTY,NIFTY,NSE_FO|42249,65.0,1755.0,42249,65.0,5.0,INDEX,INDEX,NIFTY 22500 PE 09 JUN 26,22500.0,1.0,,,NSE_INDEX|Nifty 50,NSE_INDEX|Nifty 50,,,,,,,,,,
1.0,NSE_FO,NIFTY,NSE,1781029799000.0,CE,NIFTY,NIFTY,NSE_FO|42250,65.0,1755.0,42250,65.0,5.0,INDEX,INDEX,NIFTY 22550 CE 09 JUN 26,22550.0,1.0,,,NSE_INDEX|Nifty 50,NSE_INDEX|Nifty 50,,,,,,,,,,
1.0,NSE_FO,NIFTY,NSE,1781029799000.0,PE,NIFTY,NIFTY,NSE_FO|42253,65.0,1755.0,42253,65.0,5.0,INDEX,INDEX,NIFTY 22600 PE 09 JUN 26,22600.0,1.0,,,NSE_INDEX|Nifty 50,NSE_INDEX|Nifty 50,,,,,,,,,,
1.0,NSE_FO,NIFTY,NSE,1781029799000.0,CE,NIFTY,NIFTY,NSE_FO|42254,65.0,1755.0,42254,65.0,5.0,INDEX,INDEX,NIFTY 22650 CE 09 JUN 26,22650.0,1.0,,,NSE_INDEX|Nifty 50,NSE_INDEX|Nifty 50,,,,,,,,,,
1.0,NSE_FO,NIFTY,NSE,1781029799000.0,PE,NIFTY,NIFTY,NSE_FO|42251,65.0,1755.0,42251,65.0,5.0,INDEX,INDEX,NIFTY 22550 PE 09 JUN 26,22550.0,1.0,,,NSE_INDEX|Nifty 50,NSE_INDEX|Nifty 50,,,,,,,,,,
1.0,NSE_FO,NIFTY,NSE,1781029799000.0,CE,NIFTY,NIFTY,NSE_FO|42252,65.0,1755.0,42252,65.0,5.0,INDEX,INDEX,NIFTY 22600 CE 09 JUN 26,22600.0,1.0,,,NSE_INDEX|Nifty 50,NSE_INDEX|Nifty 50,,,,,,,,,,
1.0,NSE_FO,NIFTY,NSE,1781029799000.0,CE,NIFTY,NIFTY,NSE_FO|42316,65.0,1755.0,42316,65.0,5.0,INDEX,INDEX,NIFTY 23750 CE 09 JUN 26,23750.0,1.0,,,NSE_INDEX|Nifty 50,NSE_INDEX|Nifty 50,,,,,,,,,,
1.0,NSE_FO,NIFTY,NSE,1781029799000.0,PE,NIFTY,NIFTY,NSE_FO|42317,65.0,1755.0,42317,65.0,5.0,INDEX,INDEX,NIFTY 23750 PE 09 JUN 26,23750.0,1.0,,,NSE_INDEX|Nifty 50,NSE_INDEX|Nifty 50,,,,,,,,,,
1.0,NSE_FO,NIFTY,NSE,1781029799000.0,PE,NIFTY,NIFTY,NSE_FO|42315,65.0,1755.0,42315,65.0,5.0,INDEX,INDEX,NIFTY 23700 PE 09 JUN 26,23700.0,1.0,,,NSE_INDEX|Nifty 50,NSE_INDEX|Nifty 50,,,,,,,,,,
1.0,NSE_FO,NIFTY,NSE,1781029799000.0,CE,NIFTY,NIFTY,NSE_FO|42318,65.0,1755.0,42318,65.0,5.0,INDEX,INDEX,NIFTY 23800 CE 09 JUN 26,23800.0,1.0,,,NSE_INDEX|Nifty 50,NSE_INDEX|Nifty 50,,,,,,,,,,
1.0,NSE_FO,NIFTY,NSE,1781029799000.0,PE,NIFTY,NIFTY,NSE_FO|42319,65.0,1755.0,42319,65.0,5.0,INDEX,INDEX,NIFTY 23800 PE 09 JUN 26,23800.0,1.0,,,NSE_INDEX|Nifty 50,NSE_INDEX|Nifty 50,,,,,,,,,,
1.0,NSE_FO,NIFTY,NSE,1780424999000.0,CE,NIFTY,NIFTY,NSE_FO|56960,65.0,1755.0,56960,65.0,5.0,INDEX,INDEX,NIFTY 22250 CE 02 JUN 26,22250.0,1.0,,,NSE_INDEX|Nifty 50,NSE_INDEX|Nifty 50,,,,,,,,,,
1.0,NSE_FO,NIFTY,NSE,1780424999000.0,PE,NIFTY,NIFTY,NSE_FO|56953,65.0,1755.0,56953,65.0,5.0,INDEX,INDEX,NIFTY 22050 PE 02 JUN 26,22050.0,1.0,,,NSE_INDEX|Nifty 50,NSE_INDEX|Nifty 50,,,,,,,,,,
1.0,NSE_FO,NIFTY,NSE,1780424999000.0,CE,NIFTY,NIFTY,NSE_FO|56954,65.0,1755.0,56954,65.0,5.0,INDEX,INDEX,NIFTY 22100 CE 02 JUN 26,22100.0,1.0,,,NSE_INDEX|Nifty 50,NSE_INDEX|Nifty 50,,,,,,,,,,
1.0,NSE_FO,NIFTY,NSE,1780424999000.0,PE,NIFTY,NIFTY,NSE_FO|56951,65.0,1755.0,56951,65.0,5.0,INDEX,INDEX,NIFTY 22000 PE 02 JUN 26,22000.0,1.0,,,NSE_INDEX|Nifty 50,NSE_INDEX|Nifty 50,,,,,,,,,,
1.0,NSE_FO,NIFTY,NSE,1780424999000.0,CE,NIFTY,NIFTY,NSE_FO|56952,65.0,1755.0,56952,65.0,5.0,INDEX,INDEX,NIFTY 22050 CE 02 JUN 26,22050.0,1.0,,,NSE_INDEX|Nifty 50,NSE_INDEX|Nifty 50,,,,,,,,,,
1.0,NSE_FO,NIFTY,NSE,1780424999000.0,PE,NIFTY,NIFTY,NSE_FO|56957,65.0,1755.0,56957,65.0,5.0,INDEX,INDEX,NIFTY 22150 PE 02 JUN 26,22150.0,1.0,,,NSE_INDEX|Nifty 50,NSE_INDEX|Nifty 50,,,,,,,,,,
1.0,NSE_FO,NIFTY,NSE,1780424999000.0,CE,NIFTY,NIFTY,NSE_FO|56958,65.0,1755.0,56958,65.0,5.0,INDEX,INDEX,NIFTY 22200 CE 02 JUN 26,22200.0,1.0,,,NSE_INDEX|Nifty 50,NSE_INDEX|Nifty 50,,,,,,,,,,
1.0,NSE_FO,NIFTY,NSE,1780424999000.0,PE,NIFTY,NIFTY,NSE_FO|56955,65.0,1755.0,56955,65.0,5.0,INDEX,INDEX,NIFTY 22100 PE 02 JUN 26,22100.0,1.0,,,NSE_INDEX|Nifty 50,NSE_INDEX|Nifty 50,,,,,,,,,,
1.0,NSE_FO,NIFTY,NSE,1780424999000.0,CE,NIFTY,NIFTY,NSE_FO|56956,65.0,1755.0,56956,65.0,5.0,INDEX,INDEX,NIFTY 22150 CE 02 JUN 26,22150.0,1.0,,,NSE_INDEX|Nifty 50,NSE_INDEX|Nifty 50,,,,,,,,,,
1.0,NSE_FO,NIFTY,NSE,1780424999000.0,PE,NIFTY,NIFTY,NSE_FO|56959,65.0,1755.0,56959,65.0,5.0,INDEX,INDEX,NIFTY 22200 PE 02 JUN 26,22200.0,1.0,,,NSE_INDEX|Nifty 50,NSE_INDEX|Nifty 50,,,,,,,,,,
1.0,NSE_FO,NIFTY,NSE,1781029799000.0,PE,NIFTY,NIFTY,NSE_FO|42301,65.0,1755.0,42301,65.0,5.0,INDEX,INDEX,NIFTY 23500 PE 09 JUN 26,23500.0,1.0,,,NSE_INDEX|Nifty 50,NSE_INDEX|Nifty 50,,,,,,,,,,
1.0,NSE_FO,NIFTY,NSE,1781029799000.0,CE,NIFTY,NIFTY,NSE_FO|42302,65.0,1755.0,42302,65.0,5.0,INDEX,INDEX,NIFTY 23550 CE 09 JUN 26,23550.0,1.0,,,NSE_INDEX|Nifty 50,NSE_INDEX|Nifty 50,,,,,,,,,,
1.0,NSE_FO,NIFTY,NSE,1781029799000.0,CE,NIFTY,NIFTY,NSE_FO|42300,65.0,1755.0,42300,65.0,5.0,INDEX,INDEX,NIFTY 23500 CE 09 JUN 26,23500.0,1.0,,,NSE_INDEX|Nifty 50,NSE_INDEX|Nifty 50,,,,,,,,,,
1.0,NSE_FO,NIFTY,NSE,1781029799000.0,PE,NIFTY,NIFTY,NSE_FO|42305,65.0,1755.0,42305,65.0,5.0,INDEX,INDEX,NIFTY 23600 PE 09 JUN 26,23600.0,1.0,,,NSE_INDEX|Nifty 50,NSE_INDEX|Nifty 50,,,,,,,,,,
1.0,NSE_FO,NIFTY,NSE,1781029799000.0,CE,NIFTY,NIFTY,NSE_FO|42306,65.0,1755.0,42306,65.0,5.0,INDEX,INDEX,NIFTY 23650 CE 09 JUN 26,23650.0,1.0,,,NSE_INDEX|Nifty 50,NSE_INDEX|Nifty 50,,,,,,,,,,
1.0,NSE_FO,NIFTY,NSE,1781029799000.0,PE,NIFTY,NIFTY,NSE_FO|42303,65.0,1755.0,42303,65.0,5.0,INDEX,INDEX,NIFTY 23550 PE 09 JUN 26,23550.0,1.0,,,NSE_INDEX|Nifty 50,NSE_INDEX|Nifty 50,,,,,,,,,,
1.0,NSE_FO,NIFTY,NSE,1781029799000.0,CE,NIFTY,NIFTY,NSE_FO|42304,65.0,1755.0,42304,65.0,5.0,INDEX,INDEX,NIFTY 23600 CE 09 JUN 26,23600.0,1.0,,,NSE_INDEX|Nifty 50,NSE_INDEX|Nifty 50,,,,,,,,,,
1.0,NSE_FO,NIFTY,NSE,1781029799000.0,PE,NIFTY,NIFTY,NSE_FO|42307,65.0,1755.0,42307,65.0,5.0,INDEX,INDEX,NIFTY 23650 PE 09 JUN 26,23650.0,1.0,,,NSE_INDEX|Nifty 50,NSE_INDEX|Nifty 50,,,,,,,,,,
1.0,NSE_FO,NIFTY,NSE,1781029799000.0,CE,NIFTY,NIFTY,NSE_FO|42308,65.0,1755.0,42308,65.0,5.0,INDEX,INDEX,NIFTY 23700 CE 09 JUN 26,23700.0,1.0,,,NSE_INDEX|Nifty 50,NSE_INDEX|Nifty 50,,,,,,,,,,
1.0,NSE_FO,NIFTY,NSE,1780424999000.0,CE,NIFTY,NIFTY,NSE_FO|56950,65.0,1755.0,56950,65.0,5.0,INDEX,INDEX,NIFTY 22000 CE 02 JUN 26,22000.0,1.0,,,NSE_INDEX|Nifty 50,NSE_INDEX|Nifty 50,,,,,,,,,,
1.0,NSE_FO,NIFTY,NSE,1780424999000.0,CE,NIFTY,NIFTY,NSE_FO|56942,65.0,1755.0,56942,65.0,5.0,INDEX,INDEX,NIFTY 21800 CE 02 JUN 26,21800.0,1.0,,,NSE_INDEX|Nifty 50,NSE_INDEX|Nifty 50,,,,,,,,,,
1.0,NSE_FO,NIFTY,NSE,1780424999000.0,PE,NIFTY,NIFTY,NSE_FO|56943,65.0,1755.0,56943,65.0,5.0,INDEX,INDEX,NIFTY 21800 PE 02 JUN 26,21800.0,1.0,,,NSE_INDEX|Nifty 50,NSE_INDEX|Nifty 50,,,,,,,,,,
1.0,NSE_FO,NIFTY,NSE,1780424999000.0,CE,NIFTY,NIFTY,NSE_FO|56940,65.0,1755.0,56940,65.0,5.0,INDEX,INDEX,NIFTY 21750 CE 02 JUN 26,21750.0,1.0,,,NSE_INDEX|Nifty 50,NSE_INDEX|Nifty 50,,,,,,,,,,
1.0,NSE_FO,NIFTY,NSE,1780424999000.0,PE,NIFTY,NIFTY,NSE_FO|56941,65.0,1755.0,56941,65.0,5.0,INDEX,INDEX,NIFTY 21750 PE 02 JUN 26,21750.0,1.0,,,NSE_INDEX|Nifty 50,NSE_INDEX|Nifty 50,,,,,,,,,,
1.0,NSE_FO,NIFTY,NSE,1780424999000.0,CE,NIFTY,NIFTY,NSE_FO|56946,65.0,1755.0,56946,65.0,5.0,INDEX,INDEX,NIFTY 21900 CE 02 JUN 26,21900.0,1.0,,,NSE_INDEX|Nifty 50,NSE_INDEX|Nifty 50,,,,,,,,,,
1.0,NSE_FO,NIFTY,NSE,1780424999000.0,PE,NIFTY,NIFTY,NSE_FO|56947,65.0,1755.0,56947,65.0,5.0,INDEX,INDEX,NIFTY 21900 PE 02 JUN 26,21900.0,1.0,,,NSE_INDEX|Nifty 50,NSE_INDEX|Nifty 50,,,,,,,,,,
1.0,NSE_FO,NIFTY,NSE,1780424999000.0,CE,NIFTY,NIFTY,NSE_FO|56944,65.0,1755.0,56944,65.0,5.0,INDEX,INDEX,NIFTY 21850 CE 02 JUN 26,21850.0,1.0,,,NSE_INDEX|Nifty 50,NSE_INDEX|Nifty 50,,,,,,,,,,
1.0,NSE_FO,NIFTY,NSE,1780424999000.0,PE,NIFTY,NIFTY,NSE_FO|56945,65.0,1755.0,56945,65.0,5.0,INDEX,INDEX,NIFTY 21850 PE 02 JUN 26,21850.0,1.0,,,NSE_INDEX|Nifty 50,NSE_INDEX|Nifty 50,,,,,,,,,,
1.0,NSE_FO,NIFTY,NSE,1780424999000.0,CE,NIFTY,NIFTY,NSE_FO|56948,65.0,1755.0,56948,65.0,5.0,INDEX,INDEX,NIFTY 21950 CE 02 JUN 26,21950.0,1.0,,,NSE_INDEX|Nifty 50,NSE_INDEX|Nifty 50,,,,,,,,,,
1.0,NSE_FO,NIFTY,NSE,1780424999000.0,PE,NIFTY,NIFTY,NSE_FO|56949,65.0,1755.0,56949,65.0,5.0,INDEX,INDEX,NIFTY 21950 PE 02 JUN 26,21950.0,1.0,,,NSE_INDEX|Nifty 50,NSE_INDEX|Nifty 50,,,,,,,,,,
1.0,NSE_FO,NIFTY,NSE,1781029799000.0,CE,NIFTY,NIFTY,NSE_FO|42334,65.0,1755.0,42334,65.0,5.0,INDEX,INDEX,NIFTY 24100 CE 09 JUN 26,24100.0,1.0,,,NSE_INDEX|Nifty 50,NSE_INDEX|Nifty 50,,,,,,,,,,
1.0,NSE_FO,NIFTY,NSE,1781029799000.0,PE,NIFTY,NIFTY,NSE_FO|42335,65.0,1755.0,42335,65.0,5.0,INDEX,INDEX,NIFTY 24100 PE 09 JUN 26,24100.0,1.0,,,NSE_INDEX|Nifty 50,NSE_INDEX|Nifty 50,,,,,,,,,,
1.0,NSE_FO,NIFTY,NSE,1781029799000.0,CE,NIFTY,NIFTY,NSE_FO|42332,65.0,1755.0,42332,65.0,5.0,INDEX,INDEX,NIFTY 24050 CE 09 JUN 26,24050.0,1.0,,,NSE_INDEX|Nifty 50,NSE_INDEX|Nifty 50,,,,,,,,,,
1.0,NSE_FO,NIFTY,NSE,1781029799000.0,PE,NIFTY,NIFTY,NSE_FO|42333,65.0,1755.0,42333,65.0,5.0,INDEX,INDEX,NIFTY 24050 PE 09 JUN 26,24050.0,1.0,,,NSE_INDEX|Nifty 50,NSE_INDEX|Nifty 50,,,,,,,,,,
1.0,NSE_FO,NIFTY,NSE,1781029799000.0,CE,NIFTY,NIFTY,NSE_FO|42338,65.0,1755.0,42338,65.0,5.0,INDEX,INDEX,NIFTY 24200 CE 09 JUN 26,24200.0,1.0,,,NSE_INDEX|Nifty 50,NSE_INDEX|Nifty 50,,,,,,,,,,
1.0,NSE_FO,NIFTY,NSE,1781029799000.0,CE,NIFTY,NIFTY,NSE_FO|42336,65.0,1755.0,42336,65.0,5.0,INDEX,INDEX,NIFTY 24150 CE 09 JUN 26,24150.0,1.0,,,NSE_INDEX|Nifty 50,NSE_INDEX|Nifty 50,,,,,,,,,,
1.0,NSE_FO,NIFTY,NSE,1781029799000.0,PE,NIFTY,NIFTY,NSE_FO|42337,65.0,1755.0,42337,65.0,5.0,INDEX,INDEX,NIFTY 24150 PE 09 JUN 26,24150.0,1.0,,,NSE_INDEX|Nifty 50,NSE_INDEX|Nifty 50,,,,,,,,,,
1.0,NSE_FO,NIFTY,NSE,1780424999000.0,CE,NIFTY,NIFTY,NSE_FO|56980,65.0,1755.0,56980,65.0,5.0,INDEX,INDEX,NIFTY 22550 CE 02 JUN 26,22550.0,1.0,,,NSE_INDEX|Nifty 50,NSE_INDEX|Nifty 50,,,,,,,,,,
1.0,NSE_FO,NIFTY,NSE,1780424999000.0,PE,NIFTY,NIFTY,NSE_FO|56981,65.0,1755.0,56981,65.0,5.0,INDEX,INDEX,NIFTY 22550 PE 02 JUN 26,22550.0,1.0,,,NSE_INDEX|Nifty 50,NSE_INDEX|Nifty 50,,,,,,,,,,
1.0,NSE_FO,NIFTY,NSE,1780424999000.0,PE,NIFTY,NIFTY,NSE_FO|56979,65.0,1755.0,56979,65.0,5.0,INDEX,INDEX,NIFTY 22500 PE 02 JUN 26,22500.0,1.0,,,NSE_INDEX|Nifty 50,NSE_INDEX|Nifty 50,,,,,,,,,,
1.0,NSE_FO,NIFTY,NSE,1780424999000.0,CE,NIFTY,NIFTY,NSE_FO|56978,65.0,1755.0,56978,65.0,5.0,INDEX,INDEX,NIFTY 22500 CE 02 JUN 26,22500.0,1.0,,,NSE_INDEX|Nifty 50,NSE_INDEX|Nifty 50,,,,,,,,,,
1.0,NSE_FO,NIFTY,NSE,1781029799000.0,PE,NIFTY,NIFTY,NSE_FO|42341,65.0,1755.0,42341,65.0,5.0,INDEX,INDEX,NIFTY 24200 PE 09 JUN 26,24200.0,1.0,,,NSE_INDEX|Nifty 50,NSE_INDEX|Nifty 50,,,,,,,,,,
1.0,NSE_FO,NIFTY,NSE,1781029799000.0,CE,NIFTY,NIFTY,NSE_FO|42342,65.0,1755.0,42342,65.0,5.0,INDEX,INDEX,NIFTY 24250 CE 09 JUN 26,24250.0,1.0,,,NSE_INDEX|Nifty 50,NSE_INDEX|Nifty 50,,,,,,,,,,
1.0,NSE_FO,NIFTY,NSE,1781029799000.0,CE,NIFTY,NIFTY,NSE_FO|42324,65.0,1755.0,42324,65.0,5.0,INDEX,INDEX,NIFTY 23850 CE 09 JUN 26,23850.0,1.0,,,NSE_INDEX|Nifty 50,NSE_INDEX|Nifty 50,,,,,,,,,,
1.0,NSE_FO,NIFTY,NSE,1781029799000.0,PE,NIFTY,NIFTY,NSE_FO|42327,65.0,1755.0,42327,65.0,5.0,INDEX,INDEX,NIFTY 23900 PE 09 JUN 26,23900.0,1.0,,,NSE_INDEX|Nifty 50,NSE_INDEX|Nifty 50,,,,,,,,,,
1.0,NSE_FO,NIFTY,NSE,1781029799000.0,CE,NIFTY,NIFTY,NSE_FO|42328,65.0,1755.0,42328,65.0,5.0,INDEX,INDEX,NIFTY 23950 CE 09 JUN 26,23950.0,1.0,,,NSE_INDEX|Nifty 50,NSE_INDEX|Nifty 50,,,,,,,,,,
1.0,NSE_FO,NIFTY,NSE,1781029799000.0,PE,NIFTY,NIFTY,NSE_FO|42325,65.0,1755.0,42325,65.0,5.0,INDEX,INDEX,NIFTY 23850 PE 09 JUN 26,23850.0,1.0,,,NSE_INDEX|Nifty 50,NSE_INDEX|Nifty 50,,,,,,,,,,
1.0,NSE_FO,NIFTY,NSE,1781029799000.0,CE,NIFTY,NIFTY,NSE_FO|42326,65.0,1755.0,42326,65.0,5.0,INDEX,INDEX,NIFTY 23900 CE 09 JUN 26,23900.0,1.0,,,NSE_INDEX|Nifty 50,NSE_INDEX|Nifty 50,,,,,,,,,,
1.0,NSE_FO,NIFTY,NSE,1781029799000.0,PE,NIFTY,NIFTY,NSE_FO|42329,65.0,1755.0,42329,65.0,5.0,INDEX,INDEX,NIFTY 23950 PE 09 JUN 26,23950.0,1.0,,,NSE_INDEX|Nifty 50,NSE_INDEX|Nifty 50,,,,,,,,,,
1.0,NSE_FO,NIFTY,NSE,1780424999000.0,PE,NIFTY,NIFTY,NSE_FO|56971,65.0,1755.0,56971,65.0,5.0,INDEX,INDEX,NIFTY 22450 PE 02 JUN 26,22450.0,1.0,,,NSE_INDEX|Nifty 50,NSE_INDEX|Nifty 50,,,,,,,,,,
1.0,NSE_FO,NIFTY,NSE,1780424999000.0,CE,NIFTY,NIFTY,NSE_FO|56970,65.0,1755.0,56970,65.0,5.0,INDEX,INDEX,NIFTY 22450 CE 02 JUN 26,22450.0,1.0,,,NSE_INDEX|Nifty 50,NSE_INDEX|Nifty 50,,,,,,,,,,
1.0,NSE_FO,NIFTY,NSE,1780424999000.0,PE,NIFTY,NIFTY,NSE_FO|56964,65.0,1755.0,56964,65.0,5.0,INDEX,INDEX,NIFTY 22300 PE 02 JUN 26,22300.0,1.0,,,NSE_INDEX|Nifty 50,NSE_INDEX|Nifty 50,,,,,,,,,,
1.0,NSE_FO,NIFTY,NSE,1780424999000.0,PE,NIFTY,NIFTY,NSE_FO|56962,65.0,1755.0,56962,65.0,5.0,INDEX,INDEX,NIFTY 22250 PE 02 JUN 26,22250.0,1.0,,,NSE_INDEX|Nifty 50,NSE_INDEX|Nifty 50,,,,,,,,,,
1.0,NSE_FO,NIFTY,NSE,1780424999000.0,CE,NIFTY,NIFTY,NSE_FO|56963,65.0,1755.0,56963,65.0,5.0,INDEX,INDEX,NIFTY 22300 CE 02 JUN 26,22300.0,1.0,,,NSE_INDEX|Nifty 50,NSE_INDEX|Nifty 50,,,,,,,,,,
1.0,NSE_FO,NIFTY,NSE,1780424999000.0,CE,NIFTY,NIFTY,NSE_FO|56968,65.0,1755.0,56968,65.0,5.0,INDEX,INDEX,NIFTY 22400 CE 02 JUN 26,22400.0,1.0,,,NSE_INDEX|Nifty 50,NSE_INDEX|Nifty 50,,,,,,,,,,
1.0,NSE_FO,NIFTY,NSE,1780424999000.0,PE,NIFTY,NIFTY,NSE_FO|56969,65.0,1755.0,56969,65.0,5.0,INDEX,INDEX,NIFTY 22400 PE 02 JUN 26,22400.0,1.0,,,NSE_INDEX|Nifty 50,NSE_INDEX|Nifty 50,,,,,,,,,,
1.0,NSE_FO,NIFTY,NSE,1780424999000.0,CE,NIFTY,NIFTY,NSE_FO|56966,65.0,1755.0,56966,65.0,5.0,INDEX,INDEX,NIFTY 22350 CE 02 JUN 26,22350.0,1.0,,,NSE_INDEX|Nifty 50,NSE_INDEX|Nifty 50,,,,,,,,,,
1.0,NSE_FO,NIFTY,NSE,1780424999000.0,PE,NIFTY,NIFTY,NSE_FO|56967,65.0,1755.0,56967,65.0,5.0,INDEX,INDEX,NIFTY 22350 PE 02 JUN 26,22350.0,1.0,,,NSE_INDEX|Nifty 50,NSE_INDEX|Nifty 50,,,,,,,,,,
1.0,NSE_FO,NIFTY,NSE,1781029799000.0,CE,NIFTY,NIFTY,NSE_FO|42330,65.0,1755.0,42330,65.0,5.0,INDEX,INDEX,NIFTY 24000 CE 09 JUN 26,24000.0,1.0,,,NSE_INDEX|Nifty 50,NSE_INDEX|Nifty 50,,,,,,,,,,
1.0,NSE_FO,NIFTY,NSE,1781029799000.0,PE,NIFTY,NIFTY,NSE_FO|42331,65.0,1755.0,42331,65.0,5.0,INDEX,INDEX,NIFTY 24000 PE 09 JUN 26,24000.0,1.0,,,NSE_INDEX|Nifty 50,NSE_INDEX|Nifty 50,,,,,,,,,,
1.0,NSE_FO,NIFTY,NSE,1780424999000.0,CE,NIFTY,NIFTY,NSE_FO|56914,65.0,1755.0,56914,65.0,5.0,INDEX,INDEX,NIFTY 21100 CE 02 JUN 26,21100.0,1.0,,,NSE_INDEX|Nifty 50,NSE_INDEX|Nifty 50,,,,,,,,,,
1.0,NSE_FO,NIFTY,NSE,1780424999000.0,PE,NIFTY,NIFTY,NSE_FO|56917,65.0,1755.0,56917,65.0,5.0,INDEX,INDEX,NIFTY 21150 PE 02 JUN 26,21150.0,1.0,,,NSE_INDEX|Nifty 50,NSE_INDEX|Nifty 50,,,,,,,,,,
1.0,NSE_FO,NIFTY,NSE,1780424999000.0,CE,NIFTY,NIFTY,NSE_FO|56918,65.0,1755.0,56918,65.0,5.0,INDEX,INDEX,NIFTY 21200 CE 02 JUN 26,21200.0,1.0,,,NSE_INDEX|Nifty 50,NSE_INDEX|Nifty 50,,,,,,,,,,
1.0,NSE_FO,NIFTY,NSE,1780424999000.0,PE,NIFTY,NIFTY,NSE_FO|56915,65.0,1755.0,56915,65.0,5.0,INDEX,INDEX,NIFTY 21100 PE 02 JUN 26,21100.0,1.0,,,NSE_INDEX|Nifty 50,NSE_INDEX|Nifty 50,,,,,,,,,,
1.0,NSE_FO,NIFTY,NSE,1780424999000.0,CE,NIFTY,NIFTY,NSE_FO|56916,65.0,1755.0,56916,65.0,5.0,INDEX,INDEX,NIFTY 21150 CE 02 JUN 26,21150.0,1.0,,,NSE_INDEX|Nifty 50,NSE_INDEX|Nifty 50,,,,,,,,,,
1.0,NSE_FO,NIFTY,NSE,1780424999000.0,PE,NIFTY,NIFTY,NSE_FO|56919,65.0,1755.0,56919,65.0,5.0,INDEX,INDEX,NIFTY 21200 PE 02 JUN 26,21200.0,1.0,,,NSE_INDEX|Nifty 50,NSE_INDEX|Nifty 50,,,,,,,,,,
1.0,NSE_FO,NIFTY,NSE,1780424999000.0,PE,NIFTY,NIFTY,NSE_FO|56931,65.0,1755.0,56931,65.0,5.0,INDEX,INDEX,NIFTY 21500 PE 02 JUN 26,21500.0,1.0,,,NSE_INDEX|Nifty 50,NSE_INDEX|Nifty 50,,,,,,,,,,
1.0,NSE_FO,NIFTY,NSE,1780424999000.0,CE,NIFTY,NIFTY,NSE_FO|56932,65.0,1755.0,56932,65.0,5.0,INDEX,INDEX,NIFTY 21550 CE 02 JUN 26,21550.0,1.0,,,NSE_INDEX|Nifty 50,NSE_INDEX|Nifty 50,,,,,,,,,,
1.0,NSE_FO,NIFTY,NSE,1780424999000.0,CE,NIFTY,NIFTY,NSE_FO|56930,65.0,1755.0,56930,65.0,5.0,INDEX,INDEX,NIFTY 21500 CE 02 JUN 26,21500.0,1.0,,,NSE_INDEX|Nifty 50,NSE_INDEX|Nifty 50,,,,,,,,,,
1.0,NSE_FO,NIFTY,NSE,1780424999000.0,PE,NIFTY,NIFTY,NSE_FO|56935,65.0,1755.0,56935,65.0,5.0,INDEX,INDEX,NIFTY 21600 PE 02 JUN 26,21600.0,1.0,,,NSE_INDEX|Nifty 50,NSE_INDEX|Nifty 50,,,,,,,,,,
1.0,NSE_FO,NIFTY,NSE,1780424999000.0,CE,NIFTY,NIFTY,NSE_FO|56936,65.0,1755.0,56936,65.0,5.0,INDEX,INDEX,NIFTY 21650 CE 02 JUN 26,21650.0,1.0,,,NSE_INDEX|Nifty 50,NSE_INDEX|Nifty 50,,,,,,,,,,
1.0,NSE_FO,NIFTY,NSE,1780424999000.0,PE,NIFTY,NIFTY,NSE_FO|56933,65.0,1755.0,56933,65.0,5.0,INDEX,INDEX,NIFTY 21550 PE 02 JUN 26,21550.0,1.0,,,NSE_INDEX|Nifty 50,NSE_INDEX|Nifty 50,,,,,,,,,,
1.0,NSE_FO,NIFTY,NSE,1780424999000.0,CE,NIFTY,NIFTY,NSE_FO|56934,65.0,1755.0,56934,65.0,5.0,INDEX,INDEX,NIFTY 21600 CE 02 JUN 26,21600.0,1.0,,,NSE_INDEX|Nifty 50,NSE_INDEX|Nifty 50,,,,,,,,,,
1.0,NSE_FO,NIFTY,NSE,1780424999000.0,PE,NIFTY,NIFTY,NSE_FO|56939,65.0,1755.0,56939,65.0,5.0,INDEX,INDEX,NIFTY 21700 PE 02 JUN 26,21700.0,1.0,,,NSE_INDEX|Nifty 50,NSE_INDEX|Nifty 50,,,,,,,,,,
1.0,NSE_FO,NIFTY,NSE,1780424999000.0,PE,NIFTY,NIFTY,NSE_FO|56937,65.0,1755.0,56937,65.0,5.0,INDEX,INDEX,NIFTY 21650 PE 02 JUN 26,21650.0,1.0,,,NSE_INDEX|Nifty 50,NSE_INDEX|Nifty 50,,,,,,,,,,
1.0,NSE_FO,NIFTY,NSE,1780424999000.0,CE,NIFTY,NIFTY,NSE_FO|56938,65.0,1755.0,56938,65.0,5.0,INDEX,INDEX,NIFTY 21700 CE 02 JUN 26,21700.0,1.0,,,NSE_INDEX|Nifty 50,NSE_INDEX|Nifty 50,,,,,,,,,,
1.0,NSE_FO,NIFTY,NSE,1780424999000.0,CE,NIFTY,NIFTY,NSE_FO|56920,65.0,1755.0,56920,65.0,5.0,INDEX,INDEX,NIFTY 21250 CE 02 JUN 26,21250.0,1.0,,,NSE_INDEX|Nifty 50,NSE_INDEX|Nifty 50,,,,,,,,,,
1.0,NSE_FO,NIFTY,NSE,1780424999000.0,PE,NIFTY,NIFTY,NSE_FO|56921,65.0,1755.0,56921,65.0,5.0,INDEX,INDEX,NIFTY 21250 PE 02 JUN 26,21250.0,1.0,,,NSE_INDEX|Nifty 50,NSE_INDEX|Nifty 50,,,,,,,,,,
1.0,NSE_FO,NIFTY,NSE,1780424999000.0,CE,NIFTY,NIFTY,NSE_FO|56924,65.0,1755.0,56924,65.0,5.0,INDEX,INDEX,NIFTY 21350 CE 02 JUN 26,21350.0,1.0,,,NSE_INDEX|Nifty 50,NSE_INDEX|Nifty 50,,,,,,,,,,
1.0,NSE_FO,NIFTY,NSE,1780424999000.0,PE,NIFTY,NIFTY,NSE_FO|56925,65.0,1755.0,56925,65.0,5.0,INDEX,INDEX,NIFTY 21350 PE 02 JUN 26,21350.0,1.0,,,NSE_INDEX|Nifty 50,NSE_INDEX|Nifty 50,,,,,,,,,,
1.0,NSE_FO,NIFTY,NSE,1780424999000.0,CE,NIFTY,NIFTY,NSE_FO|56922,65.0,1755.0,56922,65.0,5.0,INDEX,INDEX,NIFTY 21300 CE 02 JUN 26,21300.0,1.0,,,NSE_INDEX|Nifty 50,NSE_INDEX|Nifty 50,,,,,,,,,,
1.0,NSE_FO,NIFTY,NSE,1780424999000.0,PE,NIFTY,NIFTY,NSE_FO|56923,65.0,1755.0,56923,65.0,5.0,INDEX,INDEX,NIFTY 21300 PE 02 JUN 26,21300.0,1.0,,,NSE_INDEX|Nifty 50,NSE_INDEX|Nifty 50,,,,,,,,,,
1.0,NSE_FO,NIFTY,NSE,1780424999000.0,CE,NIFTY,NIFTY,NSE_FO|56928,65.0,1755.0,56928,65.0,5.0,INDEX,INDEX,NIFTY 21450 CE 02 JUN 26,21450.0,1.0,,,NSE_INDEX|Nifty 50,NSE_INDEX|Nifty 50,,,,,,,,,,
1.0,NSE_FO,NIFTY,NSE,1780424999000.0,PE,NIFTY,NIFTY,NSE_FO|56929,65.0,1755.0,56929,65.0,5.0,INDEX,INDEX,NIFTY 21450 PE 02 JUN 26,21450.0,1.0,,,NSE_INDEX|Nifty 50,NSE_INDEX|Nifty 50,,,,,,,,,,
1.0,NSE_FO,NIFTY,NSE,1780424999000.0,CE,NIFTY,NIFTY,NSE_FO|56926,65.0,1755.0,56926,65.0,5.0,INDEX,INDEX,NIFTY 21400 CE 02 JUN 26,21400.0,1.0,,,NSE_INDEX|Nifty 50,NSE_INDEX|Nifty 50,,,,,,,,,,
1.0,NSE_FO,NIFTY,NSE,1780424999000.0,PE,NIFTY,NIFTY,NSE_FO|56927,65.0,1755.0,56927,65.0,5.0,INDEX,INDEX,NIFTY 21400 PE 02 JUN 26,21400.0,1.0,,,NSE_INDEX|Nifty 50,NSE_INDEX|Nifty 50,,,,,,,,,,
1.0,NSE_FO,NIFTY,NSE,1781029799000.0,CE,NIFTY,NIFTY,NSE_FO|42158,65.0,1755.0,42158,65.0,5.0,INDEX,INDEX,NIFTY 21150 CE 09 JUN 26,21150.0,1.0,,,NSE_INDEX|Nifty 50,NSE_INDEX|Nifty 50,,,,,,,,,,
1.0,NSE_FO,NIFTY,NSE,1781029799000.0,PE,NIFTY,NIFTY,NSE_FO|42159,65.0,1755.0,42159,65.0,5.0,INDEX,INDEX,NIFTY 21150 PE 09 JUN 26,21150.0,1.0,,,NSE_INDEX|Nifty 50,NSE_INDEX|Nifty 50,,,,,,,,,,
1.0,NSE_FO,NIFTY,NSE,1781029799000.0,PE,NIFTY,NIFTY,NSE_FO|42161,65.0,1755.0,42161,65.0,5.0,INDEX,INDEX,NIFTY 21200 PE 09 JUN 26,21200.0,1.0,,,NSE_INDEX|Nifty 50,NSE_INDEX|Nifty 50,,,,,,,,,,
1.0,NSE_FO,NIFTY,NSE,1781029799000.0,CE,NIFTY,NIFTY,NSE_FO|42160,65.0,1755.0,42160,65.0,5.0,INDEX,INDEX,NIFTY 21200 CE 09 JUN 26,21200.0,1.0,,,NSE_INDEX|Nifty 50,NSE_INDEX|Nifty 50,,,,,,,,,,
1.0,NSE_FO,NIFTY,NSE,1781029799000.0,CE,NIFTY,NIFTY,NSE_FO|42165,65.0,1755.0,42165,65.0,5.0,INDEX,INDEX,NIFTY 21300 CE 09 JUN 26,21300.0,1.0,,,NSE_INDEX|Nifty 50,NSE_INDEX|Nifty 50,,,,,,,,,,
1.0,NSE_FO,NIFTY,NSE,1781029799000.0,PE,NIFTY,NIFTY,NSE_FO|42166,65.0,1755.0,42166,65.0,5.0,INDEX,INDEX,NIFTY 21300 PE 09 JUN 26,21300.0,1.0,,,NSE_INDEX|Nifty 50,NSE_INDEX|Nifty 50,,,,,,,,,,
1.0,NSE_FO,NIFTY,NSE,1781029799000.0,CE,NIFTY,NIFTY,NSE_FO|42163,65.0,1755.0,42163,65.0,5.0,INDEX,INDEX,NIFTY 21250 CE 09 JUN 26,21250.0,1.0,,,NSE_INDEX|Nifty 50,NSE_INDEX|Nifty 50,,,,,,,,,,
1.0,NSE_FO,NIFTY,NSE,1781029799000.0,PE,NIFTY,NIFTY,NSE_FO|42164,65.0,1755.0,42164,65.0,5.0,INDEX,INDEX,NIFTY 21250 PE 09 JUN 26,21250.0,1.0,,,NSE_INDEX|Nifty 50,NSE_INDEX|Nifty 50,,,,,,,,,,
1.0,NSE_FO,NIFTY,NSE,1781029799000.0,CE,NIFTY,NIFTY,NSE_FO|42154,65.0,1755.0,42154,65.0,5.0,INDEX,INDEX,NIFTY 21100 CE 09 JUN 26,21100.0,1.0,,,NSE_INDEX|Nifty 50,NSE_INDEX|Nifty 50,,,,,,,,,,
1.0,NSE_FO,NIFTY,NSE,1781029799000.0,PE,NIFTY,NIFTY,NSE_FO|42155,65.0,1755.0,42155,65.0,5.0,INDEX,INDEX,NIFTY 21100 PE 09 JUN 26,21100.0,1.0,,,NSE_INDEX|Nifty 50,NSE_INDEX|Nifty 50,,,,,,,,,,
1.0,NSE_FO,NIFTY,NSE,1781029799000.0,CE,NIFTY,NIFTY,NSE_FO|42180,65.0,1755.0,42180,65.0,5.0,INDEX,INDEX,NIFTY 21400 CE 09 JUN 26,21400.0,1.0,,,NSE_INDEX|Nifty 50,NSE_INDEX|Nifty 50,,,,,,,,,,
1.0,NSE_FO,NIFTY,NSE,1781029799000.0,CE,NIFTY,NIFTY,NSE_FO|42184,65.0,1755.0,42184,65.0,5.0,INDEX,INDEX,NIFTY 21450 CE 09 JUN 26,21450.0,1.0,,,NSE_INDEX|Nifty 50,NSE_INDEX|Nifty 50,,,,,,,,,,
1.0,NSE_FO,NIFTY,NSE,1781029799000.0,PE,NIFTY,NIFTY,NSE_FO|42181,65.0,1755.0,42181,65.0,5.0,INDEX,INDEX,NIFTY 21400 PE 09 JUN 26,21400.0,1.0,,,NSE_INDEX|Nifty 50,NSE_INDEX|Nifty 50,,,,,,,,,,
1.0,NSE_FO,NIFTY,NSE,1781029799000.0,PE,NIFTY,NIFTY,NSE_FO|42187,65.0,1755.0,42187,65.0,5.0,INDEX,INDEX,NIFTY 21500 PE 09 JUN 26,21500.0,1.0,,,NSE_INDEX|Nifty 50,NSE_INDEX|Nifty 50,,,,,,,,,,
1.0,NSE_FO,NIFTY,NSE,1781029799000.0,CE,NIFTY,NIFTY,NSE_FO|42188,65.0,1755.0,42188,65.0,5.0,INDEX,INDEX,NIFTY 21550 CE 09 JUN 26,21550.0,1.0,,,NSE_INDEX|Nifty 50,NSE_INDEX|Nifty 50,,,,,,,,,,
1.0,NSE_FO,NIFTY,NSE,1781029799000.0,PE,NIFTY,NIFTY,NSE_FO|42185,65.0,1755.0,42185,65.0,5.0,INDEX,INDEX,NIFTY 21450 PE 09 JUN 26,21450.0,1.0,,,NSE_INDEX|Nifty 50,NSE_INDEX|Nifty 50,,,,,,,,,,
1.0,NSE_FO,NIFTY,NSE,1781029799000.0,CE,NIFTY,NIFTY,NSE_FO|42186,65.0,1755.0,42186,65.0,5.0,INDEX,INDEX,NIFTY 21500 CE 09 JUN 26,21500.0,1.0,,,NSE_INDEX|Nifty 50,NSE_INDEX|Nifty 50,,,,,,,,,,
1.0,NSE_FO,NIFTY,NSE,1781029799000.0,CE,NIFTY,NIFTY,NSE_FO|42174,65.0,1755.0,42174,65.0,5.0,INDEX,INDEX,NIFTY 21350 CE 09 JUN 26,21350.0,1.0,,,NSE_INDEX|Nifty 50,NSE_INDEX|Nifty 50,,,,,,,,,,
1.0,NSE_FO,NIFTY,NSE,1781029799000.0,PE,NIFTY,NIFTY,NSE_FO|42175,65.0,1755.0,42175,65.0,5.0,INDEX,INDEX,NIFTY 21350 PE 09 JUN 26,21350.0,1.0,,,NSE_INDEX|Nifty 50,NSE_INDEX|Nifty 50,,,,,,,,,,
0.0,NSE_FO,NIFTY,NSE,1798568999000.0,CE,NIFTY,NIFTY,NSE_FO|42136,65.0,1755.0,42136,65.0,5.0,INDEX,INDEX,NIFTY 31000 CE 29 DEC 26,31000.0,1.0,,,NSE_INDEX|Nifty 50,NSE_INDEX|Nifty 50,,,,,,,,,,
0.0,NSE_FO,NIFTY,NSE,1782844199000.0,CE,NIFTY,NIFTY,NSE_FO|42133,65.0,1755.0,42133,65.0,5.0,INDEX,INDEX,NIFTY 31000 CE 30 JUN 26,31000.0,1.0,,,NSE_INDEX|Nifty 50,NSE_INDEX|Nifty 50,,,,,,,,,,
1.0,NSE_FO,NIFTY,NSE,1781029799000.0,PE,NIFTY,NIFTY,NSE_FO|42189,65.0,1755.0,42189,65.0,5.0,INDEX,INDEX,NIFTY 21550 PE 09 JUN 26,21550.0,1.0,,,NSE_INDEX|Nifty 50,NSE_INDEX|Nifty 50,,,,,,,,,,
1.0,NSE_FO,NIFTY,NSE,1781029799000.0,CE,NIFTY,NIFTY,NSE_FO|42190,65.0,1755.0,42190,65.0,5.0,INDEX,INDEX,NIFTY 21600 CE 09 JUN 26,21600.0,1.0,,,NSE_INDEX|Nifty 50,NSE_INDEX|Nifty 50,,,,,,,,,,
1.0,NSE_FO,NIFTY,NSE,1781029799000.0,PE,NIFTY,NIFTY,NSE_FO|42191,65.0,1755.0,42191,65.0,5.0,INDEX,INDEX,NIFTY 21600 PE 09 JUN 26,21600.0,1.0,,,NSE_INDEX|Nifty 50,NSE_INDEX|Nifty 50,,,,,,,,,,
1.0,NSE_FO,NIFTY,NSE,1781029799000.0,CE,NIFTY,NIFTY,NSE_FO|42194,65.0,1755.0,42194,65.0,5.0,INDEX,INDEX,NIFTY 21700 CE 09 JUN 26,21700.0,1.0,,,NSE_INDEX|Nifty 50,NSE_INDEX|Nifty 50,,,,,,,,,,
1.0,NSE_FO,NIFTY,NSE,1781029799000.0,PE,NIFTY,NIFTY,NSE_FO|42195,65.0,1755.0,42195,65.0,5.0,INDEX,INDEX,NIFTY 21700 PE 09 JUN 26,21700.0,1.0,,,NSE_INDEX|Nifty 50,NSE_INDEX|Nifty 50,,,,,,,,,,
1.0,NSE_FO,NIFTY,NSE,1781029799000.0,CE,NIFTY,NIFTY,NSE_FO|42192,65.0,1755.0,42192,65.0,5.0,INDEX,INDEX,NIFTY 21650 CE 09 JUN 26,21650.0,1.0,,,NSE_INDEX|Nifty 50,NSE_INDEX|Nifty 50,,,,,,,,,,
1.0,NSE_FO,NIFTY,NSE,1781029799000.0,PE,NIFTY,NIFTY,NSE_FO|42193,65.0,1755.0,42193,65.0,5.0,INDEX,INDEX,NIFTY 21650 PE 09 JUN 26,21650.0,1.0,,,NSE_INDEX|Nifty 50,NSE_INDEX|Nifty 50,,,,,,,,,,
1.0,NSE_FO,NIFTY,NSE,1781029799000.0,CE,NIFTY,NIFTY,NSE_FO|42198,65.0,1755.0,42198,65.0,5.0,INDEX,INDEX,NIFTY 21800 CE 09 JUN 26,21800.0,1.0,,,NSE_INDEX|Nifty 50,NSE_INDEX|Nifty 50,,,,,,,,,,
1.0,NSE_FO,NIFTY,NSE,1781029799000.0,PE,NIFTY,NIFTY,NSE_FO|42199,65.0,1755.0,42199,65.0,5.0,INDEX,INDEX,NIFTY 21800 PE 09 JUN 26,21800.0,1.0,,,NSE_INDEX|Nifty 50,NSE_INDEX|Nifty 50,,,,,,,,,,
1.0,NSE_FO,NIFTY,NSE,1781029799000.0,CE,NIFTY,NIFTY,NSE_FO|42196,65.0,1755.0,42196,65.0,5.0,INDEX,INDEX,NIFTY 21750 CE 09 JUN 26,21750.0,1.0,,,NSE_INDEX|Nifty 50,NSE_INDEX|Nifty 50,,,,,,,,,,
1.0,NSE_FO,NIFTY,NSE,1781029799000.0,PE,NIFTY,NIFTY,NSE_FO|42197,65.0,1755.0,42197,65.0,5.0,INDEX,INDEX,NIFTY 21750 PE 09 JUN 26,21750.0,1.0,,,NSE_INDEX|Nifty 50,NSE_INDEX|Nifty 50,,,,,,,,,,
1.0,NSE_FO,NIFTY,NSE,1781029799000.0,PE,NIFTY,NIFTY,NSE_FO|42213,65.0,1755.0,42213,65.0,5.0,INDEX,INDEX,NIFTY 21950 PE 09 JUN 26,21950.0,1.0,,,NSE_INDEX|Nifty 50,NSE_INDEX|Nifty 50,,,,,,,,,,
1.0,NSE_FO,NIFTY,NSE,1781029799000.0,CE,NIFTY,NIFTY,NSE_FO|42214,65.0,1755.0,42214,65.0,5.0,INDEX,INDEX,NIFTY 22000 CE 09 JUN 26,22000.0,1.0,,,NSE_INDEX|Nifty 50,NSE_INDEX|Nifty 50,,,,,,,,,,
1.0,NSE_FO,NIFTY,NSE,1781029799000.0,CE,NIFTY,NIFTY,NSE_FO|42212,65.0,1755.0,42212,65.0,5.0,INDEX,INDEX,NIFTY 21950 CE 09 JUN 26,21950.0,1.0,,,NSE_INDEX|Nifty 50,NSE_INDEX|Nifty 50,,,,,,,,,,
1.0,NSE_FO,NIFTY,NSE,1781029799000.0,PE,NIFTY,NIFTY,NSE_FO|42215,65.0,1755.0,42215,65.0,5.0,INDEX,INDEX,NIFTY 22000 PE 09 JUN 26,22000.0,1.0,,,NSE_INDEX|Nifty 50,NSE_INDEX|Nifty 50,,,,,,,,,,
1.0,NSE_FO,NIFTY,NSE,1781029799000.0,CE,NIFTY,NIFTY,NSE_FO|42219,65.0,1755.0,42219,65.0,5.0,INDEX,INDEX,NIFTY 22050 CE 09 JUN 26,22050.0,1.0,,,NSE_INDEX|Nifty 50,NSE_INDEX|Nifty 50,,,,,,,,,,
1.0,NSE_FO,NIFTY,NSE,1781029799000.0,PE,NIFTY,NIFTY,NSE_FO|42220,65.0,1755.0,42220,65.0,5.0,INDEX,INDEX,NIFTY 22050 PE 09 JUN 26,22050.0,1.0,,,NSE_INDEX|Nifty 50,NSE_INDEX|Nifty 50,,,,,,,,,,
1.0,NSE_FO,NIFTY,NSE,1781029799000.0,CE,NIFTY,NIFTY,NSE_FO|42200,65.0,1755.0,42200,65.0,5.0,INDEX,INDEX,NIFTY 21850 CE 09 JUN 26,21850.0,1.0,,,NSE_INDEX|Nifty 50,NSE_INDEX|Nifty 50,,,,,,,,,,
1.0,NSE_FO,NIFTY,NSE,1781029799000.0,PE,NIFTY,NIFTY,NSE_FO|42201,65.0,1755.0,42201,65.0,5.0,INDEX,INDEX,NIFTY 21850 PE 09 JUN 26,21850.0,1.0,,,NSE_INDEX|Nifty 50,NSE_INDEX|Nifty 50,,,,,,,,,,
1.0,NSE_FO,NIFTY,NSE,1781029799000.0,CE,NIFTY,NIFTY,NSE_FO|42208,65.0,1755.0,42208,65.0,5.0,INDEX,INDEX,NIFTY 21900 CE 09 JUN 26,21900.0,1.0,,,NSE_INDEX|Nifty 50,NSE_INDEX|Nifty 50,,,,,,,,,,
1.0,NSE_FO,NIFTY,NSE,1781029799000.0,PE,NIFTY,NIFTY,NSE_FO|42209,65.0,1755.0,42209,65.0,5.0,INDEX,INDEX,NIFTY 21900 PE 09 JUN 26,21900.0,1.0,,,NSE_INDEX|Nifty 50,NSE_INDEX|Nifty 50,,,,,,,,,,
0.0,NSE_FO,NIFTY,NSE,1892831399000.0,CE,NIFTY,NIFTY,NSE_FO|62006,65.0,1755.0,62006,65.0,5.0,INDEX,INDEX,NIFTY 33000 CE 24 DEC 29,33000.0,1.0,,,NSE_INDEX|Nifty 50,NSE_INDEX|Nifty 50,,,,,,,,,,
0.0,NSE_FO,NIFTY,NSE,1892831399000.0,PE,NIFTY,NIFTY,NSE_FO|62007,65.0,1755.0,62007,65.0,5.0,INDEX,INDEX,NIFTY 33000 PE 24 DEC 29,33000.0,1.0,,,NSE_INDEX|Nifty 50,NSE_INDEX|Nifty 50,,,,,,,,,,
0.0,NSE_FO,NIFTY,NSE,1798568999000.0,PE,NIFTY,NIFTY,NSE_FO|37810,65.0,1755.0,37810,65.0,5.0,INDEX,INDEX,NIFTY 23000 PE 29 DEC 26,23000.0,1.0,,,NSE_INDEX|Nifty 50,NSE_INDEX|Nifty 50,,,,,,,,,,
0.0,NSE_FO,NIFTY,NSE,1798568999000.0,CE,NIFTY,NIFTY,NSE_FO|37806,65.0,1755.0,37806,65.0,5.0,INDEX,INDEX,NIFTY 23000 CE 29 DEC 26,23000.0,1.0,,,NSE_INDEX|Nifty 50,NSE_INDEX|Nifty 50,,,,,,,,,,
0.0,NSE_FO,NIFTY,NSE,1782844199000.0,PE,NIFTY,NIFTY,NSE_FO|37805,65.0,1755.0,37805,65.0,5.0,INDEX,INDEX,NIFTY 23000 PE 30 JUN 26,23000.0,1.0,,,NSE_INDEX|Nifty 50,NSE_INDEX|Nifty 50,,,,,,,,,,
0.0,NSE_FO,NIFTY,NSE,1782844199000.0,PE,NIFTY,NIFTY,NSE_FO|37802,65.0,1755.0,37802,65.0,5.0,INDEX,INDEX,NIFTY 13000 PE 30 JUN 26,13000.0,1.0,,,NSE_INDEX|Nifty 50,NSE_INDEX|Nifty 50,,,,,,,,,,
0.0,NSE_FO,NIFTY,NSE,1782844199000.0,CE,NIFTY,NIFTY,NSE_FO|37799,65.0,1755.0,37799,65.0,5.0,INDEX,INDEX,NIFTY 23000 CE 30 JUN 26,23000.0,1.0,,,NSE_INDEX|Nifty 50,NSE_INDEX|Nifty 50,,,,,,,,,,
1.0,NSE_FO,NIFTY,NSE,1780424999000.0,PE,NIFTY,NIFTY,NSE_FO|57133,65.0,1755.0,57133,65.0,5.0,INDEX,INDEX,NIFTY 25300 PE 02 JUN 26,25300.0,1.0,,,NSE_INDEX|Nifty 50,NSE_INDEX|Nifty 50,,,,,,,,,,
1.0,NSE_FO,NIFTY,NSE,1780424999000.0,CE,NIFTY,NIFTY,NSE_FO|57132,65.0,1755.0,57132,65.0,5.0,INDEX,INDEX,NIFTY 25300 CE 02 JUN 26,25300.0,1.0,,,NSE_INDEX|Nifty 50,NSE_INDEX|Nifty 50,,,,,,,,,,
1.0,NSE_FO,NIFTY,NSE,1780424999000.0,PE,NIFTY,NIFTY,NSE_FO|57131,65.0,1755.0,57131,65.0,5.0,INDEX,INDEX,NIFTY 25250 PE 02 JUN 26,25250.0,1.0,,,NSE_INDEX|Nifty 50,NSE_INDEX|Nifty 50,,,,,,,,,,
1.0,NSE_FO,NIFTY,NSE,1780424999000.0,CE,NIFTY,NIFTY,NSE_FO|57130,65.0,1755.0,57130,65.0,5.0,INDEX,INDEX,NIFTY 25250 CE 02 JUN 26,25250.0,1.0,,,NSE_INDEX|Nifty 50,NSE_INDEX|Nifty 50,,,,,,,,,,
1.0,NSE_FO,NIFTY,NSE,1780424999000.0,PE,NIFTY,NIFTY,NSE_FO|57137,65.0,1755.0,57137,65.0,5.0,INDEX,INDEX,NIFTY 25400 PE 02 JUN 26,25400.0,1.0,,,NSE_INDEX|Nifty 50,NSE_INDEX|Nifty 50,,,,,,,,,,
1.0,NSE_FO,NIFTY,NSE,1780424999000.0,CE,NIFTY,NIFTY,NSE_FO|57136,65.0,1755.0,57136,65.0,5.0,INDEX,INDEX,NIFTY 25400 CE 02 JUN 26,25400.0,1.0,,,NSE_INDEX|Nifty 50,NSE_INDEX|Nifty 50,,,,,,,,,,
1.0,NSE_FO,NIFTY,NSE,1780424999000.0,PE,NIFTY,NIFTY,NSE_FO|57135,65.0,1755.0,57135,65.0,5.0,INDEX,INDEX,NIFTY 25350 PE 02 JUN 26,25350.0,1.0,,,NSE_INDEX|Nifty 50,NSE_INDEX|Nifty 50,,,,,,,,,,
1.0,NSE_FO,NIFTY,NSE,1780424999000.0,CE,NIFTY,NIFTY,NSE_FO|57134,65.0,1755.0,57134,65.0,5.0,INDEX,INDEX,NIFTY 25350 CE 02 JUN 26,25350.0,1.0,,,NSE_INDEX|Nifty 50,NSE_INDEX|Nifty 50,,,,,,,,,,
1.0,NSE_FO,NIFTY,NSE,1780424999000.0,CE,NIFTY,NIFTY,NSE_FO|57122,65.0,1755.0,57122,65.0,5.0,INDEX,INDEX,NIFTY 25200 CE 02 JUN 26,25200.0,1.0,,,NSE_INDEX|Nifty 50,NSE_INDEX|Nifty 50,,,,,,,,,,
1.0,NSE_FO,NIFTY,NSE,1780424999000.0,PE,NIFTY,NIFTY,NSE_FO|57121,65.0,1755.0,57121,65.0,5.0,INDEX,INDEX,NIFTY 25150 PE 02 JUN 26,25150.0,1.0,,,NSE_INDEX|Nifty 50,NSE_INDEX|Nifty 50,,,,,,,,,,
1.0,NSE_FO,NIFTY,NSE,1780424999000.0,CE,NIFTY,NIFTY,NSE_FO|57120,65.0,1755.0,57120,65.0,5.0,INDEX,INDEX,NIFTY 25150 CE 02 JUN 26,25150.0,1.0,,,NSE_INDEX|Nifty 50,NSE_INDEX|Nifty 50,,,,,,,,,,
1.0,NSE_FO,NIFTY,NSE,1780424999000.0,PE,NIFTY,NIFTY,NSE_FO|57123,65.0,1755.0,57123,65.0,5.0,INDEX,INDEX,NIFTY 25200 PE 02 JUN 26,25200.0,1.0,,,NSE_INDEX|Nifty 50,NSE_INDEX|Nifty 50,,,,,,,,,,
1.0,NSE_FO,NIFTY,NSE,1780424999000.0,PE,NIFTY,NIFTY,NSE_FO|57159,65.0,1755.0,57159,65.0,5.0,INDEX,INDEX,NIFTY 25550 PE 02 JUN 26,25550.0,1.0,,,NSE_INDEX|Nifty 50,NSE_INDEX|Nifty 50,,,,,,,,,,
1.0,NSE_FO,NIFTY,NSE,1780424999000.0,CE,NIFTY,NIFTY,NSE_FO|57144,65.0,1755.0,57144,65.0,5.0,INDEX,INDEX,NIFTY 25500 CE 02 JUN 26,25500.0,1.0,,,NSE_INDEX|Nifty 50,NSE_INDEX|Nifty 50,,,,,,,,,,
1.0,NSE_FO,NIFTY,NSE,1780424999000.0,PE,NIFTY,NIFTY,NSE_FO|57143,65.0,1755.0,57143,65.0,5.0,INDEX,INDEX,NIFTY 25450 PE 02 JUN 26,25450.0,1.0,,,NSE_INDEX|Nifty 50,NSE_INDEX|Nifty 50,,,,,,,,,,
1.0,NSE_FO,NIFTY,NSE,1780424999000.0,CE,NIFTY,NIFTY,NSE_FO|57146,65.0,1755.0,57146,65.0,5.0,INDEX,INDEX,NIFTY 25550 CE 02 JUN 26,25550.0,1.0,,,NSE_INDEX|Nifty 50,NSE_INDEX|Nifty 50,,,,,,,,,,
1.0,NSE_FO,NIFTY,NSE,1780424999000.0,PE,NIFTY,NIFTY,NSE_FO|57145,65.0,1755.0,57145,65.0,5.0,INDEX,INDEX,NIFTY 25500 PE 02 JUN 26,25500.0,1.0,,,NSE_INDEX|Nifty 50,NSE_INDEX|Nifty 50,,,,,,,,,,
1.0,NSE_FO,NIFTY,NSE,1780424999000.0,CE,NIFTY,NIFTY,NSE_FO|57138,65.0,1755.0,57138,65.0,5.0,INDEX,INDEX,NIFTY 25450 CE 02 JUN 26,25450.0,1.0,,,NSE_INDEX|Nifty 50,NSE_INDEX|Nifty 50,,,,,,,,,,
1.0,NSE_FO,NIFTY,NSE,1780424999000.0,PE,NIFTY,NIFTY,NSE_FO|57115,65.0,1755.0,57115,65.0,5.0,INDEX,INDEX,NIFTY 25100 PE 02 JUN 26,25100.0,1.0,,,NSE_INDEX|Nifty 50,NSE_INDEX|Nifty 50,,,,,,,,,,
1.0,NSE_FO,NIFTY,NSE,1780424999000.0,CE,NIFTY,NIFTY,NSE_FO|57114,65.0,1755.0,57114,65.0,5.0,INDEX,INDEX,NIFTY 25100 CE 02 JUN 26,25100.0,1.0,,,NSE_INDEX|Nifty 50,NSE_INDEX|Nifty 50,,,,,,,,,,
1.0,NSE_FO,NIFTY,NSE,1780424999000.0,PE,NIFTY,NIFTY,NSE_FO|57113,65.0,1755.0,57113,65.0,5.0,INDEX,INDEX,NIFTY 25050 PE 02 JUN 26,25050.0,1.0,,,NSE_INDEX|Nifty 50,NSE_INDEX|Nifty 50,,,,,,,,,,
1.0,NSE_FO,NIFTY,NSE,1780424999000.0,CE,NIFTY,NIFTY,NSE_FO|57112,65.0,1755.0,57112,65.0,5.0,INDEX,INDEX,NIFTY 25050 CE 02 JUN 26,25050.0,1.0,,,NSE_INDEX|Nifty 50,NSE_INDEX|Nifty 50,,,,,,,,,,
1.0,NSE_FO,NIFTY,NSE,1780424999000.0,PE,NIFTY,NIFTY,NSE_FO|57107,65.0,1755.0,57107,65.0,5.0,INDEX,INDEX,NIFTY 25000 PE 02 JUN 26,25000.0,1.0,,,NSE_INDEX|Nifty 50,NSE_INDEX|Nifty 50,,,,,,,,,,
1.0,NSE_FO,NIFTY,NSE,1780424999000.0,CE,NIFTY,NIFTY,NSE_FO|57106,65.0,1755.0,57106,65.0,5.0,INDEX,INDEX,NIFTY 25000 CE 02 JUN 26,25000.0,1.0,,,NSE_INDEX|Nifty 50,NSE_INDEX|Nifty 50,,,,,,,,,,
1.0,NSE_FO,NIFTY,NSE,1780424999000.0,PE,NIFTY,NIFTY,NSE_FO|57105,65.0,1755.0,57105,65.0,5.0,INDEX,INDEX,NIFTY 24950 PE 02 JUN 26,24950.0,1.0,,,NSE_INDEX|Nifty 50,NSE_INDEX|Nifty 50,,,,,,,,,,
1.0,NSE_FO,NIFTY,NSE,1780424999000.0,CE,NIFTY,NIFTY,NSE_FO|57100,65.0,1755.0,57100,65.0,5.0,INDEX,INDEX,NIFTY 24850 CE 02 JUN 26,24850.0,1.0,,,NSE_INDEX|Nifty 50,NSE_INDEX|Nifty 50,,,,,,,,,,
1.0,NSE_FO,NIFTY,NSE,1780424999000.0,CE,NIFTY,NIFTY,NSE_FO|57104,65.0,1755.0,57104,65.0,5.0,INDEX,INDEX,NIFTY 24950 CE 02 JUN 26,24950.0,1.0,,,NSE_INDEX|Nifty 50,NSE_INDEX|Nifty 50,,,,,,,,,,
1.0,NSE_FO,NIFTY,NSE,1780424999000.0,PE,NIFTY,NIFTY,NSE_FO|57103,65.0,1755.0,57103,65.0,5.0,INDEX,INDEX,NIFTY 24900 PE 02 JUN 26,24900.0,1.0,,,NSE_INDEX|Nifty 50,NSE_INDEX|Nifty 50,,,,,,,,,,
1.0,NSE_FO,NIFTY,NSE,1780424999000.0,CE,NIFTY,NIFTY,NSE_FO|57102,65.0,1755.0,57102,65.0,5.0,INDEX,INDEX,NIFTY 24900 CE 02 JUN 26,24900.0,1.0,,,NSE_INDEX|Nifty 50,NSE_INDEX|Nifty 50,,,,,,,,,,
1.0,NSE_FO,NIFTY,NSE,1780424999000.0,PE,NIFTY,NIFTY,NSE_FO|57101,65.0,1755.0,57101,65.0,5.0,INDEX,INDEX,NIFTY 24850 PE 02 JUN 26,24850.0,1.0,,,NSE_INDEX|Nifty 50,NSE_INDEX|Nifty 50,,,,,,,,,,
1.0,NSE_FO,NIFTY,NSE,1780424999000.0,PE,NIFTY,NIFTY,NSE_FO|57173,65.0,1755.0,57173,65.0,5.0,INDEX,INDEX,NIFTY 25800 PE 02 JUN 26,25800.0,1.0,,,NSE_INDEX|Nifty 50,NSE_INDEX|Nifty 50,,,,,,,,,,
1.0,NSE_FO,NIFTY,NSE,1780424999000.0,PE,NIFTY,NIFTY,NSE_FO|57177,65.0,1755.0,57177,65.0,5.0,INDEX,INDEX,NIFTY 25850 PE 02 JUN 26,25850.0,1.0,,,NSE_INDEX|Nifty 50,NSE_INDEX|Nifty 50,,,,,,,,,,
1.0,NSE_FO,NIFTY,NSE,1780424999000.0,CE,NIFTY,NIFTY,NSE_FO|57174,65.0,1755.0,57174,65.0,5.0,INDEX,INDEX,NIFTY 25850 CE 02 JUN 26,25850.0,1.0,,,NSE_INDEX|Nifty 50,NSE_INDEX|Nifty 50,,,,,,,,,,
1.0,NSE_FO,NIFTY,NSE,1780424999000.0,PE,NIFTY,NIFTY,NSE_FO|57179,65.0,1755.0,57179,65.0,5.0,INDEX,INDEX,NIFTY 25900 PE 02 JUN 26,25900.0,1.0,,,NSE_INDEX|Nifty 50,NSE_INDEX|Nifty 50,,,,,,,,,,
1.0,NSE_FO,NIFTY,NSE,1780424999000.0,CE,NIFTY,NIFTY,NSE_FO|57178,65.0,1755.0,57178,65.0,5.0,INDEX,INDEX,NIFTY 25900 CE 02 JUN 26,25900.0,1.0,,,NSE_INDEX|Nifty 50,NSE_INDEX|Nifty 50,,,,,,,,,,
1.0,NSE_FO,NIFTY,NSE,1780424999000.0,CE,NIFTY,NIFTY,NSE_FO|57162,65.0,1755.0,57162,65.0,5.0,INDEX,INDEX,NIFTY 25650 CE 02 JUN 26,25650.0,1.0,,,NSE_INDEX|Nifty 50,NSE_INDEX|Nifty 50,,,,,,,,,,
1.0,NSE_FO,NIFTY,NSE,1780424999000.0,PE,NIFTY,NIFTY,NSE_FO|57161,65.0,1755.0,57161,65.0,5.0,INDEX,INDEX,NIFTY 25600 PE 02 JUN 26,25600.0,1.0,,,NSE_INDEX|Nifty 50,NSE_INDEX|Nifty 50,,,,,,,,,,
1.0,NSE_FO,NIFTY,NSE,1780424999000.0,CE,NIFTY,NIFTY,NSE_FO|57160,65.0,1755.0,57160,65.0,5.0,INDEX,INDEX,NIFTY 25600 CE 02 JUN 26,25600.0,1.0,,,NSE_INDEX|Nifty 50,NSE_INDEX|Nifty 50,,,,,,,,,,
1.0,NSE_FO,NIFTY,NSE,1780424999000.0,CE,NIFTY,NIFTY,NSE_FO|57166,65.0,1755.0,57166,65.0,5.0,INDEX,INDEX,NIFTY 25750 CE 02 JUN 26,25750.0,1.0,,,NSE_INDEX|Nifty 50,NSE_INDEX|Nifty 50,,,,,,,,,,
1.0,NSE_FO,NIFTY,NSE,1780424999000.0,PE,NIFTY,NIFTY,NSE_FO|57165,65.0,1755.0,57165,65.0,5.0,INDEX,INDEX,NIFTY 25700 PE 02 JUN 26,25700.0,1.0,,,NSE_INDEX|Nifty 50,NSE_INDEX|Nifty 50,,,,,,,,,,
1.0,NSE_FO,NIFTY,NSE,1780424999000.0,CE,NIFTY,NIFTY,NSE_FO|57164,65.0,1755.0,57164,65.0,5.0,INDEX,INDEX,NIFTY 25700 CE 02 JUN 26,25700.0,1.0,,,NSE_INDEX|Nifty 50,NSE_INDEX|Nifty 50,,,,,,,,,,
1.0,NSE_FO,NIFTY,NSE,1780424999000.0,PE,NIFTY,NIFTY,NSE_FO|57163,65.0,1755.0,57163,65.0,5.0,INDEX,INDEX,NIFTY 25650 PE 02 JUN 26,25650.0,1.0,,,NSE_INDEX|Nifty 50,NSE_INDEX|Nifty 50,,,,,,,,,,
1.0,NSE_FO,NIFTY,NSE,1780424999000.0,CE,NIFTY,NIFTY,NSE_FO|57168,65.0,1755.0,57168,65.0,5.0,INDEX,INDEX,NIFTY 25800 CE 02 JUN 26,25800.0,1.0,,,NSE_INDEX|Nifty 50,NSE_INDEX|Nifty 50,,,,,,,,,,
1.0,NSE_FO,NIFTY,NSE,1780424999000.0,PE,NIFTY,NIFTY,NSE_FO|57167,65.0,1755.0,57167,65.0,5.0,INDEX,INDEX,NIFTY 25750 PE 02 JUN 26,25750.0,1.0,,,NSE_INDEX|Nifty 50,NSE_INDEX|Nifty 50,,,,,,,,,,
1.0,NSE_FO,NIFTY,NSE,1780424999000.0,PE,NIFTY,NIFTY,NSE_FO|57191,65.0,1755.0,57191,65.0,5.0,INDEX,INDEX,NIFTY 26150 PE 02 JUN 26,26150.0,1.0,,,NSE_INDEX|Nifty 50,NSE_INDEX|Nifty 50,,,,,,,,,,
1.0,NSE_FO,NIFTY,NSE,1780424999000.0,CE,NIFTY,NIFTY,NSE_FO|57190,65.0,1755.0,57190,65.0,5.0,INDEX,INDEX,NIFTY 26150 CE 02 JUN 26,26150.0,1.0,,,NSE_INDEX|Nifty 50,NSE_INDEX|Nifty 50,,,,,,,,,,
1.0,NSE_FO,NIFTY,NSE,1780424999000.0,PE,NIFTY,NIFTY,NSE_FO|57195,65.0,1755.0,57195,65.0,5.0,INDEX,INDEX,NIFTY 26250 PE 02 JUN 26,26250.0,1.0,,,NSE_INDEX|Nifty 50,NSE_INDEX|Nifty 50,,,,,,,,,,
1.0,NSE_FO,NIFTY,NSE,1780424999000.0,CE,NIFTY,NIFTY,NSE_FO|57194,65.0,1755.0,57194,65.0,5.0,INDEX,INDEX,NIFTY 26250 CE 02 JUN 26,26250.0,1.0,,,NSE_INDEX|Nifty 50,NSE_INDEX|Nifty 50,,,,,,,,,,
1.0,NSE_FO,NIFTY,NSE,1780424999000.0,PE,NIFTY,NIFTY,NSE_FO|57193,65.0,1755.0,57193,65.0,5.0,INDEX,INDEX,NIFTY 26200 PE 02 JUN 26,26200.0,1.0,,,NSE_INDEX|Nifty 50,NSE_INDEX|Nifty 50,,,,,,,,,,
1.0,NSE_FO,NIFTY,NSE,1780424999000.0,CE,NIFTY,NIFTY,NSE_FO|57192,65.0,1755.0,57192,65.0,5.0,INDEX,INDEX,NIFTY 26200 CE 02 JUN 26,26200.0,1.0,,,NSE_INDEX|Nifty 50,NSE_INDEX|Nifty 50,,,,,,,,,,
1.0,NSE_FO,NIFTY,NSE,1780424999000.0,PE,NIFTY,NIFTY,NSE_FO|57199,65.0,1755.0,57199,65.0,5.0,INDEX,INDEX,NIFTY 26350 PE 02 JUN 26,26350.0,1.0,,,NSE_INDEX|Nifty 50,NSE_INDEX|Nifty 50,,,,,,,,,,
1.0,NSE_FO,NIFTY,NSE,1780424999000.0,CE,NIFTY,NIFTY,NSE_FO|57198,65.0,1755.0,57198,65.0,5.0,INDEX,INDEX,NIFTY 26350 CE 02 JUN 26,26350.0,1.0,,,NSE_INDEX|Nifty 50,NSE_INDEX|Nifty 50,,,,,,,,,,
1.0,NSE_FO,NIFTY,NSE,1780424999000.0,PE,NIFTY,NIFTY,NSE_FO|57197,65.0,1755.0,57197,65.0,5.0,INDEX,INDEX,NIFTY 26300 PE 02 JUN 26,26300.0,1.0,,,NSE_INDEX|Nifty 50,NSE_INDEX|Nifty 50,,,,,,,,,,
1.0,NSE_FO,NIFTY,NSE,1780424999000.0,CE,NIFTY,NIFTY,NSE_FO|57196,65.0,1755.0,57196,65.0,5.0,INDEX,INDEX,NIFTY 26300 CE 02 JUN 26,26300.0,1.0,,,NSE_INDEX|Nifty 50,NSE_INDEX|Nifty 50,,,,,,,,,,
1.0,NSE_FO,NIFTY,NSE,1780424999000.0,CE,NIFTY,NIFTY,NSE_FO|57180,65.0,1755.0,57180,65.0,5.0,INDEX,INDEX,NIFTY 25950 CE 02 JUN 26,25950.0,1.0,,,NSE_INDEX|Nifty 50,NSE_INDEX|Nifty 50,,,,,,,,,,
1.0,NSE_FO,NIFTY,NSE,1780424999000.0,CE,NIFTY,NIFTY,NSE_FO|57184,65.0,1755.0,57184,65.0,5.0,INDEX,INDEX,NIFTY 26050 CE 02 JUN 26,26050.0,1.0,,,NSE_INDEX|Nifty 50,NSE_INDEX|Nifty 50,,,,,,,,,,
1.0,NSE_FO,NIFTY,NSE,1780424999000.0,PE,NIFTY,NIFTY,NSE_FO|57183,65.0,1755.0,57183,65.0,5.0,INDEX,INDEX,NIFTY 26000 PE 02 JUN 26,26000.0,1.0,,,NSE_INDEX|Nifty 50,NSE_INDEX|Nifty 50,,,,,,,,,,
1.0,NSE_FO,NIFTY,NSE,1780424999000.0,CE,NIFTY,NIFTY,NSE_FO|57182,65.0,1755.0,57182,65.0,5.0,INDEX,INDEX,NIFTY 26000 CE 02 JUN 26,26000.0,1.0,,,NSE_INDEX|Nifty 50,NSE_INDEX|Nifty 50,,,,,,,,,,
1.0,NSE_FO,NIFTY,NSE,1780424999000.0,PE,NIFTY,NIFTY,NSE_FO|57181,65.0,1755.0,57181,65.0,5.0,INDEX,INDEX,NIFTY 25950 PE 02 JUN 26,25950.0,1.0,,,NSE_INDEX|Nifty 50,NSE_INDEX|Nifty 50,,,,,,,,,,
1.0,NSE_FO,NIFTY,NSE,1780424999000.0,CE,NIFTY,NIFTY,NSE_FO|57188,65.0,1755.0,57188,65.0,5.0,INDEX,INDEX,NIFTY 26100 CE 02 JUN 26,26100.0,1.0,,,NSE_INDEX|Nifty 50,NSE_INDEX|Nifty 50,,,,,,,,,,
1.0,NSE_FO,NIFTY,NSE,1780424999000.0,PE,NIFTY,NIFTY,NSE_FO|57187,65.0,1755.0,57187,65.0,5.0,INDEX,INDEX,NIFTY 26050 PE 02 JUN 26,26050.0,1.0,,,NSE_INDEX|Nifty 50,NSE_INDEX|Nifty 50,,,,,,,,,,
1.0,NSE_FO,NIFTY,NSE,1780424999000.0,PE,NIFTY,NIFTY,NSE_FO|57189,65.0,1755.0,57189,65.0,5.0,INDEX,INDEX,NIFTY 26100 PE 02 JUN 26,26100.0,1.0,,,NSE_INDEX|Nifty 50,NSE_INDEX|Nifty 50,,,,,,,,,,
1.0,NSE_FO,NIFTY,NSE,1780424999000.0,CE,NIFTY,NIFTY,NSE_FO|57012,65.0,1755.0,57012,65.0,5.0,INDEX,INDEX,NIFTY 23050 CE 02 JUN 26,23050.0,1.0,,,NSE_INDEX|Nifty 50,NSE_INDEX|Nifty 50,,,,,,,,,,
1.0,NSE_FO,NIFTY,NSE,1780424999000.0,PE,NIFTY,NIFTY,NSE_FO|57011,65.0,1755.0,57011,65.0,5.0,INDEX,INDEX,NIFTY 23000 PE 02 JUN 26,23000.0,1.0,,,NSE_INDEX|Nifty 50,NSE_INDEX|Nifty 50,,,,,,,,,,
1.0,NSE_FO,NIFTY,NSE,1780424999000.0,CE,NIFTY,NIFTY,NSE_FO|57010,65.0,1755.0,57010,65.0,5.0,INDEX,INDEX,NIFTY 23000 CE 02 JUN 26,23000.0,1.0,,,NSE_INDEX|Nifty 50,NSE_INDEX|Nifty 50,,,,,,,,,,
1.0,NSE_FO,NIFTY,NSE,1780424999000.0,CE,NIFTY,NIFTY,NSE_FO|57016,65.0,1755.0,57016,65.0,5.0,INDEX,INDEX,NIFTY 23150 CE 02 JUN 26,23150.0,1.0,,,NSE_INDEX|Nifty 50,NSE_INDEX|Nifty 50,,,,,,,,,,
1.0,NSE_FO,NIFTY,NSE,1780424999000.0,PE,NIFTY,NIFTY,NSE_FO|57015,65.0,1755.0,57015,65.0,5.0,INDEX,INDEX,NIFTY 23100 PE 02 JUN 26,23100.0,1.0,,,NSE_INDEX|Nifty 50,NSE_INDEX|Nifty 50,,,,,,,,,,
1.0,NSE_FO,NIFTY,NSE,1780424999000.0,CE,NIFTY,NIFTY,NSE_FO|57014,65.0,1755.0,57014,65.0,5.0,INDEX,INDEX,NIFTY 23100 CE 02 JUN 26,23100.0,1.0,,,NSE_INDEX|Nifty 50,NSE_INDEX|Nifty 50,,,,,,,,,,
1.0,NSE_FO,NIFTY,NSE,1780424999000.0,PE,NIFTY,NIFTY,NSE_FO|57013,65.0,1755.0,57013,65.0,5.0,INDEX,INDEX,NIFTY 23050 PE 02 JUN 26,23050.0,1.0,,,NSE_INDEX|Nifty 50,NSE_INDEX|Nifty 50,,,,,,,,,,
1.0,NSE_FO,NIFTY,NSE,1780424999000.0,PE,NIFTY,NIFTY,NSE_FO|57009,65.0,1755.0,57009,65.0,5.0,INDEX,INDEX,NIFTY 22950 PE 02 JUN 26,22950.0,1.0,,,NSE_INDEX|Nifty 50,NSE_INDEX|Nifty 50,,,,,,,,,,
1.0,NSE_FO,NIFTY,NSE,1780424999000.0,CE,NIFTY,NIFTY,NSE_FO|57008,65.0,1755.0,57008,65.0,5.0,INDEX,INDEX,NIFTY 22950 CE 02 JUN 26,22950.0,1.0,,,NSE_INDEX|Nifty 50,NSE_INDEX|Nifty 50,,,,,,,,,,
1.0,NSE_FO,NIFTY,NSE,1780424999000.0,PE,NIFTY,NIFTY,NSE_FO|57007,65.0,1755.0,57007,65.0,5.0,INDEX,INDEX,NIFTY 22900 PE 02 JUN 26,22900.0,1.0,,,NSE_INDEX|Nifty 50,NSE_INDEX|Nifty 50,,,,,,,,,,
1.0,NSE_FO,NIFTY,NSE,1780424999000.0,CE,NIFTY,NIFTY,NSE_FO|57006,65.0,1755.0,57006,65.0,5.0,INDEX,INDEX,NIFTY 22900 CE 02 JUN 26,22900.0,1.0,,,NSE_INDEX|Nifty 50,NSE_INDEX|Nifty 50,,,,,,,,,,
1.0,NSE_FO,NIFTY,NSE,1780424999000.0,PE,NIFTY,NIFTY,NSE_FO|57001,65.0,1755.0,57001,65.0,5.0,INDEX,INDEX,NIFTY 22800 PE 02 JUN 26,22800.0,1.0,,,NSE_INDEX|Nifty 50,NSE_INDEX|Nifty 50,,,,,,,,,,
1.0,NSE_FO,NIFTY,NSE,1780424999000.0,CE,NIFTY,NIFTY,NSE_FO|57000,65.0,1755.0,57000,65.0,5.0,INDEX,INDEX,NIFTY 22800 CE 02 JUN 26,22800.0,1.0,,,NSE_INDEX|Nifty 50,NSE_INDEX|Nifty 50,,,,,,,,,,
1.0,NSE_FO,NIFTY,NSE,1780424999000.0,PE,NIFTY,NIFTY,NSE_FO|57005,65.0,1755.0,57005,65.0,5.0,INDEX,INDEX,NIFTY 22850 PE 02 JUN 26,22850.0,1.0,,,NSE_INDEX|Nifty 50,NSE_INDEX|Nifty 50,,,,,,,,,,
1.0,NSE_FO,NIFTY,NSE,1780424999000.0,CE,NIFTY,NIFTY,NSE_FO|57004,65.0,1755.0,57004,65.0,5.0,INDEX,INDEX,NIFTY 22850 CE 02 JUN 26,22850.0,1.0,,,NSE_INDEX|Nifty 50,NSE_INDEX|Nifty 50,,,,,,,,,,
1.0,NSE_FO,NIFTY,NSE,1780424999000.0,CE,NIFTY,NIFTY,NSE_FO|57030,65.0,1755.0,57030,65.0,5.0,INDEX,INDEX,NIFTY 23500 CE 02 JUN 26,23500.0,1.0,,,NSE_INDEX|Nifty 50,NSE_INDEX|Nifty 50,,,,,,,,,,
1.0,NSE_FO,NIFTY,NSE,1780424999000.0,CE,NIFTY,NIFTY,NSE_FO|57034,65.0,1755.0,57034,65.0,5.0,INDEX,INDEX,NIFTY 23600 CE 02 JUN 26,23600.0,1.0,,,NSE_INDEX|Nifty 50,NSE_INDEX|Nifty 50,,,,,,,,,,
1.0,NSE_FO,NIFTY,NSE,1780424999000.0,PE,NIFTY,NIFTY,NSE_FO|57033,65.0,1755.0,57033,65.0,5.0,INDEX,INDEX,NIFTY 23550 PE 02 JUN 26,23550.0,1.0,,,NSE_INDEX|Nifty 50,NSE_INDEX|Nifty 50,,,,,,,,,,
1.0,NSE_FO,NIFTY,NSE,1780424999000.0,CE,NIFTY,NIFTY,NSE_FO|57032,65.0,1755.0,57032,65.0,5.0,INDEX,INDEX,NIFTY 23550 CE 02 JUN 26,23550.0,1.0,,,NSE_INDEX|Nifty 50,NSE_INDEX|Nifty 50,,,,,,,,,,
1.0,NSE_FO,NIFTY,NSE,1780424999000.0,PE,NIFTY,NIFTY,NSE_FO|57031,65.0,1755.0,57031,65.0,5.0,INDEX,INDEX,NIFTY 23500 PE 02 JUN 26,23500.0,1.0,,,NSE_INDEX|Nifty 50,NSE_INDEX|Nifty 50,,,,,,,,,,
1.0,NSE_FO,NIFTY,NSE,1780424999000.0,CE,NIFTY,NIFTY,NSE_FO|57038,65.0,1755.0,57038,65.0,5.0,INDEX,INDEX,NIFTY 23700 CE 02 JUN 26,23700.0,1.0,,,NSE_INDEX|Nifty 50,NSE_INDEX|Nifty 50,,,,,,,,,,
1.0,NSE_FO,NIFTY,NSE,1780424999000.0,PE,NIFTY,NIFTY,NSE_FO|57037,65.0,1755.0,57037,65.0,5.0,INDEX,INDEX,NIFTY 23650 PE 02 JUN 26,23650.0,1.0,,,NSE_INDEX|Nifty 50,NSE_INDEX|Nifty 50,,,,,,,,,,
1.0,NSE_FO,NIFTY,NSE,1780424999000.0,CE,NIFTY,NIFTY,NSE_FO|57036,65.0,1755.0,57036,65.0,5.0,INDEX,INDEX,NIFTY 23650 CE 02 JUN 26,23650.0,1.0,,,NSE_INDEX|Nifty 50,NSE_INDEX|Nifty 50,,,,,,,,,,
1.0,NSE_FO,NIFTY,NSE,1780424999000.0,PE,NIFTY,NIFTY,NSE_FO|57035,65.0,1755.0,57035,65.0,5.0,INDEX,INDEX,NIFTY 23600 PE 02 JUN 26,23600.0,1.0,,,NSE_INDEX|Nifty 50,NSE_INDEX|Nifty 50,,,,,,,,,,
1.0,NSE_FO,NIFTY,NSE,1780424999000.0,PE,NIFTY,NIFTY,NSE_FO|57029,65.0,1755.0,57029,65.0,5.0,INDEX,INDEX,NIFTY 23450 PE 02 JUN 26,23450.0,1.0,,,NSE_INDEX|Nifty 50,NSE_INDEX|Nifty 50,,,,,,,,,,
1.0,NSE_FO,NIFTY,NSE,1780424999000.0,CE,NIFTY,NIFTY,NSE_FO|57028,65.0,1755.0,57028,65.0,5.0,INDEX,INDEX,NIFTY 23450 CE 02 JUN 26,23450.0,1.0,,,NSE_INDEX|Nifty 50,NSE_INDEX|Nifty 50,,,,,,,,,,
1.0,NSE_FO,NIFTY,NSE,1780424999000.0,PE,NIFTY,NIFTY,NSE_FO|57023,65.0,1755.0,57023,65.0,5.0,INDEX,INDEX,NIFTY 23300 PE 02 JUN 26,23300.0,1.0,,,NSE_INDEX|Nifty 50,NSE_INDEX|Nifty 50,,,,,,,,,,
1.0,NSE_FO,NIFTY,NSE,1780424999000.0,CE,NIFTY,NIFTY,NSE_FO|57022,65.0,1755.0,57022,65.0,5.0,INDEX,INDEX,NIFTY 23300 CE 02 JUN 26,23300.0,1.0,,,NSE_INDEX|Nifty 50,NSE_INDEX|Nifty 50,,,,,,,,,,
1.0,NSE_FO,NIFTY,NSE,1780424999000.0,PE,NIFTY,NIFTY,NSE_FO|57021,65.0,1755.0,57021,65.0,5.0,INDEX,INDEX,NIFTY 23250 PE 02 JUN 26,23250.0,1.0,,,NSE_INDEX|Nifty 50,NSE_INDEX|Nifty 50,,,,,,,,,,
1.0,NSE_FO,NIFTY,NSE,1780424999000.0,CE,NIFTY,NIFTY,NSE_FO|57020,65.0,1755.0,57020,65.0,5.0,INDEX,INDEX,NIFTY 23250 CE 02 JUN 26,23250.0,1.0,,,NSE_INDEX|Nifty 50,NSE_INDEX|Nifty 50,,,,,,,,,,
1.0,NSE_FO,NIFTY,NSE,1780424999000.0,PE,NIFTY,NIFTY,NSE_FO|57027,65.0,1755.0,57027,65.0,5.0,INDEX,INDEX,NIFTY 23400 PE 02 JUN 26,23400.0,1.0,,,NSE_INDEX|Nifty 50,NSE_INDEX|Nifty 50,,,,,,,,,,
1.0,NSE_FO,NIFTY,NSE,1780424999000.0,CE,NIFTY,NIFTY,NSE_FO|57026,65.0,1755.0,57026,65.0,5.0,INDEX,INDEX,NIFTY 23400 CE 02 JUN 26,23400.0,1.0,,,NSE_INDEX|Nifty 50,NSE_INDEX|Nifty 50,,,,,,,,,,
1.0,NSE_FO,NIFTY,NSE,1780424999000.0,PE,NIFTY,NIFTY,NSE_FO|57025,65.0,1755.0,57025,65.0,5.0,INDEX,INDEX,NIFTY 23350 PE 02 JUN 26,23350.0,1.0,,,NSE_INDEX|Nifty 50,NSE_INDEX|Nifty 50,,,,,,,,,,
1.0,NSE_FO,NIFTY,NSE,1780424999000.0,CE,NIFTY,NIFTY,NSE_FO|57024,65.0,1755.0,57024,65.0,5.0,INDEX,INDEX,NIFTY 23350 CE 02 JUN 26,23350.0,1.0,,,NSE_INDEX|Nifty 50,NSE_INDEX|Nifty 50,,,,,,,,,,
1.0,NSE_FO,NIFTY,NSE,1780424999000.0,PE,NIFTY,NIFTY,NSE_FO|57019,65.0,1755.0,57019,65.0,5.0,INDEX,INDEX,NIFTY 23200 PE 02 JUN 26,23200.0,1.0,,,NSE_INDEX|Nifty 50,NSE_INDEX|Nifty 50,,,,,,,,,,
1.0,NSE_FO,NIFTY,NSE,1780424999000.0,CE,NIFTY,NIFTY,NSE_FO|57018,65.0,1755.0,57018,65.0,5.0,INDEX,INDEX,NIFTY 23200 CE 02 JUN 26,23200.0,1.0,,,NSE_INDEX|Nifty 50,NSE_INDEX|Nifty 50,,,,,,,,,,
1.0,NSE_FO,NIFTY,NSE,1780424999000.0,PE,NIFTY,NIFTY,NSE_FO|57017,65.0,1755.0,57017,65.0,5.0,INDEX,INDEX,NIFTY 23150 PE 02 JUN 26,23150.0,1.0,,,NSE_INDEX|Nifty 50,NSE_INDEX|Nifty 50,,,,,,,,,,
1.0,NSE_FO,NIFTY,NSE,1780424999000.0,CE,NIFTY,NIFTY,NSE_FO|57092,65.0,1755.0,57092,65.0,5.0,INDEX,INDEX,NIFTY 24650 CE 02 JUN 26,24650.0,1.0,,,NSE_INDEX|Nifty 50,NSE_INDEX|Nifty 50,,,,,,,,,,
1.0,NSE_FO,NIFTY,NSE,1780424999000.0,PE,NIFTY,NIFTY,NSE_FO|57091,65.0,1755.0,57091,65.0,5.0,INDEX,INDEX,NIFTY 24600 PE 02 JUN 26,24600.0,1.0,,,NSE_INDEX|Nifty 50,NSE_INDEX|Nifty 50,,,,,,,,,,
1.0,NSE_FO,NIFTY,NSE,1780424999000.0,CE,NIFTY,NIFTY,NSE_FO|57090,65.0,1755.0,57090,65.0,5.0,INDEX,INDEX,NIFTY 24600 CE 02 JUN 26,24600.0,1.0,,,NSE_INDEX|Nifty 50,NSE_INDEX|Nifty 50,,,,,,,,,,
1.0,NSE_FO,NIFTY,NSE,1780424999000.0,CE,NIFTY,NIFTY,NSE_FO|57096,65.0,1755.0,57096,65.0,5.0,INDEX,INDEX,NIFTY 24750 CE 02 JUN 26,24750.0,1.0,,,NSE_INDEX|Nifty 50,NSE_INDEX|Nifty 50,,,,,,,,,,
1.0,NSE_FO,NIFTY,NSE,1780424999000.0,PE,NIFTY,NIFTY,NSE_FO|57095,65.0,1755.0,57095,65.0,5.0,INDEX,INDEX,NIFTY 24700 PE 02 JUN 26,24700.0,1.0,,,NSE_INDEX|Nifty 50,NSE_INDEX|Nifty 50,,,,,,,,,,
1.0,NSE_FO,NIFTY,NSE,1780424999000.0,CE,NIFTY,NIFTY,NSE_FO|57094,65.0,1755.0,57094,65.0,5.0,INDEX,INDEX,NIFTY 24700 CE 02 JUN 26,24700.0,1.0,,,NSE_INDEX|Nifty 50,NSE_INDEX|Nifty 50,,,,,,,,,,
1.0,NSE_FO,NIFTY,NSE,1780424999000.0,PE,NIFTY,NIFTY,NSE_FO|57093,65.0,1755.0,57093,65.0,5.0,INDEX,INDEX,NIFTY 24650 PE 02 JUN 26,24650.0,1.0,,,NSE_INDEX|Nifty 50,NSE_INDEX|Nifty 50,,,,,,,,,,
1.0,NSE_FO,NIFTY,NSE,1780424999000.0,PE,NIFTY,NIFTY,NSE_FO|57099,65.0,1755.0,57099,65.0,5.0,INDEX,INDEX,NIFTY 24800 PE 02 JUN 26,24800.0,1.0,,,NSE_INDEX|Nifty 50,NSE_INDEX|Nifty 50,,,,,,,,,,
1.0,NSE_FO,NIFTY,NSE,1780424999000.0,CE,NIFTY,NIFTY,NSE_FO|57098,65.0,1755.0,57098,65.0,5.0,INDEX,INDEX,NIFTY 24800 CE 02 JUN 26,24800.0,1.0,,,NSE_INDEX|Nifty 50,NSE_INDEX|Nifty 50,,,,,,,,,,
1.0,NSE_FO,NIFTY,NSE,1780424999000.0,PE,NIFTY,NIFTY,NSE_FO|57097,65.0,1755.0,57097,65.0,5.0,INDEX,INDEX,NIFTY 24750 PE 02 JUN 26,24750.0,1.0,,,NSE_INDEX|Nifty 50,NSE_INDEX|Nifty 50,,,,,,,,,,
1.0,NSE_FO,NIFTY,NSE,1780424999000.0,PE,NIFTY,NIFTY,NSE_FO|57081,65.0,1755.0,57081,65.0,5.0,INDEX,INDEX,NIFTY 24450 PE 02 JUN 26,24450.0,1.0,,,NSE_INDEX|Nifty 50,NSE_INDEX|Nifty 50,,,,,,,,,,
1.0,NSE_FO,NIFTY,NSE,1780424999000.0,CE,NIFTY,NIFTY,NSE_FO|57084,65.0,1755.0,57084,65.0,5.0,INDEX,INDEX,NIFTY 24550 CE 02 JUN 26,24550.0,1.0,,,NSE_INDEX|Nifty 50,NSE_INDEX|Nifty 50,,,,,,,,,,
1.0,NSE_FO,NIFTY,NSE,1780424999000.0,PE,NIFTY,NIFTY,NSE_FO|57083,65.0,1755.0,57083,65.0,5.0,INDEX,INDEX,NIFTY 24500 PE 02 JUN 26,24500.0,1.0,,,NSE_INDEX|Nifty 50,NSE_INDEX|Nifty 50,,,,,,,,,,
1.0,NSE_FO,NIFTY,NSE,1780424999000.0,CE,NIFTY,NIFTY,NSE_FO|57082,65.0,1755.0,57082,65.0,5.0,INDEX,INDEX,NIFTY 24500 CE 02 JUN 26,24500.0,1.0,,,NSE_INDEX|Nifty 50,NSE_INDEX|Nifty 50,,,,,,,,,,
1.0,NSE_FO,NIFTY,NSE,1780424999000.0,PE,NIFTY,NIFTY,NSE_FO|57089,65.0,1755.0,57089,65.0,5.0,INDEX,INDEX,NIFTY 24550 PE 02 JUN 26,24550.0,1.0,,,NSE_INDEX|Nifty 50,NSE_INDEX|Nifty 50,,,,,,,,,,
1.0,NSE_FO,NIFTY,NSE,1780424999000.0,CE,NIFTY,NIFTY,NSE_FO|57052,65.0,1755.0,57052,65.0,5.0,INDEX,INDEX,NIFTY 24050 CE 02 JUN 26,24050.0,1.0,,,NSE_INDEX|Nifty 50,NSE_INDEX|Nifty 50,,,,,,,,,,
1.0,NSE_FO,NIFTY,NSE,1780424999000.0,PE,NIFTY,NIFTY,NSE_FO|57051,65.0,1755.0,57051,65.0,5.0,INDEX,INDEX,NIFTY 24000 PE 02 JUN 26,24000.0,1.0,,,NSE_INDEX|Nifty 50,NSE_INDEX|Nifty 50,,,,,,,,,,
1.0,NSE_FO,NIFTY,NSE,1780424999000.0,CE,NIFTY,NIFTY,NSE_FO|57050,65.0,1755.0,57050,65.0,5.0,INDEX,INDEX,NIFTY 24000 CE 02 JUN 26,24000.0,1.0,,,NSE_INDEX|Nifty 50,NSE_INDEX|Nifty 50,,,,,,,,,,
1.0,NSE_FO,NIFTY,NSE,1780424999000.0,CE,NIFTY,NIFTY,NSE_FO|57056,65.0,1755.0,57056,65.0,5.0,INDEX,INDEX,NIFTY 24150 CE 02 JUN 26,24150.0,1.0,,,NSE_INDEX|Nifty 50,NSE_INDEX|Nifty 50,,,,,,,,,,
1.0,NSE_FO,NIFTY,NSE,1780424999000.0,PE,NIFTY,NIFTY,NSE_FO|57055,65.0,1755.0,57055,65.0,5.0,INDEX,INDEX,NIFTY 24100 PE 02 JUN 26,24100.0,1.0,,,NSE_INDEX|Nifty 50,NSE_INDEX|Nifty 50,,,,,,,,,,
1.0,NSE_FO,NIFTY,NSE,1780424999000.0,CE,NIFTY,NIFTY,NSE_FO|57054,65.0,1755.0,57054,65.0,5.0,INDEX,INDEX,NIFTY 24100 CE 02 JUN 26,24100.0,1.0,,,NSE_INDEX|Nifty 50,NSE_INDEX|Nifty 50,,,,,,,,,,
1.0,NSE_FO,NIFTY,NSE,1780424999000.0,PE,NIFTY,NIFTY,NSE_FO|57053,65.0,1755.0,57053,65.0,5.0,INDEX,INDEX,NIFTY 24050 PE 02 JUN 26,24050.0,1.0,,,NSE_INDEX|Nifty 50,NSE_INDEX|Nifty 50,,,,,,,,,,
1.0,NSE_FO,NIFTY,NSE,1780424999000.0,PE,NIFTY,NIFTY,NSE_FO|57059,65.0,1755.0,57059,65.0,5.0,INDEX,INDEX,NIFTY 24200 PE 02 JUN 26,24200.0,1.0,,,NSE_INDEX|Nifty 50,NSE_INDEX|Nifty 50,,,,,,,,,,
1.0,NSE_FO,NIFTY,NSE,1780424999000.0,CE,NIFTY,NIFTY,NSE_FO|57058,65.0,1755.0,57058,65.0,5.0,INDEX,INDEX,NIFTY 24200 CE 02 JUN 26,24200.0,1.0,,,NSE_INDEX|Nifty 50,NSE_INDEX|Nifty 50,,,,,,,,,,
1.0,NSE_FO,NIFTY,NSE,1780424999000.0,PE,NIFTY,NIFTY,NSE_FO|57057,65.0,1755.0,57057,65.0,5.0,INDEX,INDEX,NIFTY 24150 PE 02 JUN 26,24150.0,1.0,,,NSE_INDEX|Nifty 50,NSE_INDEX|Nifty 50,,,,,,,,,,
1.0,NSE_FO,NIFTY,NSE,1780424999000.0,PE,NIFTY,NIFTY,NSE_FO|57041,65.0,1755.0,57041,65.0,5.0,INDEX,INDEX,NIFTY 23750 PE 02 JUN 26,23750.0,1.0,,,NSE_INDEX|Nifty 50,NSE_INDEX|Nifty 50,,,,,,,,,,
1.0,NSE_FO,NIFTY,NSE,1780424999000.0,CE,NIFTY,NIFTY,NSE_FO|57040,65.0,1755.0,57040,65.0,5.0,INDEX,INDEX,NIFTY 23750 CE 02 JUN 26,23750.0,1.0,,,NSE_INDEX|Nifty 50,NSE_INDEX|Nifty 50,,,,,,,,,,
1.0,NSE_FO,NIFTY,NSE,1780424999000.0,PE,NIFTY,NIFTY,NSE_FO|57045,65.0,1755.0,57045,65.0,5.0,INDEX,INDEX,NIFTY 23850 PE 02 JUN 26,23850.0,1.0,,,NSE_INDEX|Nifty 50,NSE_INDEX|Nifty 50,,,,,,,,,,
1.0,NSE_FO,NIFTY,NSE,1780424999000.0,CE,NIFTY,NIFTY,NSE_FO|57044,65.0,1755.0,57044,65.0,5.0,INDEX,INDEX,NIFTY 23850 CE 02 JUN 26,23850.0,1.0,,,NSE_INDEX|Nifty 50,NSE_INDEX|Nifty 50,,,,,,,,,,
1.0,NSE_FO,NIFTY,NSE,1780424999000.0,PE,NIFTY,NIFTY,NSE_FO|57043,65.0,1755.0,57043,65.0,5.0,INDEX,INDEX,NIFTY 23800 PE 02 JUN 26,23800.0,1.0,,,NSE_INDEX|Nifty 50,NSE_INDEX|Nifty 50,,,,,,,,,,
1.0,NSE_FO,NIFTY,NSE,1780424999000.0,CE,NIFTY,NIFTY,NSE_FO|57042,65.0,1755.0,57042,65.0,5.0,INDEX,INDEX,NIFTY 23800 CE 02 JUN 26,23800.0,1.0,,,NSE_INDEX|Nifty 50,NSE_INDEX|Nifty 50,,,,,,,,,,
1.0,NSE_FO,NIFTY,NSE,1780424999000.0,PE,NIFTY,NIFTY,NSE_FO|57049,65.0,1755.0,57049,65.0,5.0,INDEX,INDEX,NIFTY 23950 PE 02 JUN 26,23950.0,1.0,,,NSE_INDEX|Nifty 50,NSE_INDEX|Nifty 50,,,,,,,,,,
1.0,NSE_FO,NIFTY,NSE,1780424999000.0,CE,NIFTY,NIFTY,NSE_FO|57048,65.0,1755.0,57048,65.0,5.0,INDEX,INDEX,NIFTY 23950 CE 02 JUN 26,23950.0,1.0,,,NSE_INDEX|Nifty 50,NSE_INDEX|Nifty 50,,,,,,,,,,
1.0,NSE_FO,NIFTY,NSE,1780424999000.0,PE,NIFTY,NIFTY,NSE_FO|57047,65.0,1755.0,57047,65.0,5.0,INDEX,INDEX,NIFTY 23900 PE 02 JUN 26,23900.0,1.0,,,NSE_INDEX|Nifty 50,NSE_INDEX|Nifty 50,,,,,,,,,,
1.0,NSE_FO,NIFTY,NSE,1780424999000.0,CE,NIFTY,NIFTY,NSE_FO|57046,65.0,1755.0,57046,65.0,5.0,INDEX,INDEX,NIFTY 23900 CE 02 JUN 26,23900.0,1.0,,,NSE_INDEX|Nifty 50,NSE_INDEX|Nifty 50,,,,,,,,,,
1.0,NSE_FO,NIFTY,NSE,1780424999000.0,PE,NIFTY,NIFTY,NSE_FO|57039,65.0,1755.0,57039,65.0,5.0,INDEX,INDEX,NIFTY 23700 PE 02 JUN 26,23700.0,1.0,,,NSE_INDEX|Nifty 50,NSE_INDEX|Nifty 50,,,,,,,,,,
1.0,NSE_FO,NIFTY,NSE,1780424999000.0,CE,NIFTY,NIFTY,NSE_FO|57074,65.0,1755.0,57074,65.0,5.0,INDEX,INDEX,NIFTY 24450 CE 02 JUN 26,24450.0,1.0,,,NSE_INDEX|Nifty 50,NSE_INDEX|Nifty 50,,,,,,,,,,
1.0,NSE_FO,NIFTY,NSE,1780424999000.0,PE,NIFTY,NIFTY,NSE_FO|57073,65.0,1755.0,57073,65.0,5.0,INDEX,INDEX,NIFTY 24400 PE 02 JUN 26,24400.0,1.0,,,NSE_INDEX|Nifty 50,NSE_INDEX|Nifty 50,,,,,,,,,,
1.0,NSE_FO,NIFTY,NSE,1780424999000.0,CE,NIFTY,NIFTY,NSE_FO|57072,65.0,1755.0,57072,65.0,5.0,INDEX,INDEX,NIFTY 24400 CE 02 JUN 26,24400.0,1.0,,,NSE_INDEX|Nifty 50,NSE_INDEX|Nifty 50,,,,,,,,,,
1.0,NSE_FO,NIFTY,NSE,1780424999000.0,PE,NIFTY,NIFTY,NSE_FO|57071,65.0,1755.0,57071,65.0,5.0,INDEX,INDEX,NIFTY 24350 PE 02 JUN 26,24350.0,1.0,,,NSE_INDEX|Nifty 50,NSE_INDEX|Nifty 50,,,,,,,,,,
1.0,NSE_FO,NIFTY,NSE,1780424999000.0,PE,NIFTY,NIFTY,NSE_FO|57063,65.0,1755.0,57063,65.0,5.0,INDEX,INDEX,NIFTY 24250 PE 02 JUN 26,24250.0,1.0,,,NSE_INDEX|Nifty 50,NSE_INDEX|Nifty 50,,,,,,,,,,
1.0,NSE_FO,NIFTY,NSE,1780424999000.0,CE,NIFTY,NIFTY,NSE_FO|57060,65.0,1755.0,57060,65.0,5.0,INDEX,INDEX,NIFTY 24250 CE 02 JUN 26,24250.0,1.0,,,NSE_INDEX|Nifty 50,NSE_INDEX|Nifty 50,,,,,,,,,,
1.0,NSE_FO,NIFTY,NSE,1780424999000.0,CE,NIFTY,NIFTY,NSE_FO|57066,65.0,1755.0,57066,65.0,5.0,INDEX,INDEX,NIFTY 24350 CE 02 JUN 26,24350.0,1.0,,,NSE_INDEX|Nifty 50,NSE_INDEX|Nifty 50,,,,,,,,,,
1.0,NSE_FO,NIFTY,NSE,1780424999000.0,PE,NIFTY,NIFTY,NSE_FO|57065,65.0,1755.0,57065,65.0,5.0,INDEX,INDEX,NIFTY 24300 PE 02 JUN 26,24300.0,1.0,,,NSE_INDEX|Nifty 50,NSE_INDEX|Nifty 50,,,,,,,,,,
1.0,NSE_FO,NIFTY,NSE,1780424999000.0,CE,NIFTY,NIFTY,NSE_FO|57064,65.0,1755.0,57064,65.0,5.0,INDEX,INDEX,NIFTY 24300 CE 02 JUN 26,24300.0,1.0,,,NSE_INDEX|Nifty 50,NSE_INDEX|Nifty 50,,,,,,,,,,
0.0,NSE_FO,NIFTY,NSE,1779820199000.0,PE,NIFTY,NIFTY,NSE_FO|38407,65.0,1755.0,38407,65.0,5.0,INDEX,INDEX,NIFTY 20100 PE 26 MAY 26,20100.0,1.0,,,NSE_INDEX|Nifty 50,NSE_INDEX|Nifty 50,,,,,,,,,,
0.0,NSE_FO,NIFTY,NSE,1779820199000.0,CE,NIFTY,NIFTY,NSE_FO|38406,65.0,1755.0,38406,65.0,5.0,INDEX,INDEX,NIFTY 20100 CE 26 MAY 26,20100.0,1.0,,,NSE_INDEX|Nifty 50,NSE_INDEX|Nifty 50,,,,,,,,,,
0.0,NSE_FO,NIFTY,NSE,1782844199000.0,PE,NIFTY,NIFTY,NSE_FO|38380,65.0,1755.0,38380,65.0,5.0,INDEX,INDEX,NIFTY 20000 PE 30 JUN 26,20000.0,1.0,,,NSE_INDEX|Nifty 50,NSE_INDEX|Nifty 50,,,,,,,,,,
0.0,NSE_FO,NIFTY,NSE,1782844199000.0,CE,NIFTY,NIFTY,NSE_FO|38154,65.0,1755.0,38154,65.0,5.0,INDEX,INDEX,NIFTY 29000 CE 30 JUN 26,29000.0,1.0,,,NSE_INDEX|Nifty 50,NSE_INDEX|Nifty 50,,,,,,,,,,
0.0,NSE_FO,NIFTY,NSE,1798568999000.0,PE,NIFTY,NIFTY,NSE_FO|38159,65.0,1755.0,38159,65.0,5.0,INDEX,INDEX,NIFTY 29000 PE 29 DEC 26,29000.0,1.0,,,NSE_INDEX|Nifty 50,NSE_INDEX|Nifty 50,,,,,,,,,,
0.0,NSE_FO,NIFTY,NSE,1798568999000.0,CE,NIFTY,NIFTY,NSE_FO|38158,65.0,1755.0,38158,65.0,5.0,INDEX,INDEX,NIFTY 29000 CE 29 DEC 26,29000.0,1.0,,,NSE_INDEX|Nifty 50,NSE_INDEX|Nifty 50,,,,,,,,,,
0.0,NSE_FO,NIFTY,NSE,1782844199000.0,PE,NIFTY,NIFTY,NSE_FO|38157,65.0,1755.0,38157,65.0,5.0,INDEX,INDEX,NIFTY 29000 PE 30 JUN 26,29000.0,1.0,,,NSE_INDEX|Nifty 50,NSE_INDEX|Nifty 50,,,,,,,,,,
0.0,NSE_FO,NIFTY,NSE,1785263399000.0,CE,NIFTY,NIFTY,NSE_FO|63829,65.0,1755.0,63829,65.0,5.0,INDEX,INDEX,NIFTY 21450 CE 28 JUL 26,21450.0,1.0,,,NSE_INDEX|Nifty 50,NSE_INDEX|Nifty 50,,,,,,,,,,
0.0,NSE_FO,NIFTY,NSE,1785263399000.0,PE,NIFTY,NIFTY,NSE_FO|63826,65.0,1755.0,63826,65.0,5.0,INDEX,INDEX,NIFTY 21400 PE 28 JUL 26,21400.0,1.0,,,NSE_INDEX|Nifty 50,NSE_INDEX|Nifty 50,,,,,,,,,,
0.0,NSE_FO,NIFTY,NSE,1785263399000.0,CE,NIFTY,NIFTY,NSE_FO|63825,65.0,1755.0,63825,65.0,5.0,INDEX,INDEX,NIFTY 21400 CE 28 JUL 26,21400.0,1.0,,,NSE_INDEX|Nifty 50,NSE_INDEX|Nifty 50,,,,,,,,,,
0.0,NSE_FO,NIFTY,NSE,1785263399000.0,PE,NIFTY,NIFTY,NSE_FO|63824,65.0,1755.0,63824,65.0,5.0,INDEX,INDEX,NIFTY 21350 PE 28 JUL 26,21350.0,1.0,,,NSE_INDEX|Nifty 50,NSE_INDEX|Nifty 50,,,,,,,,,,
0.0,NSE_FO,NIFTY,NSE,1785263399000.0,CE,NIFTY,NIFTY,NSE_FO|63823,65.0,1755.0,63823,65.0,5.0,INDEX,INDEX,NIFTY 21350 CE 28 JUL 26,21350.0,1.0,,,NSE_INDEX|Nifty 50,NSE_INDEX|Nifty 50,,,,,,,,,,
0.0,NSE_FO,NIFTY,NSE,1785263399000.0,PE,NIFTY,NIFTY,NSE_FO|63820,65.0,1755.0,63820,65.0,5.0,INDEX,INDEX,NIFTY 21300 PE 28 JUL 26,21300.0,1.0,,,NSE_INDEX|Nifty 50,NSE_INDEX|Nifty 50,,,,,,,,,,
0.0,NSE_FO,NIFTY,NSE,1785263399000.0,CE,NIFTY,NIFTY,NSE_FO|63819,65.0,1755.0,63819,65.0,5.0,INDEX,INDEX,NIFTY 21300 CE 28 JUL 26,21300.0,1.0,,,NSE_INDEX|Nifty 50,NSE_INDEX|Nifty 50,,,,,,,,,,
0.0,NSE_FO,NIFTY,NSE,1785263399000.0,PE,NIFTY,NIFTY,NSE_FO|63818,65.0,1755.0,63818,65.0,5.0,INDEX,INDEX,NIFTY 21250 PE 28 JUL 26,21250.0,1.0,,,NSE_INDEX|Nifty 50,NSE_INDEX|Nifty 50,,,,,,,,,,
0.0,NSE_FO,NIFTY,NSE,1785263399000.0,CE,NIFTY,NIFTY,NSE_FO|63817,65.0,1755.0,63817,65.0,5.0,INDEX,INDEX,NIFTY 21250 CE 28 JUL 26,21250.0,1.0,,,NSE_INDEX|Nifty 50,NSE_INDEX|Nifty 50,,,,,,,,,,
0.0,NSE_FO,NIFTY,NSE,1785263399000.0,PE,NIFTY,NIFTY,NSE_FO|63816,65.0,1755.0,63816,65.0,5.0,INDEX,INDEX,NIFTY 21200 PE 28 JUL 26,21200.0,1.0,,,NSE_INDEX|Nifty 50,NSE_INDEX|Nifty 50,,,,,,,,,,
0.0,NSE_FO,NIFTY,NSE,1785263399000.0,CE,NIFTY,NIFTY,NSE_FO|63815,65.0,1755.0,63815,65.0,5.0,INDEX,INDEX,NIFTY 21200 CE 28 JUL 26,21200.0,1.0,,,NSE_INDEX|Nifty 50,NSE_INDEX|Nifty 50,,,,,,,,,,
0.0,NSE_FO,NIFTY,NSE,1785263399000.0,PE,NIFTY,NIFTY,NSE_FO|63814,65.0,1755.0,63814,65.0,5.0,INDEX,INDEX,NIFTY 21150 PE 28 JUL 26,21150.0,1.0,,,NSE_INDEX|Nifty 50,NSE_INDEX|Nifty 50,,,,,,,,,,
0.0,NSE_FO,NIFTY,NSE,1785263399000.0,CE,NIFTY,NIFTY,NSE_FO|63813,65.0,1755.0,63813,65.0,5.0,INDEX,INDEX,NIFTY 21150 CE 28 JUL 26,21150.0,1.0,,,NSE_INDEX|Nifty 50,NSE_INDEX|Nifty 50,,,,,,,,,,
0.0,NSE_FO,NIFTY,NSE,1785263399000.0,PE,NIFTY,NIFTY,NSE_FO|63812,65.0,1755.0,63812,65.0,5.0,INDEX,INDEX,NIFTY 21100 PE 28 JUL 26,21100.0,1.0,,,NSE_INDEX|Nifty 50,NSE_INDEX|Nifty 50,,,,,,,,,,
0.0,NSE_FO,NIFTY,NSE,1785263399000.0,CE,NIFTY,NIFTY,NSE_FO|63811,65.0,1755.0,63811,65.0,5.0,INDEX,INDEX,NIFTY 21100 CE 28 JUL 26,21100.0,1.0,,,NSE_INDEX|Nifty 50,NSE_INDEX|Nifty 50,,,,,,,,,,
0.0,NSE_FO,NIFTY,NSE,1785263399000.0,CE,NIFTY,NIFTY,NSE_FO|63891,65.0,1755.0,63891,65.0,5.0,INDEX,INDEX,NIFTY 22900 CE 28 JUL 26,22900.0,1.0,,,NSE_INDEX|Nifty 50,NSE_INDEX|Nifty 50,,,,,,,,,,
0.0,NSE_FO,NIFTY,NSE,1785263399000.0,PE,NIFTY,NIFTY,NSE_FO|63890,65.0,1755.0,63890,65.0,5.0,INDEX,INDEX,NIFTY 22850 PE 28 JUL 26,22850.0,1.0,,,NSE_INDEX|Nifty 50,NSE_INDEX|Nifty 50,,,,,,,,,,
0.0,NSE_FO,NIFTY,NSE,1785263399000.0,CE,NIFTY,NIFTY,NSE_FO|63889,65.0,1755.0,63889,65.0,5.0,INDEX,INDEX,NIFTY 22850 CE 28 JUL 26,22850.0,1.0,,,NSE_INDEX|Nifty 50,NSE_INDEX|Nifty 50,,,,,,,,,,
0.0,NSE_FO,NIFTY,NSE,1785263399000.0,PE,NIFTY,NIFTY,NSE_FO|63888,65.0,1755.0,63888,65.0,5.0,INDEX,INDEX,NIFTY 22800 PE 28 JUL 26,22800.0,1.0,,,NSE_INDEX|Nifty 50,NSE_INDEX|Nifty 50,,,,,,,,,,
0.0,NSE_FO,NIFTY,NSE,1785263399000.0,CE,NIFTY,NIFTY,NSE_FO|63887,65.0,1755.0,63887,65.0,5.0,INDEX,INDEX,NIFTY 22800 CE 28 JUL 26,22800.0,1.0,,,NSE_INDEX|Nifty 50,NSE_INDEX|Nifty 50,,,,,,,,,,
0.0,NSE_FO,NIFTY,NSE,1785263399000.0,PE,NIFTY,NIFTY,NSE_FO|63886,65.0,1755.0,63886,65.0,5.0,INDEX,INDEX,NIFTY 22750 PE 28 JUL 26,22750.0,1.0,,,NSE_INDEX|Nifty 50,NSE_INDEX|Nifty 50,,,,,,,,,,
0.0,NSE_FO,NIFTY,NSE,1785263399000.0,CE,NIFTY,NIFTY,NSE_FO|63885,65.0,1755.0,63885,65.0,5.0,INDEX,INDEX,NIFTY 22750 CE 28 JUL 26,22750.0,1.0,,,NSE_INDEX|Nifty 50,NSE_INDEX|Nifty 50,,,,,,,,,,
0.0,NSE_FO,NIFTY,NSE,1785263399000.0,PE,NIFTY,NIFTY,NSE_FO|63884,65.0,1755.0,63884,65.0,5.0,INDEX,INDEX,NIFTY 22700 PE 28 JUL 26,22700.0,1.0,,,NSE_INDEX|Nifty 50,NSE_INDEX|Nifty 50,,,,,,,,,,
0.0,NSE_FO,NIFTY,NSE,1785263399000.0,CE,NIFTY,NIFTY,NSE_FO|63883,65.0,1755.0,63883,65.0,5.0,INDEX,INDEX,NIFTY 22700 CE 28 JUL 26,22700.0,1.0,,,NSE_INDEX|Nifty 50,NSE_INDEX|Nifty 50,,,,,,,,,,
0.0,NSE_FO,NIFTY,NSE,1785263399000.0,PE,NIFTY,NIFTY,NSE_FO|63882,65.0,1755.0,63882,65.0,5.0,INDEX,INDEX,NIFTY 22650 PE 28 JUL 26,22650.0,1.0,,,NSE_INDEX|Nifty 50,NSE_INDEX|Nifty 50,,,,,,,,,,
0.0,NSE_FO,NIFTY,NSE,1785263399000.0,CE,NIFTY,NIFTY,NSE_FO|63881,65.0,1755.0,63881,65.0,5.0,INDEX,INDEX,NIFTY 22650 CE 28 JUL 26,22650.0,1.0,,,NSE_INDEX|Nifty 50,NSE_INDEX|Nifty 50,,,,,,,,,,
0.0,NSE_FO,NIFTY,NSE,1785263399000.0,PE,NIFTY,NIFTY,NSE_FO|63880,65.0,1755.0,63880,65.0,5.0,INDEX,INDEX,NIFTY 22600 PE 28 JUL 26,22600.0,1.0,,,NSE_INDEX|Nifty 50,NSE_INDEX|Nifty 50,,,,,,,,,,
0.0,NSE_FO,NIFTY,NSE,1785263399000.0,CE,NIFTY,NIFTY,NSE_FO|63879,65.0,1755.0,63879,65.0,5.0,INDEX,INDEX,NIFTY 22600 CE 28 JUL 26,22600.0,1.0,,,NSE_INDEX|Nifty 50,NSE_INDEX|Nifty 50,,,,,,,,,,
0.0,NSE_FO,NIFTY,NSE,1785263399000.0,PE,NIFTY,NIFTY,NSE_FO|63878,65.0,1755.0,63878,65.0,5.0,INDEX,INDEX,NIFTY 22550 PE 28 JUL 26,22550.0,1.0,,,NSE_INDEX|Nifty 50,NSE_INDEX|Nifty 50,,,,,,,,,,
0.0,NSE_FO,NIFTY,NSE,1785263399000.0,CE,NIFTY,NIFTY,NSE_FO|63877,65.0,1755.0,63877,65.0,5.0,INDEX,INDEX,NIFTY 22550 CE 28 JUL 26,22550.0,1.0,,,NSE_INDEX|Nifty 50,NSE_INDEX|Nifty 50,,,,,,,,,,
0.0,NSE_FO,NIFTY,NSE,1785263399000.0,PE,NIFTY,NIFTY,NSE_FO|63876,65.0,1755.0,63876,65.0,5.0,INDEX,INDEX,NIFTY 22500 PE 28 JUL 26,22500.0,1.0,,,NSE_INDEX|Nifty 50,NSE_INDEX|Nifty 50,,,,,,,,,,
0.0,NSE_FO,NIFTY,NSE,1785263399000.0,CE,NIFTY,NIFTY,NSE_FO|63875,65.0,1755.0,63875,65.0,5.0,INDEX,INDEX,NIFTY 22500 CE 28 JUL 26,22500.0,1.0,,,NSE_INDEX|Nifty 50,NSE_INDEX|Nifty 50,,,,,,,,,,
0.0,NSE_FO,NIFTY,NSE,1785263399000.0,PE,NIFTY,NIFTY,NSE_FO|63874,65.0,1755.0,63874,65.0,5.0,INDEX,INDEX,NIFTY 22450 PE 28 JUL 26,22450.0,1.0,,,NSE_INDEX|Nifty 50,NSE_INDEX|Nifty 50,,,,,,,,,,
0.0,NSE_FO,NIFTY,NSE,1785263399000.0,CE,NIFTY,NIFTY,NSE_FO|63873,65.0,1755.0,63873,65.0,5.0,INDEX,INDEX,NIFTY 22450 CE 28 JUL 26,22450.0,1.0,,,NSE_INDEX|Nifty 50,NSE_INDEX|Nifty 50,,,,,,,,,,
0.0,NSE_FO,NIFTY,NSE,1785263399000.0,PE,NIFTY,NIFTY,NSE_FO|63872,65.0,1755.0,63872,65.0,5.0,INDEX,INDEX,NIFTY 22400 PE 28 JUL 26,22400.0,1.0,,,NSE_INDEX|Nifty 50,NSE_INDEX|Nifty 50,,,,,,,,,,
0.0,NSE_FO,NIFTY,NSE,1785263399000.0,CE,NIFTY,NIFTY,NSE_FO|63871,65.0,1755.0,63871,65.0,5.0,INDEX,INDEX,NIFTY 22400 CE 28 JUL 26,22400.0,1.0,,,NSE_INDEX|Nifty 50,NSE_INDEX|Nifty 50,,,,,,,,,,
0.0,NSE_FO,NIFTY,NSE,1785263399000.0,PE,NIFTY,NIFTY,NSE_FO|63870,65.0,1755.0,63870,65.0,5.0,INDEX,INDEX,NIFTY 22350 PE 28 JUL 26,22350.0,1.0,,,NSE_INDEX|Nifty 50,NSE_INDEX|Nifty 50,,,,,,,,,,
0.0,NSE_FO,NIFTY,NSE,1785263399000.0,CE,NIFTY,NIFTY,NSE_FO|63899,65.0,1755.0,63899,65.0,5.0,INDEX,INDEX,NIFTY 23100 CE 28 JUL 26,23100.0,1.0,,,NSE_INDEX|Nifty 50,NSE_INDEX|Nifty 50,,,,,,,,,,
0.0,NSE_FO,NIFTY,NSE,1785263399000.0,PE,NIFTY,NIFTY,NSE_FO|63898,65.0,1755.0,63898,65.0,5.0,INDEX,INDEX,NIFTY 23050 PE 28 JUL 26,23050.0,1.0,,,NSE_INDEX|Nifty 50,NSE_INDEX|Nifty 50,,,,,,,,,,
0.0,NSE_FO,NIFTY,NSE,1785263399000.0,CE,NIFTY,NIFTY,NSE_FO|63897,65.0,1755.0,63897,65.0,5.0,INDEX,INDEX,NIFTY 23050 CE 28 JUL 26,23050.0,1.0,,,NSE_INDEX|Nifty 50,NSE_INDEX|Nifty 50,,,,,,,,,,
0.0,NSE_FO,NIFTY,NSE,1785263399000.0,PE,NIFTY,NIFTY,NSE_FO|63896,65.0,1755.0,63896,65.0,5.0,INDEX,INDEX,NIFTY 23000 PE 28 JUL 26,23000.0,1.0,,,NSE_INDEX|Nifty 50,NSE_INDEX|Nifty 50,,,,,,,,,,
0.0,NSE_FO,NIFTY,NSE,1785263399000.0,CE,NIFTY,NIFTY,NSE_FO|63895,65.0,1755.0,63895,65.0,5.0,INDEX,INDEX,NIFTY 23000 CE 28 JUL 26,23000.0,1.0,,,NSE_INDEX|Nifty 50,NSE_INDEX|Nifty 50,,,,,,,,,,
0.0,NSE_FO,NIFTY,NSE,1785263399000.0,PE,NIFTY,NIFTY,NSE_FO|63894,65.0,1755.0,63894,65.0,5.0,INDEX,INDEX,NIFTY 22950 PE 28 JUL 26,22950.0,1.0,,,NSE_INDEX|Nifty 50,NSE_INDEX|Nifty 50,,,,,,,,,,
0.0,NSE_FO,NIFTY,NSE,1785263399000.0,CE,NIFTY,NIFTY,NSE_FO|63893,65.0,1755.0,63893,65.0,5.0,INDEX,INDEX,NIFTY 22950 CE 28 JUL 26,22950.0,1.0,,,NSE_INDEX|Nifty 50,NSE_INDEX|Nifty 50,,,,,,,,,,
0.0,NSE_FO,NIFTY,NSE,1785263399000.0,PE,NIFTY,NIFTY,NSE_FO|63892,65.0,1755.0,63892,65.0,5.0,INDEX,INDEX,NIFTY 22900 PE 28 JUL 26,22900.0,1.0,,,NSE_INDEX|Nifty 50,NSE_INDEX|Nifty 50,,,,,,,,,,
0.0,NSE_FO,NIFTY,NSE,1785263399000.0,CE,NIFTY,NIFTY,NSE_FO|63849,65.0,1755.0,63849,65.0,5.0,INDEX,INDEX,NIFTY 21850 CE 28 JUL 26,21850.0,1.0,,,NSE_INDEX|Nifty 50,NSE_INDEX|Nifty 50,,,,,,,,,,
0.0,NSE_FO,NIFTY,NSE,1785263399000.0,PE,NIFTY,NIFTY,NSE_FO|63848,65.0,1755.0,63848,65.0,5.0,INDEX,INDEX,NIFTY 21800 PE 28 JUL 26,21800.0,1.0,,,NSE_INDEX|Nifty 50,NSE_INDEX|Nifty 50,,,,,,,,,,
0.0,NSE_FO,NIFTY,NSE,1785263399000.0,CE,NIFTY,NIFTY,NSE_FO|63847,65.0,1755.0,63847,65.0,5.0,INDEX,INDEX,NIFTY 21800 CE 28 JUL 26,21800.0,1.0,,,NSE_INDEX|Nifty 50,NSE_INDEX|Nifty 50,,,,,,,,,,
0.0,NSE_FO,NIFTY,NSE,1785263399000.0,PE,NIFTY,NIFTY,NSE_FO|63846,65.0,1755.0,63846,65.0,5.0,INDEX,INDEX,NIFTY 21750 PE 28 JUL 26,21750.0,1.0,,,NSE_INDEX|Nifty 50,NSE_INDEX|Nifty 50,,,,,,,,,,
0.0,NSE_FO,NIFTY,NSE,1785263399000.0,CE,NIFTY,NIFTY,NSE_FO|63844,65.0,1755.0,63844,65.0,5.0,INDEX,INDEX,NIFTY 21750 CE 28 JUL 26,21750.0,1.0,,,NSE_INDEX|Nifty 50,NSE_INDEX|Nifty 50,,,,,,,,,,
0.0,NSE_FO,NIFTY,NSE,1785263399000.0,PE,NIFTY,NIFTY,NSE_FO|63843,65.0,1755.0,63843,65.0,5.0,INDEX,INDEX,NIFTY 21700 PE 28 JUL 26,21700.0,1.0,,,NSE_INDEX|Nifty 50,NSE_INDEX|Nifty 50,,,,,,,,,,
0.0,NSE_FO,NIFTY,NSE,1785263399000.0,CE,NIFTY,NIFTY,NSE_FO|63842,65.0,1755.0,63842,65.0,5.0,INDEX,INDEX,NIFTY 21700 CE 28 JUL 26,21700.0,1.0,,,NSE_INDEX|Nifty 50,NSE_INDEX|Nifty 50,,,,,,,,,,
0.0,NSE_FO,NIFTY,NSE,1785263399000.0,PE,NIFTY,NIFTY,NSE_FO|63841,65.0,1755.0,63841,65.0,5.0,INDEX,INDEX,NIFTY 21650 PE 28 JUL 26,21650.0,1.0,,,NSE_INDEX|Nifty 50,NSE_INDEX|Nifty 50,,,,,,,,,,
0.0,NSE_FO,NIFTY,NSE,1785263399000.0,CE,NIFTY,NIFTY,NSE_FO|63840,65.0,1755.0,63840,65.0,5.0,INDEX,INDEX,NIFTY 21650 CE 28 JUL 26,21650.0,1.0,,,NSE_INDEX|Nifty 50,NSE_INDEX|Nifty 50,,,,,,,,,,
0.0,NSE_FO,NIFTY,NSE,1785263399000.0,PE,NIFTY,NIFTY,NSE_FO|63839,65.0,1755.0,63839,65.0,5.0,INDEX,INDEX,NIFTY 21600 PE 28 JUL 26,21600.0,1.0,,,NSE_INDEX|Nifty 50,NSE_INDEX|Nifty 50,,,,,,,,,,
0.0,NSE_FO,NIFTY,NSE,1785263399000.0,CE,NIFTY,NIFTY,NSE_FO|63838,65.0,1755.0,63838,65.0,5.0,INDEX,INDEX,NIFTY 21600 CE 28 JUL 26,21600.0,1.0,,,NSE_INDEX|Nifty 50,NSE_INDEX|Nifty 50,,,,,,,,,,
0.0,NSE_FO,NIFTY,NSE,1785263399000.0,PE,NIFTY,NIFTY,NSE_FO|63837,65.0,1755.0,63837,65.0,5.0,INDEX,INDEX,NIFTY 21550 PE 28 JUL 26,21550.0,1.0,,,NSE_INDEX|Nifty 50,NSE_INDEX|Nifty 50,,,,,,,,,,
0.0,NSE_FO,NIFTY,NSE,1785263399000.0,CE,NIFTY,NIFTY,NSE_FO|63835,65.0,1755.0,63835,65.0,5.0,INDEX,INDEX,NIFTY 21550 CE 28 JUL 26,21550.0,1.0,,,NSE_INDEX|Nifty 50,NSE_INDEX|Nifty 50,,,,,,,,,,
0.0,NSE_FO,NIFTY,NSE,1785263399000.0,PE,NIFTY,NIFTY,NSE_FO|63832,65.0,1755.0,63832,65.0,5.0,INDEX,INDEX,NIFTY 21500 PE 28 JUL 26,21500.0,1.0,,,NSE_INDEX|Nifty 50,NSE_INDEX|Nifty 50,,,,,,,,,,
0.0,NSE_FO,NIFTY,NSE,1785263399000.0,CE,NIFTY,NIFTY,NSE_FO|63831,65.0,1755.0,63831,65.0,5.0,INDEX,INDEX,NIFTY 21500 CE 28 JUL 26,21500.0,1.0,,,NSE_INDEX|Nifty 50,NSE_INDEX|Nifty 50,,,,,,,,,,
0.0,NSE_FO,NIFTY,NSE,1785263399000.0,PE,NIFTY,NIFTY,NSE_FO|63830,65.0,1755.0,63830,65.0,5.0,INDEX,INDEX,NIFTY 21450 PE 28 JUL 26,21450.0,1.0,,,NSE_INDEX|Nifty 50,NSE_INDEX|Nifty 50,,,,,,,,,,
0.0,NSE_FO,NIFTY,NSE,1785263399000.0,CE,NIFTY,NIFTY,NSE_FO|63869,65.0,1755.0,63869,65.0,5.0,INDEX,INDEX,NIFTY 22350 CE 28 JUL 26,22350.0,1.0,,,NSE_INDEX|Nifty 50,NSE_INDEX|Nifty 50,,,,,,,,,,
0.0,NSE_FO,NIFTY,NSE,1785263399000.0,PE,NIFTY,NIFTY,NSE_FO|63868,65.0,1755.0,63868,65.0,5.0,INDEX,INDEX,NIFTY 22300 PE 28 JUL 26,22300.0,1.0,,,NSE_INDEX|Nifty 50,NSE_INDEX|Nifty 50,,,,,,,,,,
0.0,NSE_FO,NIFTY,NSE,1785263399000.0,CE,NIFTY,NIFTY,NSE_FO|63867,65.0,1755.0,63867,65.0,5.0,INDEX,INDEX,NIFTY 22300 CE 28 JUL 26,22300.0,1.0,,,NSE_INDEX|Nifty 50,NSE_INDEX|Nifty 50,,,,,,,,,,
0.0,NSE_FO,NIFTY,NSE,1785263399000.0,PE,NIFTY,NIFTY,NSE_FO|63866,65.0,1755.0,63866,65.0,5.0,INDEX,INDEX,NIFTY 22250 PE 28 JUL 26,22250.0,1.0,,,NSE_INDEX|Nifty 50,NSE_INDEX|Nifty 50,,,,,,,,,,
0.0,NSE_FO,NIFTY,NSE,1785263399000.0,CE,NIFTY,NIFTY,NSE_FO|63865,65.0,1755.0,63865,65.0,5.0,INDEX,INDEX,NIFTY 22250 CE 28 JUL 26,22250.0,1.0,,,NSE_INDEX|Nifty 50,NSE_INDEX|Nifty 50,,,,,,,,,,
0.0,NSE_FO,NIFTY,NSE,1785263399000.0,PE,NIFTY,NIFTY,NSE_FO|63864,65.0,1755.0,63864,65.0,5.0,INDEX,INDEX,NIFTY 22200 PE 28 JUL 26,22200.0,1.0,,,NSE_INDEX|Nifty 50,NSE_INDEX|Nifty 50,,,,,,,,,,
0.0,NSE_FO,NIFTY,NSE,1785263399000.0,CE,NIFTY,NIFTY,NSE_FO|63863,65.0,1755.0,63863,65.0,5.0,INDEX,INDEX,NIFTY 22200 CE 28 JUL 26,22200.0,1.0,,,NSE_INDEX|Nifty 50,NSE_INDEX|Nifty 50,,,,,,,,,,
0.0,NSE_FO,NIFTY,NSE,1785263399000.0,PE,NIFTY,NIFTY,NSE_FO|63862,65.0,1755.0,63862,65.0,5.0,INDEX,INDEX,NIFTY 22150 PE 28 JUL 26,22150.0,1.0,,,NSE_INDEX|Nifty 50,NSE_INDEX|Nifty 50,,,,,,,,,,
0.0,NSE_FO,NIFTY,NSE,1785263399000.0,CE,NIFTY,NIFTY,NSE_FO|63861,65.0,1755.0,63861,65.0,5.0,INDEX,INDEX,NIFTY 22150 CE 28 JUL 26,22150.0,1.0,,,NSE_INDEX|Nifty 50,NSE_INDEX|Nifty 50,,,,,,,,,,
0.0,NSE_FO,NIFTY,NSE,1785263399000.0,PE,NIFTY,NIFTY,NSE_FO|63860,65.0,1755.0,63860,65.0,5.0,INDEX,INDEX,NIFTY 22100 PE 28 JUL 26,22100.0,1.0,,,NSE_INDEX|Nifty 50,NSE_INDEX|Nifty 50,,,,,,,,,,
0.0,NSE_FO,NIFTY,NSE,1785263399000.0,CE,NIFTY,NIFTY,NSE_FO|63859,65.0,1755.0,63859,65.0,5.0,INDEX,INDEX,NIFTY 22100 CE 28 JUL 26,22100.0,1.0,,,NSE_INDEX|Nifty 50,NSE_INDEX|Nifty 50,,,,,,,,,,
0.0,NSE_FO,NIFTY,NSE,1785263399000.0,PE,NIFTY,NIFTY,NSE_FO|63858,65.0,1755.0,63858,65.0,5.0,INDEX,INDEX,NIFTY 22050 PE 28 JUL 26,22050.0,1.0,,,NSE_INDEX|Nifty 50,NSE_INDEX|Nifty 50,,,,,,,,,,
0.0,NSE_FO,NIFTY,NSE,1785263399000.0,CE,NIFTY,NIFTY,NSE_FO|63857,65.0,1755.0,63857,65.0,5.0,INDEX,INDEX,NIFTY 22050 CE 28 JUL 26,22050.0,1.0,,,NSE_INDEX|Nifty 50,NSE_INDEX|Nifty 50,,,,,,,,,,
0.0,NSE_FO,NIFTY,NSE,1785263399000.0,PE,NIFTY,NIFTY,NSE_FO|63856,65.0,1755.0,63856,65.0,5.0,INDEX,INDEX,NIFTY 22000 PE 28 JUL 26,22000.0,1.0,,,NSE_INDEX|Nifty 50,NSE_INDEX|Nifty 50,,,,,,,,,,
0.0,NSE_FO,NIFTY,NSE,1785263399000.0,CE,NIFTY,NIFTY,NSE_FO|63855,65.0,1755.0,63855,65.0,5.0,INDEX,INDEX,NIFTY 22000 CE 28 JUL 26,22000.0,1.0,,,NSE_INDEX|Nifty 50,NSE_INDEX|Nifty 50,,,,,,,,,,
0.0,NSE_FO,NIFTY,NSE,1785263399000.0,PE,NIFTY,NIFTY,NSE_FO|63854,65.0,1755.0,63854,65.0,5.0,INDEX,INDEX,NIFTY 21950 PE 28 JUL 26,21950.0,1.0,,,NSE_INDEX|Nifty 50,NSE_INDEX|Nifty 50,,,,,,,,,,
0.0,NSE_FO,NIFTY,NSE,1785263399000.0,CE,NIFTY,NIFTY,NSE_FO|63853,65.0,1755.0,63853,65.0,5.0,INDEX,INDEX,NIFTY 21950 CE 28 JUL 26,21950.0,1.0,,,NSE_INDEX|Nifty 50,NSE_INDEX|Nifty 50,,,,,,,,,,
0.0,NSE_FO,NIFTY,NSE,1785263399000.0,PE,NIFTY,NIFTY,NSE_FO|63852,65.0,1755.0,63852,65.0,5.0,INDEX,INDEX,NIFTY 21900 PE 28 JUL 26,21900.0,1.0,,,NSE_INDEX|Nifty 50,NSE_INDEX|Nifty 50,,,,,,,,,,
0.0,NSE_FO,NIFTY,NSE,1785263399000.0,CE,NIFTY,NIFTY,NSE_FO|63851,65.0,1755.0,63851,65.0,5.0,INDEX,INDEX,NIFTY 21900 CE 28 JUL 26,21900.0,1.0,,,NSE_INDEX|Nifty 50,NSE_INDEX|Nifty 50,,,,,,,,,,
0.0,NSE_FO,NIFTY,NSE,1785263399000.0,PE,NIFTY,NIFTY,NSE_FO|63850,65.0,1755.0,63850,65.0,5.0,INDEX,INDEX,NIFTY 21850 PE 28 JUL 26,21850.0,1.0,,,NSE_INDEX|Nifty 50,NSE_INDEX|Nifty 50,,,,,,,,,,
0.0,NSE_FO,NIFTY,NSE,1785263399000.0,CE,NIFTY,NIFTY,NSE_FO|63929,65.0,1755.0,63929,65.0,5.0,INDEX,INDEX,NIFTY 23800 CE 28 JUL 26,23800.0,1.0,,,NSE_INDEX|Nifty 50,NSE_INDEX|Nifty 50,,,,,,,,,,
0.0,NSE_FO,NIFTY,NSE,1785263399000.0,PE,NIFTY,NIFTY,NSE_FO|63928,65.0,1755.0,63928,65.0,5.0,INDEX,INDEX,NIFTY 23750 PE 28 JUL 26,23750.0,1.0,,,NSE_INDEX|Nifty 50,NSE_INDEX|Nifty 50,,,,,,,,,,
0.0,NSE_FO,NIFTY,NSE,1785263399000.0,CE,NIFTY,NIFTY,NSE_FO|63927,65.0,1755.0,63927,65.0,5.0,INDEX,INDEX,NIFTY 23750 CE 28 JUL 26,23750.0,1.0,,,NSE_INDEX|Nifty 50,NSE_INDEX|Nifty 50,,,,,,,,,,
0.0,NSE_FO,NIFTY,NSE,1785263399000.0,PE,NIFTY,NIFTY,NSE_FO|63926,65.0,1755.0,63926,65.0,5.0,INDEX,INDEX,NIFTY 23700 PE 28 JUL 26,23700.0,1.0,,,NSE_INDEX|Nifty 50,NSE_INDEX|Nifty 50,,,,,,,,,,
0.0,NSE_FO,NIFTY,NSE,1785263399000.0,CE,NIFTY,NIFTY,NSE_FO|63925,65.0,1755.0,63925,65.0,5.0,INDEX,INDEX,NIFTY 23700 CE 28 JUL 26,23700.0,1.0,,,NSE_INDEX|Nifty 50,NSE_INDEX|Nifty 50,,,,,,,,,,
0.0,NSE_FO,NIFTY,NSE,1785263399000.0,PE,NIFTY,NIFTY,NSE_FO|63924,65.0,1755.0,63924,65.0,5.0,INDEX,INDEX,NIFTY 23650 PE 28 JUL 26,23650.0,1.0,,,NSE_INDEX|Nifty 50,NSE_INDEX|Nifty 50,,,,,,,,,,
0.0,NSE_FO,NIFTY,NSE,1785263399000.0,CE,NIFTY,NIFTY,NSE_FO|63923,65.0,1755.0,63923,65.0,5.0,INDEX,INDEX,NIFTY 23650 CE 28 JUL 26,23650.0,1.0,,,NSE_INDEX|Nifty 50,NSE_INDEX|Nifty 50,,,,,,,,,,
0.0,NSE_FO,NIFTY,NSE,1785263399000.0,PE,NIFTY,NIFTY,NSE_FO|63921,65.0,1755.0,63921,65.0,5.0,INDEX,INDEX,NIFTY 23600 PE 28 JUL 26,23600.0,1.0,,,NSE_INDEX|Nifty 50,NSE_INDEX|Nifty 50,,,,,,,,,,
0.0,NSE_FO,NIFTY,NSE,1785263399000.0,CE,NIFTY,NIFTY,NSE_FO|63919,65.0,1755.0,63919,65.0,5.0,INDEX,INDEX,NIFTY 23600 CE 28 JUL 26,23600.0,1.0,,,NSE_INDEX|Nifty 50,NSE_INDEX|Nifty 50,,,,,,,,,,
0.0,NSE_FO,NIFTY,NSE,1785263399000.0,PE,NIFTY,NIFTY,NSE_FO|63918,65.0,1755.0,63918,65.0,5.0,INDEX,INDEX,NIFTY 23550 PE 28 JUL 26,23550.0,1.0,,,NSE_INDEX|Nifty 50,NSE_INDEX|Nifty 50,,,,,,,,,,
0.0,NSE_FO,NIFTY,NSE,1785263399000.0,CE,NIFTY,NIFTY,NSE_FO|63917,65.0,1755.0,63917,65.0,5.0,INDEX,INDEX,NIFTY 23550 CE 28 JUL 26,23550.0,1.0,,,NSE_INDEX|Nifty 50,NSE_INDEX|Nifty 50,,,,,,,,,,
0.0,NSE_FO,NIFTY,NSE,1785263399000.0,PE,NIFTY,NIFTY,NSE_FO|63916,65.0,1755.0,63916,65.0,5.0,INDEX,INDEX,NIFTY 23500 PE 28 JUL 26,23500.0,1.0,,,NSE_INDEX|Nifty 50,NSE_INDEX|Nifty 50,,,,,,,,,,
0.0,NSE_FO,NIFTY,NSE,1785263399000.0,CE,NIFTY,NIFTY,NSE_FO|63915,65.0,1755.0,63915,65.0,5.0,INDEX,INDEX,NIFTY 23500 CE 28 JUL 26,23500.0,1.0,,,NSE_INDEX|Nifty 50,NSE_INDEX|Nifty 50,,,,,,,,,,
0.0,NSE_FO,NIFTY,NSE,1785263399000.0,PE,NIFTY,NIFTY,NSE_FO|63914,65.0,1755.0,63914,65.0,5.0,INDEX,INDEX,NIFTY 23450 PE 28 JUL 26,23450.0,1.0,,,NSE_INDEX|Nifty 50,NSE_INDEX|Nifty 50,,,,,,,,,,
0.0,NSE_FO,NIFTY,NSE,1785263399000.0,CE,NIFTY,NIFTY,NSE_FO|63913,65.0,1755.0,63913,65.0,5.0,INDEX,INDEX,NIFTY 23450 CE 28 JUL 26,23450.0,1.0,,,NSE_INDEX|Nifty 50,NSE_INDEX|Nifty 50,,,,,,,,,,
0.0,NSE_FO,NIFTY,NSE,1785263399000.0,PE,NIFTY,NIFTY,NSE_FO|63912,65.0,1755.0,63912,65.0,5.0,INDEX,INDEX,NIFTY 23400 PE 28 JUL 26,23400.0,1.0,,,NSE_INDEX|Nifty 50,NSE_INDEX|Nifty 50,,,,,,,,,,
0.0,NSE_FO,NIFTY,NSE,1785263399000.0,CE,NIFTY,NIFTY,NSE_FO|63911,65.0,1755.0,63911,65.0,5.0,INDEX,INDEX,NIFTY 23400 CE 28 JUL 26,23400.0,1.0,,,NSE_INDEX|Nifty 50,NSE_INDEX|Nifty 50,,,,,,,,,,
0.0,NSE_FO,NIFTY,NSE,1785263399000.0,PE,NIFTY,NIFTY,NSE_FO|63910,65.0,1755.0,63910,65.0,5.0,INDEX,INDEX,NIFTY 23350 PE 28 JUL 26,23350.0,1.0,,,NSE_INDEX|Nifty 50,NSE_INDEX|Nifty 50,,,,,,,,,,
0.0,NSE_FO,NIFTY,NSE,1785263399000.0,CE,NIFTY,NIFTY,NSE_FO|63949,65.0,1755.0,63949,65.0,5.0,INDEX,INDEX,NIFTY 24250 CE 28 JUL 26,24250.0,1.0,,,NSE_INDEX|Nifty 50,NSE_INDEX|Nifty 50,,,,,,,,,,
0.0,NSE_FO,NIFTY,NSE,1785263399000.0,PE,NIFTY,NIFTY,NSE_FO|63948,65.0,1755.0,63948,65.0,5.0,INDEX,INDEX,NIFTY 24200 PE 28 JUL 26,24200.0,1.0,,,NSE_INDEX|Nifty 50,NSE_INDEX|Nifty 50,,,,,,,,,,
0.0,NSE_FO,NIFTY,NSE,1785263399000.0,CE,NIFTY,NIFTY,NSE_FO|63947,65.0,1755.0,63947,65.0,5.0,INDEX,INDEX,NIFTY 24200 CE 28 JUL 26,24200.0,1.0,,,NSE_INDEX|Nifty 50,NSE_INDEX|Nifty 50,,,,,,,,,,
0.0,NSE_FO,NIFTY,NSE,1785263399000.0,PE,NIFTY,NIFTY,NSE_FO|63946,65.0,1755.0,63946,65.0,5.0,INDEX,INDEX,NIFTY 24150 PE 28 JUL 26,24150.0,1.0,,,NSE_INDEX|Nifty 50,NSE_INDEX|Nifty 50,,,,,,,,,,
0.0,NSE_FO,NIFTY,NSE,1785263399000.0,CE,NIFTY,NIFTY,NSE_FO|63945,65.0,1755.0,63945,65.0,5.0,INDEX,INDEX,NIFTY 24150 CE 28 JUL 26,24150.0,1.0,,,NSE_INDEX|Nifty 50,NSE_INDEX|Nifty 50,,,,,,,,,,
0.0,NSE_FO,NIFTY,NSE,1785263399000.0,PE,NIFTY,NIFTY,NSE_FO|63944,65.0,1755.0,63944,65.0,5.0,INDEX,INDEX,NIFTY 24100 PE 28 JUL 26,24100.0,1.0,,,NSE_INDEX|Nifty 50,NSE_INDEX|Nifty 50,,,,,,,,,,
0.0,NSE_FO,NIFTY,NSE,1785263399000.0,CE,NIFTY,NIFTY,NSE_FO|63943,65.0,1755.0,63943,65.0,5.0,INDEX,INDEX,NIFTY 24100 CE 28 JUL 26,24100.0,1.0,,,NSE_INDEX|Nifty 50,NSE_INDEX|Nifty 50,,,,,,,,,,
0.0,NSE_FO,NIFTY,NSE,1785263399000.0,PE,NIFTY,NIFTY,NSE_FO|63942,65.0,1755.0,63942,65.0,5.0,INDEX,INDEX,NIFTY 24050 PE 28 JUL 26,24050.0,1.0,,,NSE_INDEX|Nifty 50,NSE_INDEX|Nifty 50,,,,,,,,,,
0.0,NSE_FO,NIFTY,NSE,1785263399000.0,CE,NIFTY,NIFTY,NSE_FO|63941,65.0,1755.0,63941,65.0,5.0,INDEX,INDEX,NIFTY 24050 CE 28 JUL 26,24050.0,1.0,,,NSE_INDEX|Nifty 50,NSE_INDEX|Nifty 50,,,,,,,,,,
0.0,NSE_FO,NIFTY,NSE,1785263399000.0,PE,NIFTY,NIFTY,NSE_FO|63940,65.0,1755.0,63940,65.0,5.0,INDEX,INDEX,NIFTY 24000 PE 28 JUL 26,24000.0,1.0,,,NSE_INDEX|Nifty 50,NSE_INDEX|Nifty 50,,,,,,,,,,
0.0,NSE_FO,NIFTY,NSE,1785263399000.0,CE,NIFTY,NIFTY,NSE_FO|63939,65.0,1755.0,63939,65.0,5.0,INDEX,INDEX,NIFTY 24000 CE 28 JUL 26,24000.0,1.0,,,NSE_INDEX|Nifty 50,NSE_INDEX|Nifty 50,,,,,,,,,,
0.0,NSE_FO,NIFTY,NSE,1785263399000.0,PE,NIFTY,NIFTY,NSE_FO|63938,65.0,1755.0,63938,65.0,5.0,INDEX,INDEX,NIFTY 23950 PE 28 JUL 26,23950.0,1.0,,,NSE_INDEX|Nifty 50,NSE_INDEX|Nifty 50,,,,,,,,,,
0.0,NSE_FO,NIFTY,NSE,1785263399000.0,CE,NIFTY,NIFTY,NSE_FO|63937,65.0,1755.0,63937,65.0,5.0,INDEX,INDEX,NIFTY 23950 CE 28 JUL 26,23950.0,1.0,,,NSE_INDEX|Nifty 50,NSE_INDEX|Nifty 50,,,,,,,,,,
0.0,NSE_FO,NIFTY,NSE,1785263399000.0,PE,NIFTY,NIFTY,NSE_FO|63936,65.0,1755.0,63936,65.0,5.0,INDEX,INDEX,NIFTY 23900 PE 28 JUL 26,23900.0,1.0,,,NSE_INDEX|Nifty 50,NSE_INDEX|Nifty 50,,,,,,,,,,
0.0,NSE_FO,NIFTY,NSE,1785263399000.0,CE,NIFTY,NIFTY,NSE_FO|63935,65.0,1755.0,63935,65.0,5.0,INDEX,INDEX,NIFTY 23900 CE 28 JUL 26,23900.0,1.0,,,NSE_INDEX|Nifty 50,NSE_INDEX|Nifty 50,,,,,,,,,,
0.0,NSE_FO,NIFTY,NSE,1785263399000.0,PE,NIFTY,NIFTY,NSE_FO|63934,65.0,1755.0,63934,65.0,5.0,INDEX,INDEX,NIFTY 23850 PE 28 JUL 26,23850.0,1.0,,,NSE_INDEX|Nifty 50,NSE_INDEX|Nifty 50,,,,,,,,,,
0.0,NSE_FO,NIFTY,NSE,1785263399000.0,CE,NIFTY,NIFTY,NSE_FO|63933,65.0,1755.0,63933,65.0,5.0,INDEX,INDEX,NIFTY 23850 CE 28 JUL 26,23850.0,1.0,,,NSE_INDEX|Nifty 50,NSE_INDEX|Nifty 50,,,,,,,,,,
0.0,NSE_FO,NIFTY,NSE,1785263399000.0,PE,NIFTY,NIFTY,NSE_FO|63930,65.0,1755.0,63930,65.0,5.0,INDEX,INDEX,NIFTY 23800 PE 28 JUL 26,23800.0,1.0,,,NSE_INDEX|Nifty 50,NSE_INDEX|Nifty 50,,,,,,,,,,
0.0,NSE_FO,NIFTY,NSE,1785263399000.0,CE,NIFTY,NIFTY,NSE_FO|63909,65.0,1755.0,63909,65.0,5.0,INDEX,INDEX,NIFTY 23350 CE 28 JUL 26,23350.0,1.0,,,NSE_INDEX|Nifty 50,NSE_INDEX|Nifty 50,,,,,,,,,,
0.0,NSE_FO,NIFTY,NSE,1785263399000.0,PE,NIFTY,NIFTY,NSE_FO|63908,65.0,1755.0,63908,65.0,5.0,INDEX,INDEX,NIFTY 23300 PE 28 JUL 26,23300.0,1.0,,,NSE_INDEX|Nifty 50,NSE_INDEX|Nifty 50,,,,,,,,,,
0.0,NSE_FO,NIFTY,NSE,1785263399000.0,CE,NIFTY,NIFTY,NSE_FO|63907,65.0,1755.0,63907,65.0,5.0,INDEX,INDEX,NIFTY 23300 CE 28 JUL 26,23300.0,1.0,,,NSE_INDEX|Nifty 50,NSE_INDEX|Nifty 50,,,,,,,,,,
0.0,NSE_FO,NIFTY,NSE,1785263399000.0,PE,NIFTY,NIFTY,NSE_FO|63906,65.0,1755.0,63906,65.0,5.0,INDEX,INDEX,NIFTY 23250 PE 28 JUL 26,23250.0,1.0,,,NSE_INDEX|Nifty 50,NSE_INDEX|Nifty 50,,,,,,,,,,
0.0,NSE_FO,NIFTY,NSE,1785263399000.0,CE,NIFTY,NIFTY,NSE_FO|63905,65.0,1755.0,63905,65.0,5.0,INDEX,INDEX,NIFTY 23250 CE 28 JUL 26,23250.0,1.0,,,NSE_INDEX|Nifty 50,NSE_INDEX|Nifty 50,,,,,,,,,,
0.0,NSE_FO,NIFTY,NSE,1785263399000.0,PE,NIFTY,NIFTY,NSE_FO|63904,65.0,1755.0,63904,65.0,5.0,INDEX,INDEX,NIFTY 23200 PE 28 JUL 26,23200.0,1.0,,,NSE_INDEX|Nifty 50,NSE_INDEX|Nifty 50,,,,,,,,,,
0.0,NSE_FO,NIFTY,NSE,1785263399000.0,CE,NIFTY,NIFTY,NSE_FO|63903,65.0,1755.0,63903,65.0,5.0,INDEX,INDEX,NIFTY 23200 CE 28 JUL 26,23200.0,1.0,,,NSE_INDEX|Nifty 50,NSE_INDEX|Nifty 50,,,,,,,,,,
0.0,NSE_FO,NIFTY,NSE,1785263399000.0,PE,NIFTY,NIFTY,NSE_FO|63902,65.0,1755.0,63902,65.0,5.0,INDEX,INDEX,NIFTY 23150 PE 28 JUL 26,23150.0,1.0,,,NSE_INDEX|Nifty 50,NSE_INDEX|Nifty 50,,,,,,,,,,
0.0,NSE_FO,NIFTY,NSE,1785263399000.0,CE,NIFTY,NIFTY,NSE_FO|63901,65.0,1755.0,63901,65.0,5.0,INDEX,INDEX,NIFTY 23150 CE 28 JUL 26,23150.0,1.0,,,NSE_INDEX|Nifty 50,NSE_INDEX|Nifty 50,,,,,,,,,,
0.0,NSE_FO,NIFTY,NSE,1785263399000.0,PE,NIFTY,NIFTY,NSE_FO|63900,65.0,1755.0,63900,65.0,5.0,INDEX,INDEX,NIFTY 23100 PE 28 JUL 26,23100.0,1.0,,,NSE_INDEX|Nifty 50,NSE_INDEX|Nifty 50,,,,,,,,,,
0.0,NSE_FO,NIFTY,NSE,1785263399000.0,PE,NIFTY,NIFTY,NSE_FO|63999,65.0,1755.0,63999,65.0,5.0,INDEX,INDEX,NIFTY 25400 PE 28 JUL 26,25400.0,1.0,,,NSE_INDEX|Nifty 50,NSE_INDEX|Nifty 50,,,,,,,,,,
0.0,NSE_FO,NIFTY,NSE,1785263399000.0,CE,NIFTY,NIFTY,NSE_FO|63998,65.0,1755.0,63998,65.0,5.0,INDEX,INDEX,NIFTY 25400 CE 28 JUL 26,25400.0,1.0,,,NSE_INDEX|Nifty 50,NSE_INDEX|Nifty 50,,,,,,,,,,
0.0,NSE_FO,NIFTY,NSE,1785263399000.0,PE,NIFTY,NIFTY,NSE_FO|63997,65.0,1755.0,63997,65.0,5.0,INDEX,INDEX,NIFTY 25350 PE 28 JUL 26,25350.0,1.0,,,NSE_INDEX|Nifty 50,NSE_INDEX|Nifty 50,,,,,,,,,,
0.0,NSE_FO,NIFTY,NSE,1785263399000.0,CE,NIFTY,NIFTY,NSE_FO|63995,65.0,1755.0,63995,65.0,5.0,INDEX,INDEX,NIFTY 25350 CE 28 JUL 26,25350.0,1.0,,,NSE_INDEX|Nifty 50,NSE_INDEX|Nifty 50,,,,,,,,,,
0.0,NSE_FO,NIFTY,NSE,1785263399000.0,PE,NIFTY,NIFTY,NSE_FO|63994,65.0,1755.0,63994,65.0,5.0,INDEX,INDEX,NIFTY 25300 PE 28 JUL 26,25300.0,1.0,,,NSE_INDEX|Nifty 50,NSE_INDEX|Nifty 50,,,,,,,,,,
0.0,NSE_FO,NIFTY,NSE,1785263399000.0,CE,NIFTY,NIFTY,NSE_FO|63993,65.0,1755.0,63993,65.0,5.0,INDEX,INDEX,NIFTY 25300 CE 28 JUL 26,25300.0,1.0,,,NSE_INDEX|Nifty 50,NSE_INDEX|Nifty 50,,,,,,,,,,
0.0,NSE_FO,NIFTY,NSE,1785263399000.0,PE,NIFTY,NIFTY,NSE_FO|63992,65.0,1755.0,63992,65.0,5.0,INDEX,INDEX,NIFTY 25250 PE 28 JUL 26,25250.0,1.0,,,NSE_INDEX|Nifty 50,NSE_INDEX|Nifty 50,,,,,,,,,,
0.0,NSE_FO,NIFTY,NSE,1785263399000.0,CE,NIFTY,NIFTY,NSE_FO|63991,65.0,1755.0,63991,65.0,5.0,INDEX,INDEX,NIFTY 25250 CE 28 JUL 26,25250.0,1.0,,,NSE_INDEX|Nifty 50,NSE_INDEX|Nifty 50,,,,,,,,,,
0.0,NSE_FO,NIFTY,NSE,1785263399000.0,CE,NIFTY,NIFTY,NSE_FO|63969,65.0,1755.0,63969,65.0,5.0,INDEX,INDEX,NIFTY 24750 CE 28 JUL 26,24750.0,1.0,,,NSE_INDEX|Nifty 50,NSE_INDEX|Nifty 50,,,,,,,,,,
0.0,NSE_FO,NIFTY,NSE,1785263399000.0,PE,NIFTY,NIFTY,NSE_FO|63968,65.0,1755.0,63968,65.0,5.0,INDEX,INDEX,NIFTY 24700 PE 28 JUL 26,24700.0,1.0,,,NSE_INDEX|Nifty 50,NSE_INDEX|Nifty 50,,,,,,,,,,
0.0,NSE_FO,NIFTY,NSE,1785263399000.0,CE,NIFTY,NIFTY,NSE_FO|63967,65.0,1755.0,63967,65.0,5.0,INDEX,INDEX,NIFTY 24700 CE 28 JUL 26,24700.0,1.0,,,NSE_INDEX|Nifty 50,NSE_INDEX|Nifty 50,,,,,,,,,,
0.0,NSE_FO,NIFTY,NSE,1785263399000.0,PE,NIFTY,NIFTY,NSE_FO|63966,65.0,1755.0,63966,65.0,5.0,INDEX,INDEX,NIFTY 24650 PE 28 JUL 26,24650.0,1.0,,,NSE_INDEX|Nifty 50,NSE_INDEX|Nifty 50,,,,,,,,,,
0.0,NSE_FO,NIFTY,NSE,1785263399000.0,CE,NIFTY,NIFTY,NSE_FO|63965,65.0,1755.0,63965,65.0,5.0,INDEX,INDEX,NIFTY 24650 CE 28 JUL 26,24650.0,1.0,,,NSE_INDEX|Nifty 50,NSE_INDEX|Nifty 50,,,,,,,,,,
0.0,NSE_FO,NIFTY,NSE,1785263399000.0,PE,NIFTY,NIFTY,NSE_FO|63964,65.0,1755.0,63964,65.0,5.0,INDEX,INDEX,NIFTY 24600 PE 28 JUL 26,24600.0,1.0,,,NSE_INDEX|Nifty 50,NSE_INDEX|Nifty 50,,,,,,,,,,
0.0,NSE_FO,NIFTY,NSE,1785263399000.0,CE,NIFTY,NIFTY,NSE_FO|63963,65.0,1755.0,63963,65.0,5.0,INDEX,INDEX,NIFTY 24600 CE 28 JUL 26,24600.0,1.0,,,NSE_INDEX|Nifty 50,NSE_INDEX|Nifty 50,,,,,,,,,,
0.0,NSE_FO,NIFTY,NSE,1785263399000.0,PE,NIFTY,NIFTY,NSE_FO|63962,65.0,1755.0,63962,65.0,5.0,INDEX,INDEX,NIFTY 24550 PE 28 JUL 26,24550.0,1.0,,,NSE_INDEX|Nifty 50,NSE_INDEX|Nifty 50,,,,,,,,,,
0.0,NSE_FO,NIFTY,NSE,1785263399000.0,CE,NIFTY,NIFTY,NSE_FO|63961,65.0,1755.0,63961,65.0,5.0,INDEX,INDEX,NIFTY 24550 CE 28 JUL 26,24550.0,1.0,,,NSE_INDEX|Nifty 50,NSE_INDEX|Nifty 50,,,,,,,,,,
0.0,NSE_FO,NIFTY,NSE,1785263399000.0,PE,NIFTY,NIFTY,NSE_FO|63960,65.0,1755.0,63960,65.0,5.0,INDEX,INDEX,NIFTY 24500 PE 28 JUL 26,24500.0,1.0,,,NSE_INDEX|Nifty 50,NSE_INDEX|Nifty 50,,,,,,,,,,
0.0,NSE_FO,NIFTY,NSE,1785263399000.0,CE,NIFTY,NIFTY,NSE_FO|63959,65.0,1755.0,63959,65.0,5.0,INDEX,INDEX,NIFTY 24500 CE 28 JUL 26,24500.0,1.0,,,NSE_INDEX|Nifty 50,NSE_INDEX|Nifty 50,,,,,,,,,,
0.0,NSE_FO,NIFTY,NSE,1785263399000.0,PE,NIFTY,NIFTY,NSE_FO|63958,65.0,1755.0,63958,65.0,5.0,INDEX,INDEX,NIFTY 24450 PE 28 JUL 26,24450.0,1.0,,,NSE_INDEX|Nifty 50,NSE_INDEX|Nifty 50,,,,,,,,,,
0.0,NSE_FO,NIFTY,NSE,1785263399000.0,CE,NIFTY,NIFTY,NSE_FO|63957,65.0,1755.0,63957,65.0,5.0,INDEX,INDEX,NIFTY 24450 CE 28 JUL 26,24450.0,1.0,,,NSE_INDEX|Nifty 50,NSE_INDEX|Nifty 50,,,,,,,,,,
0.0,NSE_FO,NIFTY,NSE,1785263399000.0,PE,NIFTY,NIFTY,NSE_FO|63956,65.0,1755.0,63956,65.0,5.0,INDEX,INDEX,NIFTY 24400 PE 28 JUL 26,24400.0,1.0,,,NSE_INDEX|Nifty 50,NSE_INDEX|Nifty 50,,,,,,,,,,
0.0,NSE_FO,NIFTY,NSE,1785263399000.0,CE,NIFTY,NIFTY,NSE_FO|63955,65.0,1755.0,63955,65.0,5.0,INDEX,INDEX,NIFTY 24400 CE 28 JUL 26,24400.0,1.0,,,NSE_INDEX|Nifty 50,NSE_INDEX|Nifty 50,,,,,,,,,,
0.0,NSE_FO,NIFTY,NSE,1785263399000.0,PE,NIFTY,NIFTY,NSE_FO|63954,65.0,1755.0,63954,65.0,5.0,INDEX,INDEX,NIFTY 24350 PE 28 JUL 26,24350.0,1.0,,,NSE_INDEX|Nifty 50,NSE_INDEX|Nifty 50,,,,,,,,,,
0.0,NSE_FO,NIFTY,NSE,1785263399000.0,CE,NIFTY,NIFTY,NSE_FO|63953,65.0,1755.0,63953,65.0,5.0,INDEX,INDEX,NIFTY 24350 CE 28 JUL 26,24350.0,1.0,,,NSE_INDEX|Nifty 50,NSE_INDEX|Nifty 50,,,,,,,,,,
0.0,NSE_FO,NIFTY,NSE,1785263399000.0,PE,NIFTY,NIFTY,NSE_FO|63952,65.0,1755.0,63952,65.0,5.0,INDEX,INDEX,NIFTY 24300 PE 28 JUL 26,24300.0,1.0,,,NSE_INDEX|Nifty 50,NSE_INDEX|Nifty 50,,,,,,,,,,
0.0,NSE_FO,NIFTY,NSE,1785263399000.0,CE,NIFTY,NIFTY,NSE_FO|63951,65.0,1755.0,63951,65.0,5.0,INDEX,INDEX,NIFTY 24300 CE 28 JUL 26,24300.0,1.0,,,NSE_INDEX|Nifty 50,NSE_INDEX|Nifty 50,,,,,,,,,,
0.0,NSE_FO,NIFTY,NSE,1785263399000.0,PE,NIFTY,NIFTY,NSE_FO|63950,65.0,1755.0,63950,65.0,5.0,INDEX,INDEX,NIFTY 24250 PE 28 JUL 26,24250.0,1.0,,,NSE_INDEX|Nifty 50,NSE_INDEX|Nifty 50,,,,,,,,,,
0.0,NSE_FO,NIFTY,NSE,1785263399000.0,PE,NIFTY,NIFTY,NSE_FO|63988,65.0,1755.0,63988,65.0,5.0,INDEX,INDEX,NIFTY 25200 PE 28 JUL 26,25200.0,1.0,,,NSE_INDEX|Nifty 50,NSE_INDEX|Nifty 50,,,,,,,,,,
0.0,NSE_FO,NIFTY,NSE,1785263399000.0,CE,NIFTY,NIFTY,NSE_FO|63987,65.0,1755.0,63987,65.0,5.0,INDEX,INDEX,NIFTY 25200 CE 28 JUL 26,25200.0,1.0,,,NSE_INDEX|Nifty 50,NSE_INDEX|Nifty 50,,,,,,,,,,
0.0,NSE_FO,NIFTY,NSE,1785263399000.0,PE,NIFTY,NIFTY,NSE_FO|63986,65.0,1755.0,63986,65.0,5.0,INDEX,INDEX,NIFTY 25150 PE 28 JUL 26,25150.0,1.0,,,NSE_INDEX|Nifty 50,NSE_INDEX|Nifty 50,,,,,,,,,,
0.0,NSE_FO,NIFTY,NSE,1785263399000.0,CE,NIFTY,NIFTY,NSE_FO|63985,65.0,1755.0,63985,65.0,5.0,INDEX,INDEX,NIFTY 25150 CE 28 JUL 26,25150.0,1.0,,,NSE_INDEX|Nifty 50,NSE_INDEX|Nifty 50,,,,,,,,,,
0.0,NSE_FO,NIFTY,NSE,1785263399000.0,PE,NIFTY,NIFTY,NSE_FO|63984,65.0,1755.0,63984,65.0,5.0,INDEX,INDEX,NIFTY 25100 PE 28 JUL 26,25100.0,1.0,,,NSE_INDEX|Nifty 50,NSE_INDEX|Nifty 50,,,,,,,,,,
0.0,NSE_FO,NIFTY,NSE,1785263399000.0,CE,NIFTY,NIFTY,NSE_FO|63983,65.0,1755.0,63983,65.0,5.0,INDEX,INDEX,NIFTY 25100 CE 28 JUL 26,25100.0,1.0,,,NSE_INDEX|Nifty 50,NSE_INDEX|Nifty 50,,,,,,,,,,
0.0,NSE_FO,NIFTY,NSE,1785263399000.0,PE,NIFTY,NIFTY,NSE_FO|63982,65.0,1755.0,63982,65.0,5.0,INDEX,INDEX,NIFTY 25050 PE 28 JUL 26,25050.0,1.0,,,NSE_INDEX|Nifty 50,NSE_INDEX|Nifty 50,,,,,,,,,,
0.0,NSE_FO,NIFTY,NSE,1785263399000.0,CE,NIFTY,NIFTY,NSE_FO|63981,65.0,1755.0,63981,65.0,5.0,INDEX,INDEX,NIFTY 25050 CE 28 JUL 26,25050.0,1.0,,,NSE_INDEX|Nifty 50,NSE_INDEX|Nifty 50,,,,,,,,,,
0.0,NSE_FO,NIFTY,NSE,1785263399000.0,PE,NIFTY,NIFTY,NSE_FO|63980,65.0,1755.0,63980,65.0,5.0,INDEX,INDEX,NIFTY 25000 PE 28 JUL 26,25000.0,1.0,,,NSE_INDEX|Nifty 50,NSE_INDEX|Nifty 50,,,,,,,,,,
0.0,NSE_FO,NIFTY,NSE,1785263399000.0,CE,NIFTY,NIFTY,NSE_FO|63979,65.0,1755.0,63979,65.0,5.0,INDEX,INDEX,NIFTY 25000 CE 28 JUL 26,25000.0,1.0,,,NSE_INDEX|Nifty 50,NSE_INDEX|Nifty 50,,,,,,,,,,
0.0,NSE_FO,NIFTY,NSE,1785263399000.0,PE,NIFTY,NIFTY,NSE_FO|63978,65.0,1755.0,63978,65.0,5.0,INDEX,INDEX,NIFTY 24950 PE 28 JUL 26,24950.0,1.0,,,NSE_INDEX|Nifty 50,NSE_INDEX|Nifty 50,,,,,,,,,,
0.0,NSE_FO,NIFTY,NSE,1785263399000.0,CE,NIFTY,NIFTY,NSE_FO|63977,65.0,1755.0,63977,65.0,5.0,INDEX,INDEX,NIFTY 24950 CE 28 JUL 26,24950.0,1.0,,,NSE_INDEX|Nifty 50,NSE_INDEX|Nifty 50,,,,,,,,,,
0.0,NSE_FO,NIFTY,NSE,1785263399000.0,PE,NIFTY,NIFTY,NSE_FO|63976,65.0,1755.0,63976,65.0,5.0,INDEX,INDEX,NIFTY 24900 PE 28 JUL 26,24900.0,1.0,,,NSE_INDEX|Nifty 50,NSE_INDEX|Nifty 50,,,,,,,,,,
0.0,NSE_FO,NIFTY,NSE,1785263399000.0,CE,NIFTY,NIFTY,NSE_FO|63975,65.0,1755.0,63975,65.0,5.0,INDEX,INDEX,NIFTY 24900 CE 28 JUL 26,24900.0,1.0,,,NSE_INDEX|Nifty 50,NSE_INDEX|Nifty 50,,,,,,,,,,
0.0,NSE_FO,NIFTY,NSE,1785263399000.0,PE,NIFTY,NIFTY,NSE_FO|63974,65.0,1755.0,63974,65.0,5.0,INDEX,INDEX,NIFTY 24850 PE 28 JUL 26,24850.0,1.0,,,NSE_INDEX|Nifty 50,NSE_INDEX|Nifty 50,,,,,,,,,,
0.0,NSE_FO,NIFTY,NSE,1785263399000.0,CE,NIFTY,NIFTY,NSE_FO|63973,65.0,1755.0,63973,65.0,5.0,INDEX,INDEX,NIFTY 24850 CE 28 JUL 26,24850.0,1.0,,,NSE_INDEX|Nifty 50,NSE_INDEX|Nifty 50,,,,,,,,,,
0.0,NSE_FO,NIFTY,NSE,1785263399000.0,PE,NIFTY,NIFTY,NSE_FO|63972,65.0,1755.0,63972,65.0,5.0,INDEX,INDEX,NIFTY 24800 PE 28 JUL 26,24800.0,1.0,,,NSE_INDEX|Nifty 50,NSE_INDEX|Nifty 50,,,,,,,,,,
0.0,NSE_FO,NIFTY,NSE,1785263399000.0,CE,NIFTY,NIFTY,NSE_FO|63971,65.0,1755.0,63971,65.0,5.0,INDEX,INDEX,NIFTY 24800 CE 28 JUL 26,24800.0,1.0,,,NSE_INDEX|Nifty 50,NSE_INDEX|Nifty 50,,,,,,,,,,
0.0,NSE_FO,NIFTY,NSE,1785263399000.0,PE,NIFTY,NIFTY,NSE_FO|63970,65.0,1755.0,63970,65.0,5.0,INDEX,INDEX,NIFTY 24750 PE 28 JUL 26,24750.0,1.0,,,NSE_INDEX|Nifty 50,NSE_INDEX|Nifty 50,,,,,,,,,,
0.0,NSE_FO,NIFTY,NSE,1798568999000.0,CE,NIFTY,NIFTY,NSE_FO|58640,65.0,1755.0,58640,65.0,5.0,INDEX,INDEX,NIFTY 18000 CE 29 DEC 26,18000.0,1.0,,,NSE_INDEX|Nifty 50,NSE_INDEX|Nifty 50,,,,,,,,,,
0.0,NSE_FO,NIFTY,NSE,1798568999000.0,CE,NIFTY,NIFTY,NSE_FO|58644,65.0,1755.0,58644,65.0,5.0,INDEX,INDEX,NIFTY 20000 CE 29 DEC 26,20000.0,1.0,,,NSE_INDEX|Nifty 50,NSE_INDEX|Nifty 50,,,,,,,,,,
0.0,NSE_FO,NIFTY,NSE,1798568999000.0,PE,NIFTY,NIFTY,NSE_FO|58643,65.0,1755.0,58643,65.0,5.0,INDEX,INDEX,NIFTY 19000 PE 29 DEC 26,19000.0,1.0,,,NSE_INDEX|Nifty 50,NSE_INDEX|Nifty 50,,,,,,,,,,
0.0,NSE_FO,NIFTY,NSE,1798568999000.0,CE,NIFTY,NIFTY,NSE_FO|58642,65.0,1755.0,58642,65.0,5.0,INDEX,INDEX,NIFTY 19000 CE 29 DEC 26,19000.0,1.0,,,NSE_INDEX|Nifty 50,NSE_INDEX|Nifty 50,,,,,,,,,,
0.0,NSE_FO,NIFTY,NSE,1798568999000.0,PE,NIFTY,NIFTY,NSE_FO|58641,65.0,1755.0,58641,65.0,5.0,INDEX,INDEX,NIFTY 18000 PE 29 DEC 26,18000.0,1.0,,,NSE_INDEX|Nifty 50,NSE_INDEX|Nifty 50,,,,,,,,,,
0.0,NSE_FO,NIFTY,NSE,1798568999000.0,PE,NIFTY,NIFTY,NSE_FO|58637,65.0,1755.0,58637,65.0,5.0,INDEX,INDEX,NIFTY 16000 PE 29 DEC 26,16000.0,1.0,,,NSE_INDEX|Nifty 50,NSE_INDEX|Nifty 50,,,,,,,,,,
0.0,NSE_FO,NIFTY,NSE,1798568999000.0,CE,NIFTY,NIFTY,NSE_FO|58636,65.0,1755.0,58636,65.0,5.0,INDEX,INDEX,NIFTY 16000 CE 29 DEC 26,16000.0,1.0,,,NSE_INDEX|Nifty 50,NSE_INDEX|Nifty 50,,,,,,,,,,
0.0,NSE_FO,NIFTY,NSE,1798568999000.0,PE,NIFTY,NIFTY,NSE_FO|58635,65.0,1755.0,58635,65.0,5.0,INDEX,INDEX,NIFTY 15000 PE 29 DEC 26,15000.0,1.0,,,NSE_INDEX|Nifty 50,NSE_INDEX|Nifty 50,,,,,,,,,,
0.0,NSE_FO,NIFTY,NSE,1798568999000.0,CE,NIFTY,NIFTY,NSE_FO|58634,65.0,1755.0,58634,65.0,5.0,INDEX,INDEX,NIFTY 15000 CE 29 DEC 26,15000.0,1.0,,,NSE_INDEX|Nifty 50,NSE_INDEX|Nifty 50,,,,,,,,,,
0.0,NSE_FO,NIFTY,NSE,1798568999000.0,PE,NIFTY,NIFTY,NSE_FO|58639,65.0,1755.0,58639,65.0,5.0,INDEX,INDEX,NIFTY 17000 PE 29 DEC 26,17000.0,1.0,,,NSE_INDEX|Nifty 50,NSE_INDEX|Nifty 50,,,,,,,,,,
0.0,NSE_FO,NIFTY,NSE,1798568999000.0,PE,NIFTY,NIFTY,NSE_FO|58633,65.0,1755.0,58633,65.0,5.0,INDEX,INDEX,NIFTY 14000 PE 29 DEC 26,14000.0,1.0,,,NSE_INDEX|Nifty 50,NSE_INDEX|Nifty 50,,,,,,,,,,
0.0,NSE_FO,NIFTY,NSE,1798568999000.0,PE,NIFTY,NIFTY,NSE_FO|58631,65.0,1755.0,58631,65.0,5.0,INDEX,INDEX,NIFTY 13000 PE 29 DEC 26,13000.0,1.0,,,NSE_INDEX|Nifty 50,NSE_INDEX|Nifty 50,,,,,,,,,,
0.0,NSE_FO,NIFTY,NSE,1782844199000.0,PE,NIFTY,NIFTY,NSE_FO|58625,65.0,1755.0,58625,65.0,5.0,INDEX,INDEX,NIFTY 12000 PE 30 JUN 26,12000.0,1.0,,,NSE_INDEX|Nifty 50,NSE_INDEX|Nifty 50,,,,,,,,,,
0.0,NSE_FO,NIFTY,NSE,1782844199000.0,CE,NIFTY,NIFTY,NSE_FO|58624,65.0,1755.0,58624,65.0,5.0,INDEX,INDEX,NIFTY 12000 CE 30 JUN 26,12000.0,1.0,,,NSE_INDEX|Nifty 50,NSE_INDEX|Nifty 50,,,,,,,,,,
0.0,NSE_FO,NIFTY,NSE,1798568999000.0,PE,NIFTY,NIFTY,NSE_FO|58629,65.0,1755.0,58629,65.0,5.0,INDEX,INDEX,NIFTY 12000 PE 29 DEC 26,12000.0,1.0,,,NSE_INDEX|Nifty 50,NSE_INDEX|Nifty 50,,,,,,,,,,
0.0,NSE_FO,NIFTY,NSE,1782844199000.0,PE,NIFTY,NIFTY,NSE_FO|58627,65.0,1755.0,58627,65.0,5.0,INDEX,INDEX,NIFTY 22000 PE 30 JUN 26,22000.0,1.0,,,NSE_INDEX|Nifty 50,NSE_INDEX|Nifty 50,,,,,,,,,,
0.0,NSE_FO,NIFTY,NSE,1798568999000.0,CE,NIFTY,NIFTY,NSE_FO|58648,65.0,1755.0,58648,65.0,5.0,INDEX,INDEX,NIFTY 22000 CE 29 DEC 26,22000.0,1.0,,,NSE_INDEX|Nifty 50,NSE_INDEX|Nifty 50,,,,,,,,,,
0.0,NSE_FO,NIFTY,NSE,1798568999000.0,PE,NIFTY,NIFTY,NSE_FO|58647,65.0,1755.0,58647,65.0,5.0,INDEX,INDEX,NIFTY 21000 PE 29 DEC 26,21000.0,1.0,,,NSE_INDEX|Nifty 50,NSE_INDEX|Nifty 50,,,,,,,,,,
0.0,NSE_FO,NIFTY,NSE,1798568999000.0,CE,NIFTY,NIFTY,NSE_FO|58646,65.0,1755.0,58646,65.0,5.0,INDEX,INDEX,NIFTY 21000 CE 29 DEC 26,21000.0,1.0,,,NSE_INDEX|Nifty 50,NSE_INDEX|Nifty 50,,,,,,,,,,
0.0,NSE_FO,NIFTY,NSE,1798568999000.0,PE,NIFTY,NIFTY,NSE_FO|58645,65.0,1755.0,58645,65.0,5.0,INDEX,INDEX,NIFTY 20000 PE 29 DEC 26,20000.0,1.0,,,NSE_INDEX|Nifty 50,NSE_INDEX|Nifty 50,,,,,,,,,,
0.0,NSE_FO,NIFTY,NSE,1798568999000.0,PE,NIFTY,NIFTY,NSE_FO|58649,65.0,1755.0,58649,65.0,5.0,INDEX,INDEX,NIFTY 22000 PE 29 DEC 26,22000.0,1.0,,,NSE_INDEX|Nifty 50,NSE_INDEX|Nifty 50,,,,,,,,,,
0.0,NSE_FO,NIFTY,NSE,1785263399000.0,CE,NIFTY,NIFTY,NSE_FO|64023,65.0,1755.0,64023,65.0,5.0,INDEX,INDEX,NIFTY 25950 CE 28 JUL 26,25950.0,1.0,,,NSE_INDEX|Nifty 50,NSE_INDEX|Nifty 50,,,,,,,,,,
0.0,NSE_FO,NIFTY,NSE,1785263399000.0,PE,NIFTY,NIFTY,NSE_FO|64022,65.0,1755.0,64022,65.0,5.0,INDEX,INDEX,NIFTY 25900 PE 28 JUL 26,25900.0,1.0,,,NSE_INDEX|Nifty 50,NSE_INDEX|Nifty 50,,,,,,,,,,
0.0,NSE_FO,NIFTY,NSE,1785263399000.0,CE,NIFTY,NIFTY,NSE_FO|64021,65.0,1755.0,64021,65.0,5.0,INDEX,INDEX,NIFTY 25900 CE 28 JUL 26,25900.0,1.0,,,NSE_INDEX|Nifty 50,NSE_INDEX|Nifty 50,,,,,,,,,,
0.0,NSE_FO,NIFTY,NSE,1785263399000.0,PE,NIFTY,NIFTY,NSE_FO|64018,65.0,1755.0,64018,65.0,5.0,INDEX,INDEX,NIFTY 25850 PE 28 JUL 26,25850.0,1.0,,,NSE_INDEX|Nifty 50,NSE_INDEX|Nifty 50,,,,,,,,,,
0.0,NSE_FO,NIFTY,NSE,1785263399000.0,CE,NIFTY,NIFTY,NSE_FO|64017,65.0,1755.0,64017,65.0,5.0,INDEX,INDEX,NIFTY 25850 CE 28 JUL 26,25850.0,1.0,,,NSE_INDEX|Nifty 50,NSE_INDEX|Nifty 50,,,,,,,,,,
0.0,NSE_FO,NIFTY,NSE,1785263399000.0,PE,NIFTY,NIFTY,NSE_FO|64016,65.0,1755.0,64016,65.0,5.0,INDEX,INDEX,NIFTY 25800 PE 28 JUL 26,25800.0,1.0,,,NSE_INDEX|Nifty 50,NSE_INDEX|Nifty 50,,,,,,,,,,
0.0,NSE_FO,NIFTY,NSE,1785263399000.0,CE,NIFTY,NIFTY,NSE_FO|64015,65.0,1755.0,64015,65.0,5.0,INDEX,INDEX,NIFTY 25800 CE 28 JUL 26,25800.0,1.0,,,NSE_INDEX|Nifty 50,NSE_INDEX|Nifty 50,,,,,,,,,,
0.0,NSE_FO,NIFTY,NSE,1785263399000.0,PE,NIFTY,NIFTY,NSE_FO|64014,65.0,1755.0,64014,65.0,5.0,INDEX,INDEX,NIFTY 25750 PE 28 JUL 26,25750.0,1.0,,,NSE_INDEX|Nifty 50,NSE_INDEX|Nifty 50,,,,,,,,,,
0.0,NSE_FO,NIFTY,NSE,1785263399000.0,CE,NIFTY,NIFTY,NSE_FO|64013,65.0,1755.0,64013,65.0,5.0,INDEX,INDEX,NIFTY 25750 CE 28 JUL 26,25750.0,1.0,,,NSE_INDEX|Nifty 50,NSE_INDEX|Nifty 50,,,,,,,,,,
0.0,NSE_FO,NIFTY,NSE,1785263399000.0,PE,NIFTY,NIFTY,NSE_FO|64011,65.0,1755.0,64011,65.0,5.0,INDEX,INDEX,NIFTY 25700 PE 28 JUL 26,25700.0,1.0,,,NSE_INDEX|Nifty 50,NSE_INDEX|Nifty 50,,,,,,,,,,
0.0,NSE_FO,NIFTY,NSE,1785263399000.0,CE,NIFTY,NIFTY,NSE_FO|64010,65.0,1755.0,64010,65.0,5.0,INDEX,INDEX,NIFTY 25700 CE 28 JUL 26,25700.0,1.0,,,NSE_INDEX|Nifty 50,NSE_INDEX|Nifty 50,,,,,,,,,,
0.0,NSE_FO,NIFTY,NSE,1785263399000.0,PE,NIFTY,NIFTY,NSE_FO|64009,65.0,1755.0,64009,65.0,5.0,INDEX,INDEX,NIFTY 25650 PE 28 JUL 26,25650.0,1.0,,,NSE_INDEX|Nifty 50,NSE_INDEX|Nifty 50,,,,,,,,,,
0.0,NSE_FO,NIFTY,NSE,1785263399000.0,CE,NIFTY,NIFTY,NSE_FO|64008,65.0,1755.0,64008,65.0,5.0,INDEX,INDEX,NIFTY 25650 CE 28 JUL 26,25650.0,1.0,,,NSE_INDEX|Nifty 50,NSE_INDEX|Nifty 50,,,,,,,,,,
0.0,NSE_FO,NIFTY,NSE,1785263399000.0,PE,NIFTY,NIFTY,NSE_FO|64007,65.0,1755.0,64007,65.0,5.0,INDEX,INDEX,NIFTY 25600 PE 28 JUL 26,25600.0,1.0,,,NSE_INDEX|Nifty 50,NSE_INDEX|Nifty 50,,,,,,,,,,
0.0,NSE_FO,NIFTY,NSE,1785263399000.0,CE,NIFTY,NIFTY,NSE_FO|64006,65.0,1755.0,64006,65.0,5.0,INDEX,INDEX,NIFTY 25600 CE 28 JUL 26,25600.0,1.0,,,NSE_INDEX|Nifty 50,NSE_INDEX|Nifty 50,,,,,,,,,,
0.0,NSE_FO,NIFTY,NSE,1785263399000.0,PE,NIFTY,NIFTY,NSE_FO|64005,65.0,1755.0,64005,65.0,5.0,INDEX,INDEX,NIFTY 25550 PE 28 JUL 26,25550.0,1.0,,,NSE_INDEX|Nifty 50,NSE_INDEX|Nifty 50,,,,,,,,,,
0.0,NSE_FO,NIFTY,NSE,1785263399000.0,CE,NIFTY,NIFTY,NSE_FO|64004,65.0,1755.0,64004,65.0,5.0,INDEX,INDEX,NIFTY 25550 CE 28 JUL 26,25550.0,1.0,,,NSE_INDEX|Nifty 50,NSE_INDEX|Nifty 50,,,,,,,,,,
0.0,NSE_FO,NIFTY,NSE,1785263399000.0,PE,NIFTY,NIFTY,NSE_FO|64003,65.0,1755.0,64003,65.0,5.0,INDEX,INDEX,NIFTY 25500 PE 28 JUL 26,25500.0,1.0,,,NSE_INDEX|Nifty 50,NSE_INDEX|Nifty 50,,,,,,,,,,
0.0,NSE_FO,NIFTY,NSE,1785263399000.0,CE,NIFTY,NIFTY,NSE_FO|64002,65.0,1755.0,64002,65.0,5.0,INDEX,INDEX,NIFTY 25500 CE 28 JUL 26,25500.0,1.0,,,NSE_INDEX|Nifty 50,NSE_INDEX|Nifty 50,,,,,,,,,,
0.0,NSE_FO,NIFTY,NSE,1785263399000.0,PE,NIFTY,NIFTY,NSE_FO|64030,65.0,1755.0,64030,65.0,5.0,INDEX,INDEX,NIFTY 26100 PE 28 JUL 26,26100.0,1.0,,,NSE_INDEX|Nifty 50,NSE_INDEX|Nifty 50,,,,,,,,,,
0.0,NSE_FO,NIFTY,NSE,1785263399000.0,CE,NIFTY,NIFTY,NSE_FO|64029,65.0,1755.0,64029,65.0,5.0,INDEX,INDEX,NIFTY 26100 CE 28 JUL 26,26100.0,1.0,,,NSE_INDEX|Nifty 50,NSE_INDEX|Nifty 50,,,,,,,,,,
0.0,NSE_FO,NIFTY,NSE,1785263399000.0,PE,NIFTY,NIFTY,NSE_FO|64028,65.0,1755.0,64028,65.0,5.0,INDEX,INDEX,NIFTY 26050 PE 28 JUL 26,26050.0,1.0,,,NSE_INDEX|Nifty 50,NSE_INDEX|Nifty 50,,,,,,,,,,
0.0,NSE_FO,NIFTY,NSE,1785263399000.0,CE,NIFTY,NIFTY,NSE_FO|64027,65.0,1755.0,64027,65.0,5.0,INDEX,INDEX,NIFTY 26050 CE 28 JUL 26,26050.0,1.0,,,NSE_INDEX|Nifty 50,NSE_INDEX|Nifty 50,,,,,,,,,,
0.0,NSE_FO,NIFTY,NSE,1785263399000.0,PE,NIFTY,NIFTY,NSE_FO|64026,65.0,1755.0,64026,65.0,5.0,INDEX,INDEX,NIFTY 26000 PE 28 JUL 26,26000.0,1.0,,,NSE_INDEX|Nifty 50,NSE_INDEX|Nifty 50,,,,,,,,,,
0.0,NSE_FO,NIFTY,NSE,1785263399000.0,CE,NIFTY,NIFTY,NSE_FO|64025,65.0,1755.0,64025,65.0,5.0,INDEX,INDEX,NIFTY 26000 CE 28 JUL 26,26000.0,1.0,,,NSE_INDEX|Nifty 50,NSE_INDEX|Nifty 50,,,,,,,,,,
0.0,NSE_FO,NIFTY,NSE,1785263399000.0,PE,NIFTY,NIFTY,NSE_FO|64024,65.0,1755.0,64024,65.0,5.0,INDEX,INDEX,NIFTY 25950 PE 28 JUL 26,25950.0,1.0,,,NSE_INDEX|Nifty 50,NSE_INDEX|Nifty 50,,,,,,,,,,
0.0,NSE_FO,NIFTY,NSE,1785263399000.0,PE,NIFTY,NIFTY,NSE_FO|64001,65.0,1755.0,64001,65.0,5.0,INDEX,INDEX,NIFTY 25450 PE 28 JUL 26,25450.0,1.0,,,NSE_INDEX|Nifty 50,NSE_INDEX|Nifty 50,,,,,,,,,,
0.0,NSE_FO,NIFTY,NSE,1785263399000.0,CE,NIFTY,NIFTY,NSE_FO|64000,65.0,1755.0,64000,65.0,5.0,INDEX,INDEX,NIFTY 25450 CE 28 JUL 26,25450.0,1.0,,,NSE_INDEX|Nifty 50,NSE_INDEX|Nifty 50,,,,,,,,,,
1.0,NSE_FO,NIFTY,NSE,1781634599000.0,CE,NIFTY,NIFTY,NSE_FO|50519,65.0,1755.0,50519,65.0,5.0,INDEX,INDEX,NIFTY 22600 CE 16 JUN 26,22600.0,1.0,,,NSE_INDEX|Nifty 50,NSE_INDEX|Nifty 50,,,,,,,,,,
1.0,NSE_FO,NIFTY,NSE,1781634599000.0,PE,NIFTY,NIFTY,NSE_FO|50518,65.0,1755.0,50518,65.0,5.0,INDEX,INDEX,NIFTY 22550 PE 16 JUN 26,22550.0,1.0,,,NSE_INDEX|Nifty 50,NSE_INDEX|Nifty 50,,,,,,,,,,
1.0,NSE_FO,NIFTY,NSE,1781634599000.0,CE,NIFTY,NIFTY,NSE_FO|50517,65.0,1755.0,50517,65.0,5.0,INDEX,INDEX,NIFTY 22550 CE 16 JUN 26,22550.0,1.0,,,NSE_INDEX|Nifty 50,NSE_INDEX|Nifty 50,,,,,,,,,,
1.0,NSE_FO,NIFTY,NSE,1781634599000.0,PE,NIFTY,NIFTY,NSE_FO|50512,65.0,1755.0,50512,65.0,5.0,INDEX,INDEX,NIFTY 22500 PE 16 JUN 26,22500.0,1.0,,,NSE_INDEX|Nifty 50,NSE_INDEX|Nifty 50,,,,,,,,,,
1.0,NSE_FO,NIFTY,NSE,1781634599000.0,CE,NIFTY,NIFTY,NSE_FO|50511,65.0,1755.0,50511,65.0,5.0,INDEX,INDEX,NIFTY 22500 CE 16 JUN 26,22500.0,1.0,,,NSE_INDEX|Nifty 50,NSE_INDEX|Nifty 50,,,,,,,,,,
1.0,NSE_FO,NIFTY,NSE,1781634599000.0,PE,NIFTY,NIFTY,NSE_FO|50510,65.0,1755.0,50510,65.0,5.0,INDEX,INDEX,NIFTY 22450 PE 16 JUN 26,22450.0,1.0,,,NSE_INDEX|Nifty 50,NSE_INDEX|Nifty 50,,,,,,,,,,
1.0,NSE_FO,NIFTY,NSE,1781634599000.0,CE,NIFTY,NIFTY,NSE_FO|50509,65.0,1755.0,50509,65.0,5.0,INDEX,INDEX,NIFTY 22450 CE 16 JUN 26,22450.0,1.0,,,NSE_INDEX|Nifty 50,NSE_INDEX|Nifty 50,,,,,,,,,,
1.0,NSE_FO,NIFTY,NSE,1781634599000.0,PE,NIFTY,NIFTY,NSE_FO|50504,65.0,1755.0,50504,65.0,5.0,INDEX,INDEX,NIFTY 22400 PE 16 JUN 26,22400.0,1.0,,,NSE_INDEX|Nifty 50,NSE_INDEX|Nifty 50,,,,,,,,,,
1.0,NSE_FO,NIFTY,NSE,1781634599000.0,CE,NIFTY,NIFTY,NSE_FO|50503,65.0,1755.0,50503,65.0,5.0,INDEX,INDEX,NIFTY 22400 CE 16 JUN 26,22400.0,1.0,,,NSE_INDEX|Nifty 50,NSE_INDEX|Nifty 50,,,,,,,,,,
1.0,NSE_FO,NIFTY,NSE,1781634599000.0,PE,NIFTY,NIFTY,NSE_FO|50577,65.0,1755.0,50577,65.0,5.0,INDEX,INDEX,NIFTY 23450 PE 16 JUN 26,23450.0,1.0,,,NSE_INDEX|Nifty 50,NSE_INDEX|Nifty 50,,,,,,,,,,
1.0,NSE_FO,NIFTY,NSE,1781634599000.0,CE,NIFTY,NIFTY,NSE_FO|50576,65.0,1755.0,50576,65.0,5.0,INDEX,INDEX,NIFTY 23450 CE 16 JUN 26,23450.0,1.0,,,NSE_INDEX|Nifty 50,NSE_INDEX|Nifty 50,,,,,,,,,,
1.0,NSE_FO,NIFTY,NSE,1781634599000.0,PE,NIFTY,NIFTY,NSE_FO|50575,65.0,1755.0,50575,65.0,5.0,INDEX,INDEX,NIFTY 23400 PE 16 JUN 26,23400.0,1.0,,,NSE_INDEX|Nifty 50,NSE_INDEX|Nifty 50,,,,,,,,,,
1.0,NSE_FO,NIFTY,NSE,1781634599000.0,CE,NIFTY,NIFTY,NSE_FO|50574,65.0,1755.0,50574,65.0,5.0,INDEX,INDEX,NIFTY 23400 CE 16 JUN 26,23400.0,1.0,,,NSE_INDEX|Nifty 50,NSE_INDEX|Nifty 50,,,,,,,,,,
1.0,NSE_FO,NIFTY,NSE,1781634599000.0,PE,NIFTY,NIFTY,NSE_FO|50573,65.0,1755.0,50573,65.0,5.0,INDEX,INDEX,NIFTY 23350 PE 16 JUN 26,23350.0,1.0,,,NSE_INDEX|Nifty 50,NSE_INDEX|Nifty 50,,,,,,,,,,
1.0,NSE_FO,NIFTY,NSE,1781634599000.0,CE,NIFTY,NIFTY,NSE_FO|50572,65.0,1755.0,50572,65.0,5.0,INDEX,INDEX,NIFTY 23350 CE 16 JUN 26,23350.0,1.0,,,NSE_INDEX|Nifty 50,NSE_INDEX|Nifty 50,,,,,,,,,,
1.0,NSE_FO,NIFTY,NSE,1781634599000.0,PE,NIFTY,NIFTY,NSE_FO|50571,65.0,1755.0,50571,65.0,5.0,INDEX,INDEX,NIFTY 23300 PE 16 JUN 26,23300.0,1.0,,,NSE_INDEX|Nifty 50,NSE_INDEX|Nifty 50,,,,,,,,,,
1.0,NSE_FO,NIFTY,NSE,1781634599000.0,PE,NIFTY,NIFTY,NSE_FO|50569,65.0,1755.0,50569,65.0,5.0,INDEX,INDEX,NIFTY 23250 PE 16 JUN 26,23250.0,1.0,,,NSE_INDEX|Nifty 50,NSE_INDEX|Nifty 50,,,,,,,,,,
1.0,NSE_FO,NIFTY,NSE,1781634599000.0,CE,NIFTY,NIFTY,NSE_FO|50568,65.0,1755.0,50568,65.0,5.0,INDEX,INDEX,NIFTY 23250 CE 16 JUN 26,23250.0,1.0,,,NSE_INDEX|Nifty 50,NSE_INDEX|Nifty 50,,,,,,,,,,
1.0,NSE_FO,NIFTY,NSE,1781634599000.0,PE,NIFTY,NIFTY,NSE_FO|50566,65.0,1755.0,50566,65.0,5.0,INDEX,INDEX,NIFTY 23200 PE 16 JUN 26,23200.0,1.0,,,NSE_INDEX|Nifty 50,NSE_INDEX|Nifty 50,,,,,,,,,,
1.0,NSE_FO,NIFTY,NSE,1781634599000.0,CE,NIFTY,NIFTY,NSE_FO|50565,65.0,1755.0,50565,65.0,5.0,INDEX,INDEX,NIFTY 23200 CE 16 JUN 26,23200.0,1.0,,,NSE_INDEX|Nifty 50,NSE_INDEX|Nifty 50,,,,,,,,,,
1.0,NSE_FO,NIFTY,NSE,1781634599000.0,PE,NIFTY,NIFTY,NSE_FO|50564,65.0,1755.0,50564,65.0,5.0,INDEX,INDEX,NIFTY 23150 PE 16 JUN 26,23150.0,1.0,,,NSE_INDEX|Nifty 50,NSE_INDEX|Nifty 50,,,,,,,,,,
1.0,NSE_FO,NIFTY,NSE,1781634599000.0,CE,NIFTY,NIFTY,NSE_FO|50563,65.0,1755.0,50563,65.0,5.0,INDEX,INDEX,NIFTY 23150 CE 16 JUN 26,23150.0,1.0,,,NSE_INDEX|Nifty 50,NSE_INDEX|Nifty 50,,,,,,,,,,
1.0,NSE_FO,NIFTY,NSE,1781634599000.0,PE,NIFTY,NIFTY,NSE_FO|50562,65.0,1755.0,50562,65.0,5.0,INDEX,INDEX,NIFTY 23100 PE 16 JUN 26,23100.0,1.0,,,NSE_INDEX|Nifty 50,NSE_INDEX|Nifty 50,,,,,,,,,,
1.0,NSE_FO,NIFTY,NSE,1781634599000.0,CE,NIFTY,NIFTY,NSE_FO|50561,65.0,1755.0,50561,65.0,5.0,INDEX,INDEX,NIFTY 23100 CE 16 JUN 26,23100.0,1.0,,,NSE_INDEX|Nifty 50,NSE_INDEX|Nifty 50,,,,,,,,,,
1.0,NSE_FO,NIFTY,NSE,1781634599000.0,CE,NIFTY,NIFTY,NSE_FO|50570,65.0,1755.0,50570,65.0,5.0,INDEX,INDEX,NIFTY 23300 CE 16 JUN 26,23300.0,1.0,,,NSE_INDEX|Nifty 50,NSE_INDEX|Nifty 50,,,,,,,,,,
1.0,NSE_FO,NIFTY,NSE,1781634599000.0,PE,NIFTY,NIFTY,NSE_FO|50594,65.0,1755.0,50594,65.0,5.0,INDEX,INDEX,NIFTY 23600 PE 16 JUN 26,23600.0,1.0,,,NSE_INDEX|Nifty 50,NSE_INDEX|Nifty 50,,,,,,,,,,
1.0,NSE_FO,NIFTY,NSE,1781634599000.0,CE,NIFTY,NIFTY,NSE_FO|50593,65.0,1755.0,50593,65.0,5.0,INDEX,INDEX,NIFTY 23600 CE 16 JUN 26,23600.0,1.0,,,NSE_INDEX|Nifty 50,NSE_INDEX|Nifty 50,,,,,,,,,,
1.0,NSE_FO,NIFTY,NSE,1781634599000.0,PE,NIFTY,NIFTY,NSE_FO|50586,65.0,1755.0,50586,65.0,5.0,INDEX,INDEX,NIFTY 23500 PE 16 JUN 26,23500.0,1.0,,,NSE_INDEX|Nifty 50,NSE_INDEX|Nifty 50,,,,,,,,,,
1.0,NSE_FO,NIFTY,NSE,1781634599000.0,CE,NIFTY,NIFTY,NSE_FO|50585,65.0,1755.0,50585,65.0,5.0,INDEX,INDEX,NIFTY 23500 CE 16 JUN 26,23500.0,1.0,,,NSE_INDEX|Nifty 50,NSE_INDEX|Nifty 50,,,,,,,,,,
1.0,NSE_FO,NIFTY,NSE,1781634599000.0,PE,NIFTY,NIFTY,NSE_FO|50592,65.0,1755.0,50592,65.0,5.0,INDEX,INDEX,NIFTY 23550 PE 16 JUN 26,23550.0,1.0,,,NSE_INDEX|Nifty 50,NSE_INDEX|Nifty 50,,,,,,,,,,
1.0,NSE_FO,NIFTY,NSE,1781634599000.0,CE,NIFTY,NIFTY,NSE_FO|50591,65.0,1755.0,50591,65.0,5.0,INDEX,INDEX,NIFTY 23550 CE 16 JUN 26,23550.0,1.0,,,NSE_INDEX|Nifty 50,NSE_INDEX|Nifty 50,,,,,,,,,,
1.0,NSE_FO,NIFTY,NSE,1781634599000.0,PE,NIFTY,NIFTY,NSE_FO|50539,65.0,1755.0,50539,65.0,5.0,INDEX,INDEX,NIFTY 22900 PE 16 JUN 26,22900.0,1.0,,,NSE_INDEX|Nifty 50,NSE_INDEX|Nifty 50,,,,,,,,,,
1.0,NSE_FO,NIFTY,NSE,1781634599000.0,CE,NIFTY,NIFTY,NSE_FO|50538,65.0,1755.0,50538,65.0,5.0,INDEX,INDEX,NIFTY 22900 CE 16 JUN 26,22900.0,1.0,,,NSE_INDEX|Nifty 50,NSE_INDEX|Nifty 50,,,,,,,,,,
1.0,NSE_FO,NIFTY,NSE,1781634599000.0,PE,NIFTY,NIFTY,NSE_FO|50535,65.0,1755.0,50535,65.0,5.0,INDEX,INDEX,NIFTY 22850 PE 16 JUN 26,22850.0,1.0,,,NSE_INDEX|Nifty 50,NSE_INDEX|Nifty 50,,,,,,,,,,
1.0,NSE_FO,NIFTY,NSE,1781634599000.0,CE,NIFTY,NIFTY,NSE_FO|50534,65.0,1755.0,50534,65.0,5.0,INDEX,INDEX,NIFTY 22850 CE 16 JUN 26,22850.0,1.0,,,NSE_INDEX|Nifty 50,NSE_INDEX|Nifty 50,,,,,,,,,,
1.0,NSE_FO,NIFTY,NSE,1781634599000.0,PE,NIFTY,NIFTY,NSE_FO|50533,65.0,1755.0,50533,65.0,5.0,INDEX,INDEX,NIFTY 22800 PE 16 JUN 26,22800.0,1.0,,,NSE_INDEX|Nifty 50,NSE_INDEX|Nifty 50,,,,,,,,,,
1.0,NSE_FO,NIFTY,NSE,1781634599000.0,CE,NIFTY,NIFTY,NSE_FO|50532,65.0,1755.0,50532,65.0,5.0,INDEX,INDEX,NIFTY 22800 CE 16 JUN 26,22800.0,1.0,,,NSE_INDEX|Nifty 50,NSE_INDEX|Nifty 50,,,,,,,,,,
1.0,NSE_FO,NIFTY,NSE,1781634599000.0,PE,NIFTY,NIFTY,NSE_FO|50531,65.0,1755.0,50531,65.0,5.0,INDEX,INDEX,NIFTY 22750 PE 16 JUN 26,22750.0,1.0,,,NSE_INDEX|Nifty 50,NSE_INDEX|Nifty 50,,,,,,,,,,
1.0,NSE_FO,NIFTY,NSE,1781634599000.0,CE,NIFTY,NIFTY,NSE_FO|50530,65.0,1755.0,50530,65.0,5.0,INDEX,INDEX,NIFTY 22750 CE 16 JUN 26,22750.0,1.0,,,NSE_INDEX|Nifty 50,NSE_INDEX|Nifty 50,,,,,,,,,,
1.0,NSE_FO,NIFTY,NSE,1781634599000.0,PE,NIFTY,NIFTY,NSE_FO|50527,65.0,1755.0,50527,65.0,5.0,INDEX,INDEX,NIFTY 22700 PE 16 JUN 26,22700.0,1.0,,,NSE_INDEX|Nifty 50,NSE_INDEX|Nifty 50,,,,,,,,,,
1.0,NSE_FO,NIFTY,NSE,1781634599000.0,CE,NIFTY,NIFTY,NSE_FO|50523,65.0,1755.0,50523,65.0,5.0,INDEX,INDEX,NIFTY 22700 CE 16 JUN 26,22700.0,1.0,,,NSE_INDEX|Nifty 50,NSE_INDEX|Nifty 50,,,,,,,,,,
1.0,NSE_FO,NIFTY,NSE,1781634599000.0,PE,NIFTY,NIFTY,NSE_FO|50522,65.0,1755.0,50522,65.0,5.0,INDEX,INDEX,NIFTY 22650 PE 16 JUN 26,22650.0,1.0,,,NSE_INDEX|Nifty 50,NSE_INDEX|Nifty 50,,,,,,,,,,
1.0,NSE_FO,NIFTY,NSE,1781634599000.0,CE,NIFTY,NIFTY,NSE_FO|50521,65.0,1755.0,50521,65.0,5.0,INDEX,INDEX,NIFTY 22650 CE 16 JUN 26,22650.0,1.0,,,NSE_INDEX|Nifty 50,NSE_INDEX|Nifty 50,,,,,,,,,,
1.0,NSE_FO,NIFTY,NSE,1781634599000.0,PE,NIFTY,NIFTY,NSE_FO|50520,65.0,1755.0,50520,65.0,5.0,INDEX,INDEX,NIFTY 22600 PE 16 JUN 26,22600.0,1.0,,,NSE_INDEX|Nifty 50,NSE_INDEX|Nifty 50,,,,,,,,,,
0.0,NSE_FO,NIFTY,NSE,1782844199000.0,PE,NIFTY,NIFTY,NSE_FO|50557,65.0,1755.0,50557,65.0,5.0,INDEX,INDEX,NIFTY 18000 PE 30 JUN 26,18000.0,1.0,,,NSE_INDEX|Nifty 50,NSE_INDEX|Nifty 50,,,,,,,,,,
0.0,NSE_FO,NIFTY,NSE,1782844199000.0,CE,NIFTY,NIFTY,NSE_FO|50556,65.0,1755.0,50556,65.0,5.0,INDEX,INDEX,NIFTY 18000 CE 30 JUN 26,18000.0,1.0,,,NSE_INDEX|Nifty 50,NSE_INDEX|Nifty 50,,,,,,,,,,
1.0,NSE_FO,NIFTY,NSE,1781634599000.0,PE,NIFTY,NIFTY,NSE_FO|50553,65.0,1755.0,50553,65.0,5.0,INDEX,INDEX,NIFTY 23050 PE 16 JUN 26,23050.0,1.0,,,NSE_INDEX|Nifty 50,NSE_INDEX|Nifty 50,,,,,,,,,,
1.0,NSE_FO,NIFTY,NSE,1781634599000.0,CE,NIFTY,NIFTY,NSE_FO|50552,65.0,1755.0,50552,65.0,5.0,INDEX,INDEX,NIFTY 23050 CE 16 JUN 26,23050.0,1.0,,,NSE_INDEX|Nifty 50,NSE_INDEX|Nifty 50,,,,,,,,,,
1.0,NSE_FO,NIFTY,NSE,1781634599000.0,PE,NIFTY,NIFTY,NSE_FO|50550,65.0,1755.0,50550,65.0,5.0,INDEX,INDEX,NIFTY 23000 PE 16 JUN 26,23000.0,1.0,,,NSE_INDEX|Nifty 50,NSE_INDEX|Nifty 50,,,,,,,,,,
1.0,NSE_FO,NIFTY,NSE,1781634599000.0,CE,NIFTY,NIFTY,NSE_FO|50549,65.0,1755.0,50549,65.0,5.0,INDEX,INDEX,NIFTY 23000 CE 16 JUN 26,23000.0,1.0,,,NSE_INDEX|Nifty 50,NSE_INDEX|Nifty 50,,,,,,,,,,
0.0,NSE_FO,NIFTY,NSE,1798568999000.0,PE,NIFTY,NIFTY,NSE_FO|50548,65.0,1755.0,50548,65.0,5.0,INDEX,INDEX,NIFTY 28000 PE 29 DEC 26,28000.0,1.0,,,NSE_INDEX|Nifty 50,NSE_INDEX|Nifty 50,,,,,,,,,,
0.0,NSE_FO,NIFTY,NSE,1798568999000.0,CE,NIFTY,NIFTY,NSE_FO|50547,65.0,1755.0,50547,65.0,5.0,INDEX,INDEX,NIFTY 28000 CE 29 DEC 26,28000.0,1.0,,,NSE_INDEX|Nifty 50,NSE_INDEX|Nifty 50,,,,,,,,,,
0.0,NSE_FO,NIFTY,NSE,1782844199000.0,PE,NIFTY,NIFTY,NSE_FO|50546,65.0,1755.0,50546,65.0,5.0,INDEX,INDEX,NIFTY 28000 PE 30 JUN 26,28000.0,1.0,,,NSE_INDEX|Nifty 50,NSE_INDEX|Nifty 50,,,,,,,,,,
0.0,NSE_FO,NIFTY,NSE,1782844199000.0,CE,NIFTY,NIFTY,NSE_FO|50545,65.0,1755.0,50545,65.0,5.0,INDEX,INDEX,NIFTY 28000 CE 30 JUN 26,28000.0,1.0,,,NSE_INDEX|Nifty 50,NSE_INDEX|Nifty 50,,,,,,,,,,
1.0,NSE_FO,NIFTY,NSE,1781634599000.0,PE,NIFTY,NIFTY,NSE_FO|50543,65.0,1755.0,50543,65.0,5.0,INDEX,INDEX,NIFTY 22950 PE 16 JUN 26,22950.0,1.0,,,NSE_INDEX|Nifty 50,NSE_INDEX|Nifty 50,,,,,,,,,,
1.0,NSE_FO,NIFTY,NSE,1781634599000.0,CE,NIFTY,NIFTY,NSE_FO|50542,65.0,1755.0,50542,65.0,5.0,INDEX,INDEX,NIFTY 22950 CE 16 JUN 26,22950.0,1.0,,,NSE_INDEX|Nifty 50,NSE_INDEX|Nifty 50,,,,,,,,,,
1.0,NSE_FO,NIFTY,NSE,1781634599000.0,CE,NIFTY,NIFTY,NSE_FO|50460,65.0,1755.0,50460,65.0,5.0,INDEX,INDEX,NIFTY 21650 CE 16 JUN 26,21650.0,1.0,,,NSE_INDEX|Nifty 50,NSE_INDEX|Nifty 50,,,,,,,,,,
0.0,NSE_FO,NIFTY,NSE,1782844199000.0,PE,NIFTY,NIFTY,NSE_FO|50448,65.0,1755.0,50448,65.0,5.0,INDEX,INDEX,NIFTY 15000 PE 30 JUN 26,15000.0,1.0,,,NSE_INDEX|Nifty 50,NSE_INDEX|Nifty 50,,,,,,,,,,
0.0,NSE_FO,NIFTY,NSE,1782844199000.0,CE,NIFTY,NIFTY,NSE_FO|50447,65.0,1755.0,50447,65.0,5.0,INDEX,INDEX,NIFTY 15000 CE 30 JUN 26,15000.0,1.0,,,NSE_INDEX|Nifty 50,NSE_INDEX|Nifty 50,,,,,,,,,,
0.0,NSE_FO,NIFTY,NSE,1782844199000.0,PE,NIFTY,NIFTY,NSE_FO|50444,65.0,1755.0,50444,65.0,5.0,INDEX,INDEX,NIFTY 14000 PE 30 JUN 26,14000.0,1.0,,,NSE_INDEX|Nifty 50,NSE_INDEX|Nifty 50,,,,,,,,,,
1.0,NSE_FO,NIFTY,NSE,1781634599000.0,CE,NIFTY,NIFTY,NSE_FO|50479,65.0,1755.0,50479,65.0,5.0,INDEX,INDEX,NIFTY 22100 CE 16 JUN 26,22100.0,1.0,,,NSE_INDEX|Nifty 50,NSE_INDEX|Nifty 50,,,,,,,,,,
1.0,NSE_FO,NIFTY,NSE,1781634599000.0,PE,NIFTY,NIFTY,NSE_FO|50478,65.0,1755.0,50478,65.0,5.0,INDEX,INDEX,NIFTY 22050 PE 16 JUN 26,22050.0,1.0,,,NSE_INDEX|Nifty 50,NSE_INDEX|Nifty 50,,,,,,,,,,
1.0,NSE_FO,NIFTY,NSE,1781634599000.0,CE,NIFTY,NIFTY,NSE_FO|50477,65.0,1755.0,50477,65.0,5.0,INDEX,INDEX,NIFTY 22050 CE 16 JUN 26,22050.0,1.0,,,NSE_INDEX|Nifty 50,NSE_INDEX|Nifty 50,,,,,,,,,,
1.0,NSE_FO,NIFTY,NSE,1781634599000.0,PE,NIFTY,NIFTY,NSE_FO|50476,65.0,1755.0,50476,65.0,5.0,INDEX,INDEX,NIFTY 22000 PE 16 JUN 26,22000.0,1.0,,,NSE_INDEX|Nifty 50,NSE_INDEX|Nifty 50,,,,,,,,,,
1.0,NSE_FO,NIFTY,NSE,1781634599000.0,CE,NIFTY,NIFTY,NSE_FO|50475,65.0,1755.0,50475,65.0,5.0,INDEX,INDEX,NIFTY 22000 CE 16 JUN 26,22000.0,1.0,,,NSE_INDEX|Nifty 50,NSE_INDEX|Nifty 50,,,,,,,,,,
1.0,NSE_FO,NIFTY,NSE,1781634599000.0,PE,NIFTY,NIFTY,NSE_FO|50474,65.0,1755.0,50474,65.0,5.0,INDEX,INDEX,NIFTY 21950 PE 16 JUN 26,21950.0,1.0,,,NSE_INDEX|Nifty 50,NSE_INDEX|Nifty 50,,,,,,,,,,
1.0,NSE_FO,NIFTY,NSE,1781634599000.0,CE,NIFTY,NIFTY,NSE_FO|50473,65.0,1755.0,50473,65.0,5.0,INDEX,INDEX,NIFTY 21950 CE 16 JUN 26,21950.0,1.0,,,NSE_INDEX|Nifty 50,NSE_INDEX|Nifty 50,,,,,,,,,,
1.0,NSE_FO,NIFTY,NSE,1781634599000.0,PE,NIFTY,NIFTY,NSE_FO|50472,65.0,1755.0,50472,65.0,5.0,INDEX,INDEX,NIFTY 21900 PE 16 JUN 26,21900.0,1.0,,,NSE_INDEX|Nifty 50,NSE_INDEX|Nifty 50,,,,,,,,,,
1.0,NSE_FO,NIFTY,NSE,1781634599000.0,PE,NIFTY,NIFTY,NSE_FO|50480,65.0,1755.0,50480,65.0,5.0,INDEX,INDEX,NIFTY 22100 PE 16 JUN 26,22100.0,1.0,,,NSE_INDEX|Nifty 50,NSE_INDEX|Nifty 50,,,,,,,,,,
1.0,NSE_FO,NIFTY,NSE,1781634599000.0,CE,NIFTY,NIFTY,NSE_FO|50469,65.0,1755.0,50469,65.0,5.0,INDEX,INDEX,NIFTY 21850 CE 16 JUN 26,21850.0,1.0,,,NSE_INDEX|Nifty 50,NSE_INDEX|Nifty 50,,,,,,,,,,
1.0,NSE_FO,NIFTY,NSE,1781634599000.0,PE,NIFTY,NIFTY,NSE_FO|50468,65.0,1755.0,50468,65.0,5.0,INDEX,INDEX,NIFTY 21800 PE 16 JUN 26,21800.0,1.0,,,NSE_INDEX|Nifty 50,NSE_INDEX|Nifty 50,,,,,,,,,,
1.0,NSE_FO,NIFTY,NSE,1781634599000.0,CE,NIFTY,NIFTY,NSE_FO|50467,65.0,1755.0,50467,65.0,5.0,INDEX,INDEX,NIFTY 21800 CE 16 JUN 26,21800.0,1.0,,,NSE_INDEX|Nifty 50,NSE_INDEX|Nifty 50,,,,,,,,,,
1.0,NSE_FO,NIFTY,NSE,1781634599000.0,PE,NIFTY,NIFTY,NSE_FO|50466,65.0,1755.0,50466,65.0,5.0,INDEX,INDEX,NIFTY 21750 PE 16 JUN 26,21750.0,1.0,,,NSE_INDEX|Nifty 50,NSE_INDEX|Nifty 50,,,,,,,,,,
1.0,NSE_FO,NIFTY,NSE,1781634599000.0,CE,NIFTY,NIFTY,NSE_FO|50465,65.0,1755.0,50465,65.0,5.0,INDEX,INDEX,NIFTY 21750 CE 16 JUN 26,21750.0,1.0,,,NSE_INDEX|Nifty 50,NSE_INDEX|Nifty 50,,,,,,,,,,
1.0,NSE_FO,NIFTY,NSE,1781634599000.0,PE,NIFTY,NIFTY,NSE_FO|50464,65.0,1755.0,50464,65.0,5.0,INDEX,INDEX,NIFTY 21700 PE 16 JUN 26,21700.0,1.0,,,NSE_INDEX|Nifty 50,NSE_INDEX|Nifty 50,,,,,,,,,,
1.0,NSE_FO,NIFTY,NSE,1781634599000.0,CE,NIFTY,NIFTY,NSE_FO|50463,65.0,1755.0,50463,65.0,5.0,INDEX,INDEX,NIFTY 21700 CE 16 JUN 26,21700.0,1.0,,,NSE_INDEX|Nifty 50,NSE_INDEX|Nifty 50,,,,,,,,,,
0.0,NSE_FO,NIFTY,NSE,1782844199000.0,PE,NIFTY,NIFTY,NSE_FO|50462,65.0,1755.0,50462,65.0,5.0,INDEX,INDEX,NIFTY 16000 PE 30 JUN 26,16000.0,1.0,,,NSE_INDEX|Nifty 50,NSE_INDEX|Nifty 50,,,,,,,,,,
1.0,NSE_FO,NIFTY,NSE,1781634599000.0,PE,NIFTY,NIFTY,NSE_FO|50461,65.0,1755.0,50461,65.0,5.0,INDEX,INDEX,NIFTY 21650 PE 16 JUN 26,21650.0,1.0,,,NSE_INDEX|Nifty 50,NSE_INDEX|Nifty 50,,,,,,,,,,
1.0,NSE_FO,NIFTY,NSE,1781634599000.0,CE,NIFTY,NIFTY,NSE_FO|50471,65.0,1755.0,50471,65.0,5.0,INDEX,INDEX,NIFTY 21900 CE 16 JUN 26,21900.0,1.0,,,NSE_INDEX|Nifty 50,NSE_INDEX|Nifty 50,,,,,,,,,,
1.0,NSE_FO,NIFTY,NSE,1781634599000.0,PE,NIFTY,NIFTY,NSE_FO|50470,65.0,1755.0,50470,65.0,5.0,INDEX,INDEX,NIFTY 21850 PE 16 JUN 26,21850.0,1.0,,,NSE_INDEX|Nifty 50,NSE_INDEX|Nifty 50,,,,,,,,,,
1.0,NSE_FO,NIFTY,NSE,1781634599000.0,PE,NIFTY,NIFTY,NSE_FO|50498,65.0,1755.0,50498,65.0,5.0,INDEX,INDEX,NIFTY 22350 PE 16 JUN 26,22350.0,1.0,,,NSE_INDEX|Nifty 50,NSE_INDEX|Nifty 50,,,,,,,,,,
1.0,NSE_FO,NIFTY,NSE,1781634599000.0,CE,NIFTY,NIFTY,NSE_FO|50497,65.0,1755.0,50497,65.0,5.0,INDEX,INDEX,NIFTY 22350 CE 16 JUN 26,22350.0,1.0,,,NSE_INDEX|Nifty 50,NSE_INDEX|Nifty 50,,,,,,,,,,
1.0,NSE_FO,NIFTY,NSE,1781634599000.0,PE,NIFTY,NIFTY,NSE_FO|50496,65.0,1755.0,50496,65.0,5.0,INDEX,INDEX,NIFTY 22300 PE 16 JUN 26,22300.0,1.0,,,NSE_INDEX|Nifty 50,NSE_INDEX|Nifty 50,,,,,,,,,,
1.0,NSE_FO,NIFTY,NSE,1781634599000.0,CE,NIFTY,NIFTY,NSE_FO|50495,65.0,1755.0,50495,65.0,5.0,INDEX,INDEX,NIFTY 22300 CE 16 JUN 26,22300.0,1.0,,,NSE_INDEX|Nifty 50,NSE_INDEX|Nifty 50,,,,,,,,,,
1.0,NSE_FO,NIFTY,NSE,1781634599000.0,PE,NIFTY,NIFTY,NSE_FO|50494,65.0,1755.0,50494,65.0,5.0,INDEX,INDEX,NIFTY 22250 PE 16 JUN 26,22250.0,1.0,,,NSE_INDEX|Nifty 50,NSE_INDEX|Nifty 50,,,,,,,,,,
1.0,NSE_FO,NIFTY,NSE,1781634599000.0,PE,NIFTY,NIFTY,NSE_FO|50486,65.0,1755.0,50486,65.0,5.0,INDEX,INDEX,NIFTY 22200 PE 16 JUN 26,22200.0,1.0,,,NSE_INDEX|Nifty 50,NSE_INDEX|Nifty 50,,,,,,,,,,
1.0,NSE_FO,NIFTY,NSE,1781634599000.0,CE,NIFTY,NIFTY,NSE_FO|50485,65.0,1755.0,50485,65.0,5.0,INDEX,INDEX,NIFTY 22200 CE 16 JUN 26,22200.0,1.0,,,NSE_INDEX|Nifty 50,NSE_INDEX|Nifty 50,,,,,,,,,,
1.0,NSE_FO,NIFTY,NSE,1781634599000.0,PE,NIFTY,NIFTY,NSE_FO|50484,65.0,1755.0,50484,65.0,5.0,INDEX,INDEX,NIFTY 22150 PE 16 JUN 26,22150.0,1.0,,,NSE_INDEX|Nifty 50,NSE_INDEX|Nifty 50,,,,,,,,,,
1.0,NSE_FO,NIFTY,NSE,1781634599000.0,CE,NIFTY,NIFTY,NSE_FO|50483,65.0,1755.0,50483,65.0,5.0,INDEX,INDEX,NIFTY 22150 CE 16 JUN 26,22150.0,1.0,,,NSE_INDEX|Nifty 50,NSE_INDEX|Nifty 50,,,,,,,,,,
1.0,NSE_FO,NIFTY,NSE,1781634599000.0,CE,NIFTY,NIFTY,NSE_FO|50493,65.0,1755.0,50493,65.0,5.0,INDEX,INDEX,NIFTY 22250 CE 16 JUN 26,22250.0,1.0,,,NSE_INDEX|Nifty 50,NSE_INDEX|Nifty 50,,,,,,,,,,
0.0,NSE_FO,NIFTY,NSE,1782844199000.0,PE,NIFTY,NIFTY,NSE_FO|39990,65.0,1755.0,39990,65.0,5.0,INDEX,INDEX,NIFTY 19000 PE 30 JUN 26,19000.0,1.0,,,NSE_INDEX|Nifty 50,NSE_INDEX|Nifty 50,,,,,,,,,,
0.0,NSE_FO,NIFTY,NSE,1782844199000.0,CE,NIFTY,NIFTY,NSE_FO|39989,65.0,1755.0,39989,65.0,5.0,INDEX,INDEX,NIFTY 19000 CE 30 JUN 26,19000.0,1.0,,,NSE_INDEX|Nifty 50,NSE_INDEX|Nifty 50,,,,,,,,,,
